					Render 0:00:00:053
*** executable info
Timestamp:     	69e75da5
Date:          	Tue Apr 21 07:21:09 2026
Command line:  	-nointro -no_interactive_asserts -stdout -crash_folder D:\PROJS\SMR\smr-harness\.state\game-crashes\20260913-003504-18d4ba38bc8d9bbc -hidden
Compiler:      	194435214, 142 (VS 2019) or newer


*** hardware info
CPU name      	Intel(R) Core(TM) i9-10900X CPU @ 3.70GHz
CPU MHz       	3696
CPU cores     	10/20
Phys. Memory   	130752 MBytes
Memory In Use  	28%
Disk Free      	90093 MBytes


*** OS info
OS:            	Windows 11
Version:       	10.0.26100 
					Render 0:00:00:054


*** Debug::Init()


					Render 0:00:00:455
Steam initialized (AppId 3215050, Beta branch ???)
SteamFilterText is unavailable for user's language and will act as a passthrough.
					Render 0:00:00:459
Drive type for game installation: SSD, savegames: SSD
Language: English
					Render 0:00:01:296
Starting hidden
					Render 0:00:03:436
*** graphics info
GPU                            	NVIDIA GeForce RTX 5090 Feature Level: 12.1 {  DoublePrecisionFloatShaderOps: 1 OutputMergerLogicOp: 1 MinPrecisionSupport: 2 TiledResourcesTier: 3 ResourceBindingTier: 3 PSSpecifiedStencilRefSupported: 0 TypedUAVLoadAdditionalFormats: 1 ROVsSupported: 1 ConservativeRasterizationTier: 3 MaxGPUVirtualAddressBitsPerResource: 40 StandardSwizzle64KBSupported: 0 CrossNodeSharingTier: 0 CrossAdapterRowMajorTextureSupported: 0 VPAndRTArrayIndexFromAnyShaderFeedingRasterizerSupportedWithoutGSEmulation: 1 ResourceHeapTier: 2 NotZeroedPools: 1 UMA: 0 UnalignedBlockTextures: 1}
API                            	d3d12
GPU Driver Version             	32.0.15.7688
GPU Driver Package Version     	576.88
GPU Dedicated Video Memory     	32101 MB
					Render 0:00:03:674

Libs: Network, Sequences, MouseTrackWin, DumbAI, MapGen, Paradox, TriggersAndEvents, Notifications, Research, Resources, DevToolsPublic, DebugAdapter 

					Render 0:00:04:105

Platform: asserts, cheats, debug, desktop, editor, goldmaster, paradox, pc, steam

						Game Task 0:00:04:113

** Entity stats:
  entities: 2920
  unique state names: 335 / 1023
  unique spot names: 370
  unique spot transforms: 19621
  max surface radius: 47680 cm

					Render 0:00:05:663
*** audio info
Audio Endpoint                 	Speakers (Realtek(R) Audio)
							Lua 0:00:05:746
Lua revision: 392284
Assets revision: 30889
Steam AppID: 3215050
Build version: 1.0.7.392284
Build branch:  Release
							Lua 0:00:05:750
[DebugAdapter] Started at 127.0.0.1:8165
							Lua 0:00:05:759
Account storage loaded successfully in 8 ms
DLC thomas loaded, lua revision 392284, assets revision 30889
							Lua 0:00:05:770
[mod] Loaded mod def Humpback Whale - Aquatic Life for Mars Seas (id HumpbackWhale, v0.00-10009) unpacked from appdata
[mod] Loaded mod def Attribute Inspector (id AttributeInspector, v0.00-014) unpacked from appdata
[mod] Loaded mod def Mute Notifications (id MuteNotifications, v0.00-060) unpacked from appdata
[mod] Loaded mod def Bridges Blender (id bridges-blender, v0.00-008) unpacked from appdata
[mod] Loaded mod def Scenario Editor (id SRM-scenario-editor, v0.00-045) unpacked from appdata
[mod] Loaded mod def Whale - Aquatic Life for Mars Seas (id Whale, v0.00-10033) unpacked from appdata
[mod] Loaded mod def Toggle Console Log Off (id TCLoff7, v1.00-005) unpacked from appdata
[mod] Loaded mod def Super Big Map (id SuperBigMap, v0.00-983) unpacked from appdata
[mod] Loaded mod def Scenario Editor Terrains (id SRM-scenario-editor-terrains, v0.00-001) unpacked from appdata
[mod] Loaded mod def Bridges (id Bridges, v0.00-099) unpacked from appdata
[mod] Loaded mod def No Wonders (id no-wonders, v0.00-001) unpacked from appdata
[mod] Loaded mod def Project Ark (id ProjectArk, v0.00-004) unpacked from appdata
[mod] Loaded mod def My Wild Pet (id MyWildPet, v0.00-005) unpacked from appdata
[mod] Loaded mod def DLSS 5 Neural Rendering - Experimental (id vzlLtM, v0.00-002) unpacked from appdata
[mod] Loaded mod def Disable All Mods (id DisableAllMods, v0.00-012) unpacked from appdata
[mod] Loaded mod def Auto Clear Rubble (id AutoClearRubble, v1.00-023) unpacked from appdata
[mod] Loaded mod def Colony Control (id ColonyControl, v0.00-014) unpacked from appdata
[mod] Loaded mod def Martian Waters Snow (id MartianWatersSnow, v0.00-407) unpacked from appdata
[mod] Loaded mod def Real Mars Terrain (id RealMarsTerrain, v0.00-007) unpacked from appdata
[mod] Loaded mod def invisible-passage-ramp (id IPRAMP, v0.00-068) unpacked from appdata
[mod] Loaded mod def insert-objects (id insert-objects, v0.00-005) unpacked from appdata
[mod] Loaded mod def Animalia - Restored Wildlife (id Animalia, v0.00-018) unpacked from appdata
[mod] Loaded mod def Filter Landing Spots (id FilterLandingSpots, v0.00-018) packed from pops
[mod] Loaded mod def Buried Cables and Pipes (id bcp, v0.00-433) unpacked from appdata
[mod] Loaded mod def Extra Maps (id ExtraMaps, v0.00-011) unpacked from appdata
[mod] Loaded mod def Rover Drive Mode (id RoverDriveMode, v0.00-195) unpacked from appdata
[mod] Loaded mod def Planet Dawn (id PlanetDawn, v1.00-193) unpacked from appdata
[mod] Loaded mod def Copy Move (id CopyMove, v0.00-001) unpacked from appdata
							Lua 0:00:07:767
Reloading done in 1981 ms
							Lua 0:00:07:768
[DebugAdapter] New connection to DebugAddapter 127.0.0.1:56147
Available DLCs: thomas(Interplanetary Codex) 
							Lua 0:00:08:658
[preset] Preset postprocess took 162 ms.
							Lua 0:00:08:766
479 / 479 particle streams loaded in 97 ms.
							Lua 0:00:08:911
[PdxSDK] Started up. Took 3125
							Lua 0:00:09:768
Received achievements from Steam.
							Lua 0:00:10:057
[mod] Loaded mod items for: TCLoff7, SuperBigMap
							Lua 0:00:10:722
[Braze] Initialized. SE: true, SB false
							Lua 0:00:10:841
[Braze] ContentCards 2/2. FullSync true. Headers nil. Retry 0
							Lua 0:00:10:890
[PdxSDKMods] Mod 147865 v 6 is up to date. Nothing to download.
							Lua 0:00:11:061
[DebugAdapter] New connection to DebugAddapter 127.0.0.1:56162
							Lua 0:00:11:244
[DebugAdapter] New connection to DebugAddapter 127.0.0.1:56164
							Lua 0:00:11:265
[DebugAdapter] Connection lost to 127.0.0.1:56162 
[DebugAdapter] Connection lost to 127.0.0.1:56147 
							Lua 0:00:11:433
[DebugAdapter] New connection to DebugAddapter 127.0.0.1:56166
							Lua 0:00:11:469
Game Seed:  v932_sweep_14134_61n136w -2532904973854117793 
							Lua 0:00:11:506
*** Reloading assets from folder 'BinAssets/'
							Lua 0:00:14:439
*** Assets reloaded in 2.9 s, read 205.5 MB, read speed 70.1 MB/s, average read 5023 bytes.
							Lua 0:00:14:440
[DebugAdapter] New connection to DebugAddapter 127.0.0.1:56168
[DebugAdapter] Connection lost to 127.0.0.1:56166 
[DebugAdapter] Connection lost to 127.0.0.1:56164 
							Lua 0:00:17:326
Map::Init: 0.34000 ms
Map::Load: 70.18000 ms
CreateMap: 70.29000 ms
							Lua 0:00:17:354
MapLoadRandom:  -4750008470359985701 
							Lua 0:00:20:675
Map (slot 1) changed to "PreGame" in 9196 ms.
							Lua 0:00:20:727
[Super Big Map][LoadingTiming] SESSION_BEGIN {destination_tiles=8192x8192, environment=Surface, hex_size=nilxnil, map=BlankTerraceBig_05, map_ref=table: 00000292DC8D7248, mapdata_size=8192x8192, reason=expanded map allocation, session=1, slot=nil, source_tiles=6144x6144}
[Super Big Map][LoadingTiming] STEP session inputs {destination_tiles=8192x8192, environment=Surface, hex_size=nilxnil, map=BlankTerraceBig_05, map_name=BlankTerraceBig_05, map_ref=table: 00000292DC8D7248, map_slot=1, mapdata_size=8192x8192, sequence=1, session=1, since_previous_ms=0, slot=nil, source_tiles=6144x6144, total_ms=0}
							Lua 0:00:20:902
[Super Big Map][LoadingTiming] STEP lifecycle: NewMapObject {destination_tiles=8192x8192, environment=Surface, hex_size=nilxnil, map=BlankTerraceBig_05, map_ref=table: 00000292DC8D7248, mapdata_size=8192x8192, sequence=2, session=1, since_previous_ms=175, slot=1, source_tiles=6144x6144, total_ms=175}
							Lua 0:00:21:774
Map::Done: 0.42000 ms
							Lua 0:00:21:999
Map::Init: 0.58000 ms
Map::Load: 214.60001 ms
CreateMap: 214.75000 ms
							Lua 0:00:22:008
[Super Big Map][LoadingTiming] STEP lifecycle: PreNewMap {destination_tiles=8192x8192, environment=Surface, hex_size=nilxnil, map=BlankTerraceBig_05, map_ref=table: 00000292DC8D7248, mapdata=table: 00000292E2B67240, mapdata_size=8192x8192, sequence=3, session=1, since_previous_ms=1105, slot=1, source_tiles=6144x6144, total_ms=1280}
							Lua 0:00:22:024
game_settings:
    sponsor: IMM
    profile: rocketscientist
    founding_faction: MarsDemocraticParty
    rival_colonies: SpaceY, CNSA, Brazil
    mystery_random: 
    game_rules: RoughTerrain
more_game_settings: save_game_id: yfyghU_s3MQtV4EV, mystery: BlackCubeMystery, coordinates: 61N136W, landing_spot: , logo: IMM
map_conditions: 							Lua 0:00:22:025
altitude: -3237, temperature: -86, cold_wave: 219, dust_devils: 43, dust_storm: 124, meteors: 36
map_resources: concrete: 36, metals: 66, precious_metals: 66, water: 6
							Lua 0:00:22:052
[Super Big Map][LoadingTiming] STEP lifecycle: NewMap {destination_tiles=8192x8192, environment=Surface, hex_size=820x946, map=BlankTerraceBig_05, map_ref=table: 00000292DC8D7248, mapdata=table: 00000292E2B67240, mapdata_size=8192x8192, sequence=4, session=1, since_previous_ms=45, slot=1, source_tiles=6144x6144, total_ms=1325}
							Lua 0:00:22:054
[Super Big Map][LoadingTiming] STEP prefab feature game logic correspondence {actual_safari=0, created_safari=0, destination_tiles=8192x8192, environment=Surface, expected_safari=0, hex_size=820x946, map=BlankTerraceBig_05, map_ref=table: 00000292DC8D7248, mapdata_size=8192x8192, markers=0, matched_safari=0, removed_orphan_safari=0, replayed_markers=0, sequence=5, session=1, since_previous_ms=1, slot=1, source_tiles=6144x6144, total_ms=1326}
							Lua 0:00:22:055
[Super Big Map][LoadingTiming] STEP lifecycle: UndergroundDarknessState {after=0, before=0, destination_tiles=8192x8192, environment=Surface, forced_reveal=false, hex_size=820x946, map=BlankTerraceBig_05, map_ref=table: 00000292DC8D7248, mapdata_size=8192x8192, sequence=6, session=1, since_previous_ms=1, slot=1, source_tiles=6144x6144, total_ms=1327}
							Lua 0:00:22:068
[DebugAdapter] Connection lost to 127.0.0.1:56168 
							Lua 0:00:22:075
MapLoadRandom:  -1414160563285960142 
							Lua 0:00:22:146
[Super Big Map][LoadingTiming] STEP lifecycle: NewMapLoaded {destination_tiles=8192x8192, environment=Surface, hex_size=820x946, map=BlankTerraceBig_05, map_ref=table: 00000292DC8D7248, mapdata=table: 00000292E2B67240, mapdata_size=8192x8192, sequence=7, session=1, since_previous_ms=91, slot=1, source_tiles=6144x6144, total_ms=1418}
							Lua 0:00:22:148
[Super Big Map][LoadingTiming] STEP prefab feature game logic correspondence {actual_safari=0, created_safari=0, destination_tiles=8192x8192, environment=Surface, expected_safari=0, hex_size=820x946, map=BlankTerraceBig_05, map_ref=table: 00000292DC8D7248, mapdata_size=8192x8192, markers=0, matched_safari=0, removed_orphan_safari=0, replayed_markers=0, sequence=8, session=1, since_previous_ms=2, slot=1, source_tiles=6144x6144, total_ms=1420}
[Super Big Map][LoadingTiming] STEP lifecycle: UndergroundDarknessState {after=0, before=0, destination_tiles=8192x8192, environment=Surface, forced_reveal=false, hex_size=820x946, map=BlankTerraceBig_05, map_ref=table: 00000292DC8D7248, mapdata_size=8192x8192, sequence=9, session=1, since_previous_ms=1, slot=1, source_tiles=6144x6144, total_ms=1421}
							Lua 0:00:26:662
[Super Big Map][LoadingTiming] STEP lifecycle: PostNewMapLoaded {destination_tiles=8192x8192, environment=Surface, hex_size=820x946, map=BlankTerraceBig_05, map_ref=table: 00000292DC8D7248, mapdata=table: 00000292E2B67240, mapdata_size=8192x8192, sequence=10, session=1, since_previous_ms=4514, slot=1, source_tiles=6144x6144, total_ms=5935}
							Lua 0:00:26:664
[Super Big Map][LoadingTiming] STEP prefab feature game logic correspondence {actual_safari=0, created_safari=0, destination_tiles=8192x8192, environment=Surface, expected_safari=0, hex_size=820x946, map=BlankTerraceBig_05, map_ref=table: 00000292DC8D7248, mapdata_size=8192x8192, markers=0, matched_safari=0, removed_orphan_safari=0, replayed_markers=0, sequence=11, session=1, since_previous_ms=2, slot=1, source_tiles=6144x6144, total_ms=5937}
[Super Big Map][LoadingTiming] STEP lifecycle: UndergroundDarknessState {after=0, before=0, destination_tiles=8192x8192, environment=Surface, forced_reveal=false, hex_size=820x946, map=BlankTerraceBig_05, map_ref=table: 00000292DC8D7248, mapdata_size=8192x8192, sequence=12, session=1, since_previous_ms=0, slot=1, source_tiles=6144x6144, total_ms=5937}
							Lua 0:00:27:180
[Super Big Map][LoadingTiming] STEP lifecycle: CurrentMapChangeDone {destination_tiles=8192x8192, environment=Surface, hex_size=820x946, map=BlankTerraceBig_05, map_ref=table: 00000292DC8D7248, map_slot=1, mapdata_size=8192x8192, sequence=13, session=1, since_previous_ms=516, slot=1, source_tiles=6144x6144, total_ms=6453}
							Lua 0:00:27:182
[Super Big Map][LoadingTiming] STEP prefab feature game logic correspondence {actual_safari=0, created_safari=0, destination_tiles=8192x8192, environment=Surface, expected_safari=0, hex_size=820x946, map=BlankTerraceBig_05, map_ref=table: 00000292DC8D7248, mapdata_size=8192x8192, markers=0, matched_safari=0, removed_orphan_safari=0, replayed_markers=0, sequence=14, session=1, since_previous_ms=2, slot=1, source_tiles=6144x6144, total_ms=6455}
[Super Big Map][LoadingTiming] STEP lifecycle: UndergroundDarknessState {after=0, before=0, destination_tiles=8192x8192, environment=Surface, forced_reveal=false, hex_size=820x946, map=BlankTerraceBig_05, map_ref=table: 00000292DC8D7248, mapdata_size=8192x8192, sequence=15, session=1, since_previous_ms=0, slot=1, source_tiles=6144x6144, total_ms=6455}
							Lua 0:00:27:201
[Super Big Map][LoadingTiming] STEP lifecycle: UndergroundDarknessState {after=0, before=0, destination_tiles=8192x8192, environment=Surface, forced_reveal=false, hex_size=820x946, map=BlankTerraceBig_05, map_ref=table: 00000292DC8D7248, mapdata_size=8192x8192, sequence=16, session=1, since_previous_ms=19, slot=1, source_tiles=6144x6144, total_ms=6474}
							Lua 0:00:28:147
Map (slot 1) changed to "BlankTerraceBig_05" in 7436 ms.
[Super Big Map][LoadingTiming] STEP session continues: RandomMapGenerator.DoGenerate {destination_tiles=8192x8192, environment=Surface, expansion_pending=true, hex_size=820x946, map=BlankTerraceBig_05, map_ref=table: 00000292DC8D7248, mapdata_size=8192x8192, sequence=17, session=1, since_previous_ms=946, slot=1, source_tiles=6144x6144, total_ms=7420, vanilla_source_migration=false}
[Super Big Map][LoadingTiming] STEP attempt exact temporary-source transaction {destination_tiles=8192x8192, environment=Surface, generator_limit_tiles=6144, hex_size=820x946, map=BlankTerraceBig_05, map_ref=table: 00000292DC8D7248, map_tiles=8192x8192, mapdata_size=8192x8192, sequence=18, session=1, since_previous_ms=0, slot=1, source_tiles=6144x6144, total_ms=7420}
[Super Big Map][LoadingTiming] PHASE_BEGIN Generating the exact vanilla source terrain... {destination_tiles=8192x8192, environment=Surface, hex_size=820x946, map=BlankTerraceBig_05, map_ref=table: 00000292DC8D7248, mapdata_size=8192x8192, sequence=19, session=1, slot=1, source_tiles=6144x6144, total_ms=7420}
[Super Big Map][LoadingTiming] STEP temporary source transaction begin {destination_slot=1, destination_tiles=8192x8192, environment=Surface, hex_size=820x946, map=BlankTerraceBig_05, map_ref=table: 00000292DC8D7248, mapdata_size=8192x8192, pass_border=102400, sequence=20, session=1, since_previous_ms=0, slot=1, source_slot=15, source_tiles=6144x6144, total_ms=7420}
							Lua 0:00:28:148
[Super Big Map][LoadingTiming] STEP BEGIN allocate temporary vanilla backing {destination_tiles=8192x8192, environment=Surface, hex_size=820x946, map=BlankTerraceBig_05, map_ref=table: 00000292DC8D7248, mapdata_size=8192x8192, sequence=21, session=1, since_previous_ms=1, slot=1, source_slot=15, source_tiles=6144x6144, total_ms=7421}
							Lua 0:00:29:082
Map::Init: 0.18000 ms
Map::Load: 42.29000 ms
CreateMap: 42.35000 ms
							Lua 0:00:29:503
Buildable grid ready: 3/291 valid zones.
							Lua 0:00:29:517
MapLoadRandom:  -1523711729369822677 
							Lua 0:00:31:155
Map (slot 15) changed to "BlankTerraceBig_05" in 3006 ms.
[Super Big Map][LoadingTiming] STEP END allocate temporary vanilla backing {begin_session=1, destination_tiles=8192x8192, duration_ms=3007, environment=Surface, error=nil, hex_size=820x946, map=BlankTerraceBig_05, map_ref=table: 00000292DC8D7248, mapdata_size=8192x8192, ok=true, sequence=22, session=1, since_previous_ms=3007, slot=1, source_tiles=6144x6144, total_ms=10428}
[Super Big Map][LoadingTiming] STEP temporary source backing verified {actual_tiles=6144x6144, baseline_objects=0, destination_tiles=nilxnil, environment=Surface, hex_size=615x710, map=BlankTerraceBig_05, map_ref=table: 00000292E07FFCA0, mapdata_size=6144x6144, sequence=23, session=1, since_previous_ms=0, slot=15, source_tiles=nilxnil, total_ms=10428}
[Super Big Map][LoadingTiming] STEP BEGIN switch temporary generator current slot {destination_tiles=nilxnil, environment=Surface, hex_size=615x710, map=BlankTerraceBig_05, map_ref=table: 00000292E07FFCA0, mapdata_size=6144x6144, sequence=24, session=1, since_previous_ms=0, slot=15, source_tiles=nilxnil, target_slot=15, total_ms=10428}
							Lua 0:00:31:513
[Super Big Map][LoadingTiming] STEP lifecycle: CurrentMapChangeDone {destination_tiles=nilxnil, environment=Surface, hex_size=615x710, map=BlankTerraceBig_05, map_ref=table: 00000292E07FFCA0, map_slot=15, mapdata_size=6144x6144, sequence=25, session=1, since_previous_ms=358, slot=15, source_tiles=nilxnil, total_ms=10786}
							Lua 0:00:31:514
[Super Big Map][LoadingTiming] STEP lifecycle: UndergroundDarknessState {after=0, before=0, destination_tiles=nilxnil, environment=Surface, forced_reveal=false, hex_size=615x710, map=BlankTerraceBig_05, map_ref=table: 00000292E07FFCA0, mapdata_size=6144x6144, sequence=26, session=1, since_previous_ms=1, slot=15, source_tiles=nilxnil, total_ms=10787}
[Super Big Map][LoadingTiming] STEP lifecycle: UndergroundDarknessState {after=0, before=0, destination_tiles=nilxnil, environment=Surface, forced_reveal=false, hex_size=615x710, map=BlankTerraceBig_05, map_ref=table: 00000292E07FFCA0, mapdata_size=6144x6144, sequence=27, session=1, since_previous_ms=0, slot=15, source_tiles=nilxnil, total_ms=10787}
[Super Big Map][LoadingTiming] STEP lifecycle: UndergroundDarknessState {after=0, before=0, destination_tiles=nilxnil, environment=Surface, forced_reveal=false, hex_size=615x710, map=BlankTerraceBig_05, map_ref=table: 00000292E07FFCA0, mapdata_size=6144x6144, sequence=28, session=1, since_previous_ms=0, slot=15, source_tiles=nilxnil, total_ms=10787}
							Lua 0:00:31:518
[DebugAdapter] New connection to DebugAddapter 127.0.0.1:56177
							Lua 0:00:32:330
[Super Big Map][LoadingTiming] STEP END switch temporary generator current slot {begin_session=1, destination_tiles=nilxnil, duration_ms=1175, environment=Surface, hex_size=615x710, map=BlankTerraceBig_05, map_ref=table: 00000292E07FFCA0, mapdata_size=6144x6144, mode=ChangeCurrentMapSlot, ok=true, sequence=29, session=1, since_previous_ms=816, slot=15, source_tiles=nilxnil, target_slot=15, total_ms=11603}
[Super Big Map][LoadingTiming] STEP native clutter access probe {clutter_tile_size=nil, destination_tiles=nilxnil, environment=Surface, global_terrain=table: 00000292DA816DE0, grid_names=none, height_tile_size=100, hex_size=615x710, map=BlankTerraceBig_05, map_fields=none, map_import_terrain=false, map_is_current=true, map_ref=table: 00000292E07FFCA0, map_reset_terrain=false, mapdata_size=6144x6144, refs=editor.map.clutter=nil | orig.map.clutter=nil | editor.map.clutter_density=nil | orig.map.clutter_density=nil | editor.map.grass_density=nil | orig.map.grass_density=nil, samples=origin=nil | center=nil, sequence=30, session=1, since_previous_ms=0, slot=15, source_tiles=nilxnil, stage=temporary source before DoGenerate, total_ms=11603}
							Lua 0:00:32:331
[Super Big Map][LoadingTiming] STEP BEGIN vanilla RandomMapGenerator.DoGenerate {destination_tiles=nilxnil, environment=Surface, hex_size=615x710, map=BlankTerraceBig_05, map_ref=table: 00000292E07FFCA0, mapdata_size=6144x6144, sequence=31, session=1, since_previous_ms=1, slot=15, source_tiles=nilxnil, total_ms=11604}
							Lua 0:00:33:981
[DebugAdapter] Connection lost to 127.0.0.1:56177 
							Lua 0:00:38:227
[Super Big Map][LoadingTiming] STEP BEGIN RandomMapGenerator.OnGenerateLogic {destination_tiles=nilxnil, environment=Surface, hex_size=615x710, map=BlankTerraceBig_05, map_ref=table: 00000292E07FFCA0, mapdata_size=6144x6144, sequence=32, session=1, since_previous_ms=5896, slot=15, source_tiles=nilxnil, total_ms=17500}
							Lua 0:00:38:228
[Super Big Map][LoadingTiming] STEP BEGIN RandomMap procedure: ResolveBuildable {destination_tiles=nilxnil, environment=Surface, hex_size=615x710, map=BlankTerraceBig_05, map_ref=table: 00000292E07FFCA0, mapdata_size=6144x6144, randless=nil, sequence=33, session=1, since_previous_ms=0, slot=15, source_tiles=nilxnil, tag=ResolveBuildable, total_ms=17500}
							Lua 0:00:38:524
Buildable grid ready: 35/500 valid zones.
							Lua 0:00:38:642
[Super Big Map][LoadingTiming] STEP END RandomMap procedure: ResolveBuildable {begin_session=1, destination_tiles=nilxnil, duration_ms=415, environment=Surface, hex_size=615x710, map=BlankTerraceBig_05, map_ref=table: 00000292E07FFCA0, mapdata_size=6144x6144, ok=true, sequence=34, session=1, since_previous_ms=415, slot=15, source_tiles=nilxnil, tag=ResolveBuildable, total_ms=17915}
[Super Big Map][LoadingTiming] STEP BEGIN RandomMap procedure: PlaceColdAreas {destination_tiles=nilxnil, environment=Surface, hex_size=615x710, map=BlankTerraceBig_05, map_ref=table: 00000292E07FFCA0, mapdata_size=6144x6144, randless=nil, sequence=35, session=1, since_previous_ms=0, slot=15, source_tiles=nilxnil, tag=PlaceColdAreas, total_ms=17915}
							Lua 0:00:38:645
[Super Big Map][LoadingTiming] STEP END RandomMap procedure: PlaceColdAreas {begin_session=1, destination_tiles=nilxnil, duration_ms=3, environment=Surface, hex_size=615x710, map=BlankTerraceBig_05, map_ref=table: 00000292E07FFCA0, mapdata_size=6144x6144, ok=true, sequence=36, session=1, since_previous_ms=3, slot=15, source_tiles=nilxnil, tag=PlaceColdAreas, total_ms=17918}
[Super Big Map][LoadingTiming] STEP BEGIN RandomMap procedure: PlaceArtefacts {destination_tiles=nilxnil, environment=Surface, hex_size=615x710, map=BlankTerraceBig_05, map_ref=table: 00000292E07FFCA0, mapdata_size=6144x6144, randless=nil, sequence=37, session=1, since_previous_ms=0, slot=15, source_tiles=nilxnil, tag=PlaceArtefacts, total_ms=17918}
[Super Big Map][LoadingTiming] STEP END RandomMap procedure: PlaceArtefacts {begin_session=1, destination_tiles=nilxnil, duration_ms=0, environment=Surface, hex_size=615x710, map=BlankTerraceBig_05, map_ref=table: 00000292E07FFCA0, mapdata_size=6144x6144, ok=true, sequence=38, session=1, since_previous_ms=0, slot=15, source_tiles=nilxnil, tag=PlaceArtefacts, total_ms=17918}
[Super Big Map][LoadingTiming] STEP BEGIN RandomMap procedure: PlaceAnomalies {destination_tiles=nilxnil, environment=Surface, hex_size=615x710, map=BlankTerraceBig_05, map_ref=table: 00000292E07FFCA0, mapdata_size=6144x6144, randless=nil, sequence=39, session=1, since_previous_ms=0, slot=15, source_tiles=nilxnil, tag=PlaceAnomalies, total_ms=17918}
							Lua 0:00:38:650
[Super Big Map][LoadingTiming] STEP BEGIN RandomMap procedure: PlaceAnomalies_FindFeatures {destination_tiles=nilxnil, environment=Surface, hex_size=615x710, map=BlankTerraceBig_05, map_ref=table: 00000292E07FFCA0, mapdata_size=6144x6144, randless=true, sequence=40, session=1, since_previous_ms=5, slot=15, source_tiles=nilxnil, tag=PlaceAnomalies_FindFeatures, total_ms=17923}
							Lua 0:00:38:656
[Super Big Map][LoadingTiming] STEP BEGIN RandomMap procedure: PlaceAnomalies_FindFeatures_RepulseDeposits {destination_tiles=nilxnil, environment=Surface, hex_size=615x710, map=BlankTerraceBig_05, map_ref=table: 00000292E07FFCA0, mapdata_size=6144x6144, randless=nil, sequence=41, session=1, since_previous_ms=6, slot=15, source_tiles=nilxnil, tag=PlaceAnomalies_FindFeatures_RepulseDeposits, total_ms=17929}
[Super Big Map][LoadingTiming] STEP END RandomMap procedure: PlaceAnomalies_FindFeatures_RepulseDeposits {begin_session=1, destination_tiles=nilxnil, duration_ms=0, environment=Surface, hex_size=615x710, map=BlankTerraceBig_05, map_ref=table: 00000292E07FFCA0, mapdata_size=6144x6144, ok=true, sequence=42, session=1, since_previous_ms=0, slot=15, source_tiles=nilxnil, tag=PlaceAnomalies_FindFeatures_RepulseDeposits, total_ms=17929}
							Lua 0:00:38:657
[Super Big Map][LoadingTiming] STEP BEGIN RandomMap procedure: PlaceAnomalies_FindFeatures_Deposits {destination_tiles=nilxnil, environment=Surface, hex_size=615x710, map=BlankTerraceBig_05, map_ref=table: 00000292E07FFCA0, mapdata_size=6144x6144, randless=nil, sequence=43, session=1, since_previous_ms=0, slot=15, source_tiles=nilxnil, tag=PlaceAnomalies_FindFeatures_Deposits, total_ms=17929}
							Lua 0:00:38:702
[Super Big Map][LoadingTiming] STEP END RandomMap procedure: PlaceAnomalies_FindFeatures_Deposits {begin_session=1, destination_tiles=nilxnil, duration_ms=46, environment=Surface, hex_size=615x710, map=BlankTerraceBig_05, map_ref=table: 00000292E07FFCA0, mapdata_size=6144x6144, ok=true, sequence=44, session=1, since_previous_ms=46, slot=15, source_tiles=nilxnil, tag=PlaceAnomalies_FindFeatures_Deposits, total_ms=17975}
[Super Big Map][LoadingTiming] STEP BEGIN RandomMap procedure: PlaceAnomalies_FindFeatures_Anomalies {destination_tiles=nilxnil, environment=Surface, hex_size=615x710, map=BlankTerraceBig_05, map_ref=table: 00000292E07FFCA0, mapdata_size=6144x6144, randless=nil, sequence=45, session=1, since_previous_ms=0, slot=15, source_tiles=nilxnil, tag=PlaceAnomalies_FindFeatures_Anomalies, total_ms=17975}
							Lua 0:00:38:703
[Super Big Map][LoadingTiming] STEP END RandomMap procedure: PlaceAnomalies_FindFeatures_Anomalies {begin_session=1, destination_tiles=nilxnil, duration_ms=1, environment=Surface, hex_size=615x710, map=BlankTerraceBig_05, map_ref=table: 00000292E07FFCA0, mapdata_size=6144x6144, ok=true, sequence=46, session=1, since_previous_ms=1, slot=15, source_tiles=nilxnil, tag=PlaceAnomalies_FindFeatures_Anomalies, total_ms=17976}
[Super Big Map][LoadingTiming] STEP BEGIN RandomMap procedure: PlaceAnomalies_FindFeatures_EffectDeposits {destination_tiles=nilxnil, environment=Surface, hex_size=615x710, map=BlankTerraceBig_05, map_ref=table: 00000292E07FFCA0, mapdata_size=6144x6144, randless=nil, sequence=47, session=1, since_previous_ms=0, slot=15, source_tiles=nilxnil, tag=PlaceAnomalies_FindFeatures_EffectDeposits, total_ms=17976}
							Lua 0:00:38:712
[Super Big Map][LoadingTiming] STEP END RandomMap procedure: PlaceAnomalies_FindFeatures_EffectDeposits {begin_session=1, destination_tiles=nilxnil, duration_ms=8, environment=Surface, hex_size=615x710, map=BlankTerraceBig_05, map_ref=table: 00000292E07FFCA0, mapdata_size=6144x6144, ok=true, sequence=48, session=1, since_previous_ms=8, slot=15, source_tiles=nilxnil, tag=PlaceAnomalies_FindFeatures_EffectDeposits, total_ms=17984}
							Lua 0:00:38:715
[Super Big Map][LoadingTiming] STEP END RandomMap procedure: PlaceAnomalies_FindFeatures {begin_session=1, destination_tiles=nilxnil, duration_ms=65, environment=Surface, hex_size=615x710, map=BlankTerraceBig_05, map_ref=table: 00000292E07FFCA0, mapdata_size=6144x6144, ok=true, sequence=49, session=1, since_previous_ms=4, slot=15, source_tiles=nilxnil, tag=PlaceAnomalies_FindFeatures, total_ms=17988}
[Super Big Map][LoadingTiming] STEP BEGIN RandomMap procedure: PlaceAnomalies_FindClusters {destination_tiles=nilxnil, environment=Surface, hex_size=615x710, map=BlankTerraceBig_05, map_ref=table: 00000292E07FFCA0, mapdata_size=6144x6144, randless=nil, sequence=50, session=1, since_previous_ms=0, slot=15, source_tiles=nilxnil, tag=PlaceAnomalies_FindClusters, total_ms=17988}
[Super Big Map][LoadingTiming] STEP END RandomMap procedure: PlaceAnomalies_FindClusters {begin_session=1, destination_tiles=nilxnil, duration_ms=0, environment=Surface, hex_size=615x710, map=BlankTerraceBig_05, map_ref=table: 00000292E07FFCA0, mapdata_size=6144x6144, ok=true, sequence=51, session=1, since_previous_ms=0, slot=15, source_tiles=nilxnil, tag=PlaceAnomalies_FindClusters, total_ms=17988}
[Super Big Map][LoadingTiming] STEP BEGIN RandomMap procedure: PlaceAnomalies_FindAnomalies_Breakthrough {destination_tiles=nilxnil, environment=Surface, hex_size=615x710, map=BlankTerraceBig_05, map_ref=table: 00000292E07FFCA0, mapdata_size=6144x6144, randless=nil, sequence=52, session=1, since_previous_ms=0, slot=15, source_tiles=nilxnil, tag=PlaceAnomalies_FindAnomalies_Breakthrough, total_ms=17988}
							Lua 0:00:38:759
[Super Big Map][LoadingTiming] STEP END RandomMap procedure: PlaceAnomalies_FindAnomalies_Breakthrough {begin_session=1, destination_tiles=nilxnil, duration_ms=44, environment=Surface, hex_size=615x710, map=BlankTerraceBig_05, map_ref=table: 00000292E07FFCA0, mapdata_size=6144x6144, ok=true, sequence=53, session=1, since_previous_ms=44, slot=15, source_tiles=nilxnil, tag=PlaceAnomalies_FindAnomalies_Breakthrough, total_ms=18032}
[Super Big Map][LoadingTiming] STEP BEGIN RandomMap procedure: PlaceAnomalies_FindDeposits {destination_tiles=nilxnil, environment=Surface, hex_size=615x710, map=BlankTerraceBig_05, map_ref=table: 00000292E07FFCA0, mapdata_size=6144x6144, randless=true, sequence=54, session=1, since_previous_ms=0, slot=15, source_tiles=nilxnil, tag=PlaceAnomalies_FindDeposits, total_ms=18032}
[Super Big Map][LoadingTiming] STEP BEGIN RandomMap procedure: PlaceAnomalies_FindDeposits_surf_Metals {destination_tiles=nilxnil, environment=Surface, hex_size=615x710, map=BlankTerraceBig_05, map_ref=table: 00000292E07FFCA0, mapdata_size=6144x6144, randless=nil, sequence=55, session=1, since_previous_ms=0, slot=15, source_tiles=nilxnil, tag=PlaceAnomalies_FindDeposits_surf_Metals, total_ms=18032}
							Lua 0:00:38:761
[Super Big Map][LoadingTiming] STEP END RandomMap procedure: PlaceAnomalies_FindDeposits_surf_Metals {begin_session=1, destination_tiles=nilxnil, duration_ms=2, environment=Surface, hex_size=615x710, map=BlankTerraceBig_05, map_ref=table: 00000292E07FFCA0, mapdata_size=6144x6144, ok=true, sequence=56, session=1, since_previous_ms=2, slot=15, source_tiles=nilxnil, tag=PlaceAnomalies_FindDeposits_surf_Metals, total_ms=18034}
							Lua 0:00:38:762
[Super Big Map][LoadingTiming] STEP BEGIN RandomMap procedure: PlaceAnomalies_FindDeposits_surf_Polymers {destination_tiles=nilxnil, environment=Surface, hex_size=615x710, map=BlankTerraceBig_05, map_ref=table: 00000292E07FFCA0, mapdata_size=6144x6144, randless=nil, sequence=57, session=1, since_previous_ms=0, slot=15, source_tiles=nilxnil, tag=PlaceAnomalies_FindDeposits_surf_Polymers, total_ms=18034}
[Super Big Map][LoadingTiming] STEP END RandomMap procedure: PlaceAnomalies_FindDeposits_surf_Polymers {begin_session=1, destination_tiles=nilxnil, duration_ms=1, environment=Surface, hex_size=615x710, map=BlankTerraceBig_05, map_ref=table: 00000292E07FFCA0, mapdata_size=6144x6144, ok=true, sequence=58, session=1, since_previous_ms=1, slot=15, source_tiles=nilxnil, tag=PlaceAnomalies_FindDeposits_surf_Polymers, total_ms=18035}
							Lua 0:00:38:763
[Super Big Map][LoadingTiming] STEP BEGIN RandomMap procedure: PlaceAnomalies_FindDeposits_subs_Metals {destination_tiles=nilxnil, environment=Surface, hex_size=615x710, map=BlankTerraceBig_05, map_ref=table: 00000292E07FFCA0, mapdata_size=6144x6144, randless=nil, sequence=59, session=1, since_previous_ms=0, slot=15, source_tiles=nilxnil, tag=PlaceAnomalies_FindDeposits_subs_Metals, total_ms=18035}
							Lua 0:00:38:764
[Super Big Map][LoadingTiming] STEP END RandomMap procedure: PlaceAnomalies_FindDeposits_subs_Metals {begin_session=1, destination_tiles=nilxnil, duration_ms=2, environment=Surface, hex_size=615x710, map=BlankTerraceBig_05, map_ref=table: 00000292E07FFCA0, mapdata_size=6144x6144, ok=true, sequence=60, session=1, since_previous_ms=2, slot=15, source_tiles=nilxnil, tag=PlaceAnomalies_FindDeposits_subs_Metals, total_ms=18037}
[Super Big Map][LoadingTiming] STEP BEGIN RandomMap procedure: PlaceAnomalies_FindDeposits_subs_PreciousMetals {destination_tiles=nilxnil, environment=Surface, hex_size=615x710, map=BlankTerraceBig_05, map_ref=table: 00000292E07FFCA0, mapdata_size=6144x6144, randless=nil, sequence=61, session=1, since_previous_ms=0, slot=15, source_tiles=nilxnil, tag=PlaceAnomalies_FindDeposits_subs_PreciousMetals, total_ms=18037}
							Lua 0:00:38:765
[Super Big Map][LoadingTiming] STEP END RandomMap procedure: PlaceAnomalies_FindDeposits_subs_PreciousMetals {begin_session=1, destination_tiles=nilxnil, duration_ms=1, environment=Surface, hex_size=615x710, map=BlankTerraceBig_05, map_ref=table: 00000292E07FFCA0, mapdata_size=6144x6144, ok=true, sequence=62, session=1, since_previous_ms=1, slot=15, source_tiles=nilxnil, tag=PlaceAnomalies_FindDeposits_subs_PreciousMetals, total_ms=18038}
[Super Big Map][LoadingTiming] STEP BEGIN RandomMap procedure: PlaceAnomalies_FindDeposits_subs_Water {destination_tiles=nilxnil, environment=Surface, hex_size=615x710, map=BlankTerraceBig_05, map_ref=table: 00000292E07FFCA0, mapdata_size=6144x6144, randless=nil, sequence=63, session=1, since_previous_ms=0, slot=15, source_tiles=nilxnil, tag=PlaceAnomalies_FindDeposits_subs_Water, total_ms=18038}
							Lua 0:00:38:766
[Super Big Map][LoadingTiming] STEP END RandomMap procedure: PlaceAnomalies_FindDeposits_subs_Water {begin_session=1, destination_tiles=nilxnil, duration_ms=1, environment=Surface, hex_size=615x710, map=BlankTerraceBig_05, map_ref=table: 00000292E07FFCA0, mapdata_size=6144x6144, ok=true, sequence=64, session=1, since_previous_ms=1, slot=15, source_tiles=nilxnil, tag=PlaceAnomalies_FindDeposits_subs_Water, total_ms=18039}
							Lua 0:00:38:767
[Super Big Map][LoadingTiming] STEP BEGIN RandomMap procedure: PlaceAnomalies_FindDeposits_terr_Concrete {destination_tiles=nilxnil, environment=Surface, hex_size=615x710, map=BlankTerraceBig_05, map_ref=table: 00000292E07FFCA0, mapdata_size=6144x6144, randless=nil, sequence=65, session=1, since_previous_ms=0, slot=15, source_tiles=nilxnil, tag=PlaceAnomalies_FindDeposits_terr_Concrete, total_ms=18039}
							Lua 0:00:38:768
[Super Big Map][LoadingTiming] STEP END RandomMap procedure: PlaceAnomalies_FindDeposits_terr_Concrete {begin_session=1, destination_tiles=nilxnil, duration_ms=2, environment=Surface, hex_size=615x710, map=BlankTerraceBig_05, map_ref=table: 00000292E07FFCA0, mapdata_size=6144x6144, ok=true, sequence=66, session=1, since_previous_ms=2, slot=15, source_tiles=nilxnil, tag=PlaceAnomalies_FindDeposits_terr_Concrete, total_ms=18041}
[Super Big Map][LoadingTiming] STEP END RandomMap procedure: PlaceAnomalies_FindDeposits {begin_session=1, destination_tiles=nilxnil, duration_ms=9, environment=Surface, hex_size=615x710, map=BlankTerraceBig_05, map_ref=table: 00000292E07FFCA0, mapdata_size=6144x6144, ok=true, sequence=67, session=1, since_previous_ms=0, slot=15, source_tiles=nilxnil, tag=PlaceAnomalies_FindDeposits, total_ms=18041}
							Lua 0:00:38:769
[Super Big Map][LoadingTiming] STEP BEGIN RandomMap procedure: PlaceAnomalies_FindAnomalies {destination_tiles=nilxnil, environment=Surface, hex_size=615x710, map=BlankTerraceBig_05, map_ref=table: 00000292E07FFCA0, mapdata_size=6144x6144, randless=true, sequence=68, session=1, since_previous_ms=0, slot=15, source_tiles=nilxnil, tag=PlaceAnomalies_FindAnomalies, total_ms=18041}
[Super Big Map][LoadingTiming] STEP BEGIN RandomMap procedure: PlaceAnomalies_FindAnomalies_TechUnlock {destination_tiles=nilxnil, environment=Surface, hex_size=615x710, map=BlankTerraceBig_05, map_ref=table: 00000292E07FFCA0, mapdata_size=6144x6144, randless=nil, sequence=69, session=1, since_previous_ms=1, slot=15, source_tiles=nilxnil, tag=PlaceAnomalies_FindAnomalies_TechUnlock, total_ms=18042}
							Lua 0:00:38:770
[Super Big Map][LoadingTiming] STEP END RandomMap procedure: PlaceAnomalies_FindAnomalies_TechUnlock {begin_session=1, destination_tiles=nilxnil, duration_ms=1, environment=Surface, hex_size=615x710, map=BlankTerraceBig_05, map_ref=table: 00000292E07FFCA0, mapdata_size=6144x6144, ok=true, sequence=70, session=1, since_previous_ms=1, slot=15, source_tiles=nilxnil, tag=PlaceAnomalies_FindAnomalies_TechUnlock, total_ms=18043}
							Lua 0:00:38:771
[Super Big Map][LoadingTiming] STEP BEGIN RandomMap procedure: PlaceAnomalies_FindAnomalies_Event {destination_tiles=nilxnil, environment=Surface, hex_size=615x710, map=BlankTerraceBig_05, map_ref=table: 00000292E07FFCA0, mapdata_size=6144x6144, randless=nil, sequence=71, session=1, since_previous_ms=0, slot=15, source_tiles=nilxnil, tag=PlaceAnomalies_FindAnomalies_Event, total_ms=18043}
							Lua 0:00:38:772
[Super Big Map][LoadingTiming] STEP END RandomMap procedure: PlaceAnomalies_FindAnomalies_Event {begin_session=1, destination_tiles=nilxnil, duration_ms=2, environment=Surface, hex_size=615x710, map=BlankTerraceBig_05, map_ref=table: 00000292E07FFCA0, mapdata_size=6144x6144, ok=true, sequence=72, session=1, since_previous_ms=2, slot=15, source_tiles=nilxnil, tag=PlaceAnomalies_FindAnomalies_Event, total_ms=18045}
[Super Big Map][LoadingTiming] STEP BEGIN RandomMap procedure: PlaceAnomalies_FindAnomalies_FreeTech {destination_tiles=nilxnil, environment=Surface, hex_size=615x710, map=BlankTerraceBig_05, map_ref=table: 00000292E07FFCA0, mapdata_size=6144x6144, randless=nil, sequence=73, session=1, since_previous_ms=0, slot=15, source_tiles=nilxnil, tag=PlaceAnomalies_FindAnomalies_FreeTech, total_ms=18045}
							Lua 0:00:38:773
[Super Big Map][LoadingTiming] STEP END RandomMap procedure: PlaceAnomalies_FindAnomalies_FreeTech {begin_session=1, destination_tiles=nilxnil, duration_ms=1, environment=Surface, hex_size=615x710, map=BlankTerraceBig_05, map_ref=table: 00000292E07FFCA0, mapdata_size=6144x6144, ok=true, sequence=74, session=1, since_previous_ms=1, slot=15, source_tiles=nilxnil, tag=PlaceAnomalies_FindAnomalies_FreeTech, total_ms=18046}
[Super Big Map][LoadingTiming] STEP END RandomMap procedure: PlaceAnomalies_FindAnomalies {begin_session=1, destination_tiles=nilxnil, duration_ms=5, environment=Surface, hex_size=615x710, map=BlankTerraceBig_05, map_ref=table: 00000292E07FFCA0, mapdata_size=6144x6144, ok=true, sequence=75, session=1, since_previous_ms=0, slot=15, source_tiles=nilxnil, tag=PlaceAnomalies_FindAnomalies, total_ms=18046}
[Super Big Map][LoadingTiming] STEP BEGIN RandomMap procedure: PlaceAnomalies_FindEffectDeposits {destination_tiles=nilxnil, environment=Surface, hex_size=615x710, map=BlankTerraceBig_05, map_ref=table: 00000292E07FFCA0, mapdata_size=6144x6144, randless=nil, sequence=76, session=1, since_previous_ms=0, slot=15, source_tiles=nilxnil, tag=PlaceAnomalies_FindEffectDeposits, total_ms=18046}
[Super Big Map][LoadingTiming] STEP END RandomMap procedure: PlaceAnomalies_FindEffectDeposits {begin_session=1, destination_tiles=nilxnil, duration_ms=0, environment=Surface, hex_size=615x710, map=BlankTerraceBig_05, map_ref=table: 00000292E07FFCA0, mapdata_size=6144x6144, ok=true, sequence=77, session=1, since_previous_ms=0, slot=15, source_tiles=nilxnil, tag=PlaceAnomalies_FindEffectDeposits, total_ms=18046}
							Lua 0:00:38:774
[Super Big Map][LoadingTiming] STEP BEGIN RandomMap procedure: PlaceAnomalies_AlignToHexGrid {destination_tiles=nilxnil, environment=Surface, hex_size=615x710, map=BlankTerraceBig_05, map_ref=table: 00000292E07FFCA0, mapdata_size=6144x6144, randless=true, sequence=78, session=1, since_previous_ms=0, slot=15, source_tiles=nilxnil, tag=PlaceAnomalies_AlignToHexGrid, total_ms=18046}
[Super Big Map][LoadingTiming] STEP END RandomMap procedure: PlaceAnomalies_AlignToHexGrid {begin_session=1, destination_tiles=nilxnil, duration_ms=1, environment=Surface, hex_size=615x710, map=BlankTerraceBig_05, map_ref=table: 00000292E07FFCA0, mapdata_size=6144x6144, ok=true, sequence=79, session=1, since_previous_ms=1, slot=15, source_tiles=nilxnil, tag=PlaceAnomalies_AlignToHexGrid, total_ms=18047}
[Super Big Map][LoadingTiming] STEP BEGIN RandomMap procedure: PlaceAnomalies_PlaceDeposits {destination_tiles=nilxnil, environment=Surface, hex_size=615x710, map=BlankTerraceBig_05, map_ref=table: 00000292E07FFCA0, mapdata_size=6144x6144, randless=nil, sequence=80, session=1, since_previous_ms=0, slot=15, source_tiles=nilxnil, tag=PlaceAnomalies_PlaceDeposits, total_ms=18047}
							Lua 0:00:38:802
[Super Big Map][LoadingTiming] STEP END RandomMap procedure: PlaceAnomalies_PlaceDeposits {begin_session=1, destination_tiles=nilxnil, duration_ms=28, environment=Surface, hex_size=615x710, map=BlankTerraceBig_05, map_ref=table: 00000292E07FFCA0, mapdata_size=6144x6144, ok=true, sequence=81, session=1, since_previous_ms=28, slot=15, source_tiles=nilxnil, tag=PlaceAnomalies_PlaceDeposits, total_ms=18075}
							Lua 0:00:38:803
[Super Big Map][LoadingTiming] STEP BEGIN RandomMap procedure: PlaceAnomalies_PlaceBreakthroughAnomalies {destination_tiles=nilxnil, environment=Surface, hex_size=615x710, map=BlankTerraceBig_05, map_ref=table: 00000292E07FFCA0, mapdata_size=6144x6144, randless=nil, sequence=82, session=1, since_previous_ms=0, slot=15, source_tiles=nilxnil, tag=PlaceAnomalies_PlaceBreakthroughAnomalies, total_ms=18075}
[Super Big Map][LoadingTiming] STEP END RandomMap procedure: PlaceAnomalies_PlaceBreakthroughAnomalies {begin_session=1, destination_tiles=nilxnil, duration_ms=1, environment=Surface, hex_size=615x710, map=BlankTerraceBig_05, map_ref=table: 00000292E07FFCA0, mapdata_size=6144x6144, ok=true, sequence=83, session=1, since_previous_ms=1, slot=15, source_tiles=nilxnil, tag=PlaceAnomalies_PlaceBreakthroughAnomalies, total_ms=18076}
							Lua 0:00:38:804
[Super Big Map][LoadingTiming] STEP BEGIN RandomMap procedure: PlaceAnomalies_PlaceTechUnlockAnomalies {destination_tiles=nilxnil, environment=Surface, hex_size=615x710, map=BlankTerraceBig_05, map_ref=table: 00000292E07FFCA0, mapdata_size=6144x6144, randless=nil, sequence=84, session=1, since_previous_ms=0, slot=15, source_tiles=nilxnil, tag=PlaceAnomalies_PlaceTechUnlockAnomalies, total_ms=18076}
							Lua 0:00:38:805
[Super Big Map][LoadingTiming] STEP END RandomMap procedure: PlaceAnomalies_PlaceTechUnlockAnomalies {begin_session=1, destination_tiles=nilxnil, duration_ms=2, environment=Surface, hex_size=615x710, map=BlankTerraceBig_05, map_ref=table: 00000292E07FFCA0, mapdata_size=6144x6144, ok=true, sequence=85, session=1, since_previous_ms=2, slot=15, source_tiles=nilxnil, tag=PlaceAnomalies_PlaceTechUnlockAnomalies, total_ms=18078}
[Super Big Map][LoadingTiming] STEP BEGIN RandomMap procedure: PlaceAnomalies_PlaceFreeTechAnomalies {destination_tiles=nilxnil, environment=Surface, hex_size=615x710, map=BlankTerraceBig_05, map_ref=table: 00000292E07FFCA0, mapdata_size=6144x6144, randless=nil, sequence=86, session=1, since_previous_ms=0, slot=15, source_tiles=nilxnil, tag=PlaceAnomalies_PlaceFreeTechAnomalies, total_ms=18078}
[Super Big Map][LoadingTiming] STEP END RandomMap procedure: PlaceAnomalies_PlaceFreeTechAnomalies {begin_session=1, destination_tiles=nilxnil, duration_ms=0, environment=Surface, hex_size=615x710, map=BlankTerraceBig_05, map_ref=table: 00000292E07FFCA0, mapdata_size=6144x6144, ok=true, sequence=87, session=1, since_previous_ms=0, slot=15, source_tiles=nilxnil, tag=PlaceAnomalies_PlaceFreeTechAnomalies, total_ms=18078}
							Lua 0:00:38:806
[Super Big Map][LoadingTiming] STEP BEGIN RandomMap procedure: PlaceAnomalies_PlaceEventAnomalies {destination_tiles=nilxnil, environment=Surface, hex_size=615x710, map=BlankTerraceBig_05, map_ref=table: 00000292E07FFCA0, mapdata_size=6144x6144, randless=nil, sequence=88, session=1, since_previous_ms=0, slot=15, source_tiles=nilxnil, tag=PlaceAnomalies_PlaceEventAnomalies, total_ms=18078}
[Super Big Map][LoadingTiming] STEP END RandomMap procedure: PlaceAnomalies_PlaceEventAnomalies {begin_session=1, destination_tiles=nilxnil, duration_ms=1, environment=Surface, hex_size=615x710, map=BlankTerraceBig_05, map_ref=table: 00000292E07FFCA0, mapdata_size=6144x6144, ok=true, sequence=89, session=1, since_previous_ms=1, slot=15, source_tiles=nilxnil, tag=PlaceAnomalies_PlaceEventAnomalies, total_ms=18079}
							Lua 0:00:38:807
[Super Big Map][LoadingTiming] STEP BEGIN RandomMap procedure: PlaceAnomalies_PlaceEffectDeposits {destination_tiles=nilxnil, environment=Surface, hex_size=615x710, map=BlankTerraceBig_05, map_ref=table: 00000292E07FFCA0, mapdata_size=6144x6144, randless=nil, sequence=90, session=1, since_previous_ms=0, slot=15, source_tiles=nilxnil, tag=PlaceAnomalies_PlaceEffectDeposits, total_ms=18079}
[Super Big Map][LoadingTiming] STEP END RandomMap procedure: PlaceAnomalies_PlaceEffectDeposits {begin_session=1, destination_tiles=nilxnil, duration_ms=1, environment=Surface, hex_size=615x710, map=BlankTerraceBig_05, map_ref=table: 00000292E07FFCA0, mapdata_size=6144x6144, ok=true, sequence=91, session=1, since_previous_ms=1, slot=15, source_tiles=nilxnil, tag=PlaceAnomalies_PlaceEffectDeposits, total_ms=18080}
[Super Big Map][LoadingTiming] STEP END RandomMap procedure: PlaceAnomalies {begin_session=1, destination_tiles=nilxnil, duration_ms=162, environment=Surface, hex_size=615x710, map=BlankTerraceBig_05, map_ref=table: 00000292E07FFCA0, mapdata_size=6144x6144, ok=true, sequence=92, session=1, since_previous_ms=0, slot=15, source_tiles=nilxnil, tag=PlaceAnomalies, total_ms=18080}
[Super Big Map][LoadingTiming] STEP BEGIN RandomMap procedure: PlaceObstructions {destination_tiles=nilxnil, environment=Surface, hex_size=615x710, map=BlankTerraceBig_05, map_ref=table: 00000292E07FFCA0, mapdata_size=6144x6144, randless=nil, sequence=93, session=1, since_previous_ms=0, slot=15, source_tiles=nilxnil, tag=PlaceObstructions, total_ms=18080}
							Lua 0:00:38:808
[Super Big Map][LoadingTiming] STEP END RandomMap procedure: PlaceObstructions {begin_session=1, destination_tiles=nilxnil, duration_ms=0, environment=Surface, hex_size=615x710, map=BlankTerraceBig_05, map_ref=table: 00000292E07FFCA0, mapdata_size=6144x6144, ok=true, sequence=94, session=1, since_previous_ms=0, slot=15, source_tiles=nilxnil, tag=PlaceObstructions, total_ms=18080}
[Super Big Map][LoadingTiming] STEP BEGIN RandomMap procedure: ClearLandingZones {destination_tiles=nilxnil, environment=Surface, hex_size=615x710, map=BlankTerraceBig_05, map_ref=table: 00000292E07FFCA0, mapdata_size=6144x6144, randless=nil, sequence=95, session=1, since_previous_ms=1, slot=15, source_tiles=nilxnil, tag=ClearLandingZones, total_ms=18081}
[Super Big Map][LoadingTiming] STEP END RandomMap procedure: ClearLandingZones {begin_session=1, destination_tiles=nilxnil, duration_ms=0, environment=Surface, hex_size=615x710, map=BlankTerraceBig_05, map_ref=table: 00000292E07FFCA0, mapdata_size=6144x6144, ok=true, sequence=96, session=1, since_previous_ms=0, slot=15, source_tiles=nilxnil, tag=ClearLandingZones, total_ms=18081}
							Lua 0:00:38:809
[Super Big Map][LoadingTiming] STEP END RandomMapGenerator.OnGenerateLogic {begin_session=1, destination_tiles=nilxnil, duration_ms=581, environment=Surface, hex_size=615x710, map=BlankTerraceBig_05, map_ref=table: 00000292E07FFCA0, mapdata_size=6144x6144, ok=true, sequence=97, session=1, since_previous_ms=1, slot=15, source_tiles=nilxnil, total_ms=18082}
							Lua 0:00:38:820
[Super Big Map][LoadingTiming] STEP captured vanilla native clutter operation {destination_tiles=nilxnil, environment=Surface, error=, grid_cells=none, hex_size=615x710, kind=none, map=BlankTerraceBig_05, map_ref=table: 00000292E07FFCA0, mapdata_size=6144x6144, sequence=98, session=1, since_previous_ms=11, slot=15, source_tiles=nilxnil, terrain_candidates=global=table: 00000292DA816DE0 | DoGenerate_env=nil | MapImport_env=nil | MapReset_env=nil | MapExport_env=nil, total_ms=18093, write_sources=global:0, writes=0}
[Super Big Map][LoadingTiming] STEP END vanilla RandomMapGenerator.DoGenerate {begin_session=1, destination_tiles=nilxnil, duration_ms=6489, environment=Surface, hex_size=615x710, map=BlankTerraceBig_05, map_ref=table: 00000292E07FFCA0, mapdata_size=6144x6144, ok=true, sequence=99, session=1, since_previous_ms=0, slot=15, source_tiles=nilxnil, total_ms=18093}
							Lua 0:00:38:821
[Super Big Map][LoadingTiming] STEP native clutter access probe {clutter_tile_size=nil, destination_tiles=nilxnil, environment=Surface, global_terrain=table: 00000292DA816DE0, grid_names=none, height_tile_size=100, hex_size=615x710, map=BlankTerraceBig_05, map_fields=none, map_import_terrain=false, map_is_current=true, map_ref=table: 00000292E07FFCA0, map_reset_terrain=false, mapdata_size=6144x6144, refs=editor.map.clutter=nil | orig.map.clutter=nil | editor.map.clutter_density=nil | orig.map.clutter_density=nil | editor.map.grass_density=nil | orig.map.grass_density=nil, samples=origin=nil | center=nil, sequence=100, session=1, since_previous_ms=1, slot=15, source_tiles=nilxnil, stage=temporary source after DoGenerate, total_ms=18094}
[Super Big Map][LoadingTiming] STEP BEGIN refresh temporary source object radius {destination_tiles=nilxnil, environment=Surface, hex_size=615x710, map=BlankTerraceBig_05, map_ref=table: 00000292E07FFCA0, mapdata_size=6144x6144, sequence=101, session=1, since_previous_ms=0, slot=15, source_tiles=nilxnil, total_ms=18094}
							Lua 0:00:38:841
[Super Big Map][LoadingTiming] STEP END refresh temporary source object radius {begin_session=1, destination_tiles=nilxnil, duration_ms=20, environment=Surface, hex_size=615x710, map=BlankTerraceBig_05, map_ref=table: 00000292E07FFCA0, mapdata_size=6144x6144, ok=true, sequence=102, session=1, since_previous_ms=20, slot=15, source_tiles=nilxnil, total_ms=18114}
[Super Big Map][LoadingTiming] STEP BEGIN finalize temporary source pass edits {destination_tiles=nilxnil, environment=Surface, hex_size=615x710, map=BlankTerraceBig_05, map_ref=table: 00000292E07FFCA0, mapdata_size=6144x6144, mode=flush, sequence=103, session=1, since_previous_ms=0, slot=15, source_tiles=nilxnil, total_ms=18114}
							Lua 0:00:40:794
[Super Big Map][LoadingTiming] STEP END finalize temporary source pass edits {begin_session=1, destination_tiles=nilxnil, duration_ms=1953, environment=Surface, hex_size=615x710, map=BlankTerraceBig_05, map_ref=table: 00000292E07FFCA0, mapdata_size=6144x6144, mode=flushed, ok=true, sequence=104, session=1, since_previous_ms=1953, slot=15, source_tiles=nilxnil, total_ms=20067}
							Lua 0:00:40:795
[Super Big Map][LoadingTiming] STEP native surface passage buildable retained {destination_tiles=8192x8192, environment=Surface, height=710, hex_size=820x946, map=BlankTerraceBig_05, map_ref=table: 00000292DC8D7248, mapdata_size=6144x6144, sequence=105, session=1, since_previous_ms=1, slot=1, source_tiles=6144x6144, total_ms=20068, width=615}
[Super Big Map][UndergroundSeedReservation] RESERVATION {authority_tag=ralph_seed_parity, boundary=fresh_vanilla_twin_test_seam, destination_tiles=8192x8192, environment=Surface, hex_size=820x946, map=BlankTerraceBig_05, map_ref=table: 00000292DC8D7248, mapdata_size=6144x6144, reserved_seed=5144878461829043810, slot=1, source_tiles=6144x6144}
[Super Big Map][LoadingTiming] STEP BEGIN capture native enrichment coordinates {destination_tiles=nilxnil, environment=Surface, hex_size=615x710, map=BlankTerraceBig_05, map_ref=table: 00000292E07FFCA0, mapdata_size=6144x6144, sequence=106, session=1, since_previous_ms=0, slot=15, source_tiles=nilxnil, total_ms=20068}
							Lua 0:00:40:800
[Super Big Map][LoadingTiming] STEP END capture native enrichment coordinates {begin_session=1, coordinate_count=336, destination_tiles=nilxnil, duration_ms=4, environment=Surface, hex_size=615x710, map=BlankTerraceBig_05, map_ref=table: 00000292E07FFCA0, mapdata_size=6144x6144, ok=true, sequence=107, session=1, since_previous_ms=4, slot=15, source_tiles=nilxnil, total_ms=20072}
[Super Big Map][LoadingTiming] STEP BEGIN capture native enrichment value records {destination_tiles=nilxnil, environment=Surface, hex_size=615x710, map=BlankTerraceBig_05, map_ref=table: 00000292E07FFCA0, mapdata_size=6144x6144, sequence=108, session=1, since_previous_ms=1, slot=15, source_tiles=nilxnil, total_ms=20073}
							Lua 0:00:40:877
[Super Big Map][LoadingTiming] STEP END capture native enrichment value records {begin_session=1, destination_tiles=nilxnil, duration_ms=76, environment=Surface, hex_size=615x710, map=BlankTerraceBig_05, map_ref=table: 00000292E07FFCA0, mapdata_size=6144x6144, ok=true, record_count=336, sequence=109, session=1, since_previous_ms=76, slot=15, source_tiles=nilxnil, total_ms=20149}
[Super Big Map][LoadingTiming] STEP native enrichment records captured {coordinate_count=336, destination_tiles=nilxnil, environment=Surface, hex_size=615x710, map=BlankTerraceBig_05, map_ref=table: 00000292E07FFCA0, mapdata_size=6144x6144, record_count=336, record_signature=-8726537852232130426, sequence=110, session=1, since_previous_ms=1, slot=15, source_tiles=nilxnil, total_ms=20150}
[Super Big Map][LoadingTiming] STEP BEGIN capture vanilla initial sector {destination_tiles=nilxnil, environment=Surface, hex_size=615x710, map=BlankTerraceBig_05, map_ref=table: 00000292E07FFCA0, mapdata_size=6144x6144, sequence=111, session=1, since_previous_ms=0, slot=15, source_tiles=nilxnil, total_ms=20150}
							Lua 0:00:40:884
[Super Big Map][LoadingTiming] STEP END capture vanilla initial sector {begin_session=1, destination_tiles=nilxnil, duration_ms=7, environment=Surface, hex_size=615x710, map=BlankTerraceBig_05, map_ref=table: 00000292E07FFCA0, mapdata_size=6144x6144, ok=true, selection=table: 00000292E2582560, sequence=112, session=1, since_previous_ms=7, slot=15, source_tiles=nilxnil, total_ms=20157}
[Super Big Map][LoadingTiming] STEP vanilla initial sector captured {destination_tiles=nilxnil, environment=Surface, hex_size=615x710, map=BlankTerraceBig_05, map_ref=table: 00000292E07FFCA0, mapdata_size=6144x6144, selection=table: 00000292E2582560, sequence=113, session=1, since_previous_ms=0, slot=15, source_tiles=nilxnil, total_ms=20157}
[Super Big Map][LoadingTiming] STEP BEGIN switch temporary generator current slot {destination_tiles=8192x8192, environment=Surface, hex_size=820x946, map=BlankTerraceBig_05, map_ref=table: 00000292DC8D7248, mapdata_size=8192x8192, sequence=114, session=1, since_previous_ms=0, slot=1, source_tiles=6144x6144, target_slot=1, total_ms=20157}
							Lua 0:00:41:174
[Super Big Map][LoadingTiming] STEP lifecycle: UndergroundDarknessState {after=0, before=0, destination_tiles=nilxnil, environment=Surface, forced_reveal=false, hex_size=615x710, map=BlankTerraceBig_05, map_ref=table: 00000292E07FFCA0, mapdata_size=6144x6144, sequence=115, session=1, since_previous_ms=289, slot=15, source_tiles=nilxnil, total_ms=20446}
							Lua 0:00:41:346
[Super Big Map][LoadingTiming] STEP lifecycle: CurrentMapChangeDone {destination_tiles=8192x8192, environment=Surface, hex_size=820x946, map=BlankTerraceBig_05, map_ref=table: 00000292DC8D7248, map_slot=1, mapdata_size=8192x8192, sequence=116, session=1, since_previous_ms=173, slot=1, source_tiles=6144x6144, total_ms=20619}
							Lua 0:00:41:348
[Super Big Map][LoadingTiming] STEP prefab feature game logic correspondence {actual_safari=0, created_safari=0, destination_tiles=8192x8192, environment=Surface, expected_safari=0, hex_size=820x946, map=BlankTerraceBig_05, map_ref=table: 00000292DC8D7248, mapdata_size=8192x8192, markers=0, matched_safari=0, removed_orphan_safari=0, replayed_markers=0, sequence=117, session=1, since_previous_ms=2, slot=1, source_tiles=6144x6144, total_ms=20621}
[Super Big Map][LoadingTiming] STEP lifecycle: UndergroundDarknessState {after=0, before=0, destination_tiles=8192x8192, environment=Surface, forced_reveal=false, hex_size=820x946, map=BlankTerraceBig_05, map_ref=table: 00000292DC8D7248, mapdata_size=8192x8192, sequence=118, session=1, since_previous_ms=0, slot=1, source_tiles=6144x6144, total_ms=20621}
							Lua 0:00:41:366
[Super Big Map][LoadingTiming] STEP lifecycle: UndergroundDarknessState {after=0, before=0, destination_tiles=8192x8192, environment=Surface, forced_reveal=false, hex_size=820x946, map=BlankTerraceBig_05, map_ref=table: 00000292DC8D7248, mapdata_size=8192x8192, sequence=119, session=1, since_previous_ms=18, slot=1, source_tiles=6144x6144, total_ms=20639}
							Lua 0:00:41:452
[Super Big Map][LoadingTiming] STEP END switch temporary generator current slot {begin_session=1, destination_tiles=8192x8192, duration_ms=568, environment=Surface, hex_size=820x946, map=BlankTerraceBig_05, map_ref=table: 00000292DC8D7248, mapdata_size=8192x8192, mode=ChangeCurrentMapSlot, ok=true, sequence=120, session=1, since_previous_ms=86, slot=1, source_tiles=6144x6144, target_slot=1, total_ms=20725}
[Super Big Map][LoadingTiming] PHASE_END Generating the exact vanilla source terrain... {destination_tiles=8192x8192, duration_ms=13305, environment=Surface, hex_size=820x946, map=BlankTerraceBig_05, map_ref=table: 00000292DC8D7248, mapdata_size=8192x8192, ok=true, sequence=121, session=1, slot=1, source_tiles=6144x6144, total_ms=20725}
[Super Big Map][LoadingTiming] PHASE_BEGIN Migrating the vanilla source into the expanded terrain... {destination_tiles=8192x8192, environment=Surface, hex_size=820x946, map=BlankTerraceBig_05, map_ref=table: 00000292DC8D7248, mapdata_size=8192x8192, sequence=122, session=1, slot=1, source_tiles=6144x6144, total_ms=20725}
							Lua 0:00:41:453
[Super Big Map][LoadingTiming] STEP BEGIN stretch temporary source terrain directly to destination {destination_tiles=8192x8192, environment=Surface, hex_size=820x946, map=BlankTerraceBig_05, map_ref=table: 00000292DC8D7248, mapdata_size=8192x8192, sequence=123, session=1, since_previous_ms=1, slot=1, source_tiles=6144x6144, total_ms=20726}
[Super Big Map][LoadingTiming] STEP BEGIN terrain grid stretch: height {destination_tiles=8192x8192, environment=Surface, hex_size=820x946, interpolate=true, map=BlankTerraceBig_05, map_ref=table: 00000292DC8D7248, mapdata_size=8192x8192, scale_values=true, sequence=124, session=1, since_previous_ms=0, slot=1, source_tiles=6144x6144, total_ms=20726}
							Lua 0:00:41:796
[Super Big Map][TerrainCreaseRepair] SOURCE_SKIPPED {bottom_tracks=71, candidates=327, destination_tiles=8192x8192, edge_margin=614, environment=Surface, hex_size=820x946, left_tracks=82, map=BlankTerraceBig_05, map_ref=table: 00000292DC8D7248, mapdata_size=8192x8192, max=52109, min=3791, outer_guard=6, reason=no edge-facing outer-ring step, right_tracks=107, slot=1, source_tiles=6144x6144, threshold=128, top_tracks=67}
							Lua 0:00:44:580
[Super Big Map][TerrainCreaseRepair] DESTINATION_SKIPPED {bottom_tracks=149, candidates=788, destination_tiles=8192x8192, edge_margin=42, environment=Surface, hex_size=820x946, left_tracks=228, map=BlankTerraceBig_05, map_ref=table: 00000292DC8D7248, mapdata_size=8192x8192, max=52105, min=3809, outer_guard=8, reason=no edge-facing outer-ring step, right_tracks=207, slot=1, source_tiles=6144x6144, threshold=256, top_tracks=204}
							Lua 0:00:44:712
[Super Big Map][LoadingTiming] STEP terrain height similarity transform {destination_tiles=8192x8192, environment=Surface, final_max=65419, final_min=1024, hex_size=820x946, map=BlankTerraceBig_05, map_ref=table: 00000292DC8D7248, mapdata_size=8192x8192, projected_max=65424, sequence=125, session=1, since_previous_ms=3258, slot=1, source_min=3791, source_tiles=6144x6144, terrain_max=52109, total_ms=23984, uniform_applied=true, uniform_required=false, whole_map_normalized=false, xy_scale_div=6144, xy_scale_mul=8192, z_scale_add=-4054, z_scale_div=6144, z_scale_mul=8192}
							Lua 0:00:46:531
[Super Big Map][LoadingTiming] STEP natural mountain-base buildable aprons {candidates=108, considered=9216, created=64, destination_tiles=8192x8192, environment=Surface, error=, hex_size=820x946, map=BlankTerraceBig_05, map_ref=table: 00000292DC8D7248, mapdata_size=8192x8192, modified=1572499, reason=reserved, relief_rejections=145, ring_sectors=2, sequence=126, session=1, shaped=41, since_previous_ms=1820, slope_rejections=6555, slot=1, source_tiles=6144x6144, total_ms=25804, unchanged=23}
							Lua 0:00:46:565
[Super Big Map][LoadingTiming] STEP END terrain grid stretch: height {begin_session=1, destination_tiles=8192x8192, duration_ms=5112, environment=Surface, error=, extraction_path=direct_source_compute, full_cells=8192x8192, hex_size=820x946, internal_step_modified=0, internal_step_repair=no edge-facing outer-ring step; no edge-facing outer-ring step, internal_step_rows=0, map=BlankTerraceBig_05, map_ref=table: 00000292DC8D7248, mapdata_size=8192x8192, ok=true, sequence=127, session=1, since_previous_ms=34, slot=1, source_tiles=6144x6144, total_ms=25838}
							Lua 0:00:46:566
[Super Big Map][LoadingTiming] STEP BEGIN terrain grid stretch: type {destination_tiles=8192x8192, environment=Surface, hex_size=820x946, interpolate=false, map=BlankTerraceBig_05, map_ref=table: 00000292DC8D7248, mapdata_size=8192x8192, scale_values=false, sequence=128, session=1, since_previous_ms=1, slot=1, source_tiles=6144x6144, total_ms=25839}
							Lua 0:00:47:183
[Super Big Map][LoadingTiming] STEP END terrain grid stretch: type {begin_session=1, destination_tiles=8192x8192, duration_ms=616, environment=Surface, error=, extraction_path=direct_source_compute, full_cells=8192x8192, hex_size=820x946, internal_step_modified=0, internal_step_repair=not requested, internal_step_rows=0, map=BlankTerraceBig_05, map_ref=table: 00000292DC8D7248, mapdata_size=8192x8192, ok=true, sequence=129, session=1, since_previous_ms=616, slot=1, source_tiles=6144x6144, total_ms=26455}
[Super Big Map][LoadingTiming] STEP BEGIN terrain clutter grid stretch {destination_tiles=8192x8192, direct_source=true, environment=Surface, hex_size=820x946, map=BlankTerraceBig_05, map_ref=table: 00000292DC8D7248, mapdata_size=8192x8192, sequence=130, session=1, since_previous_ms=1, slot=1, source_tiles=6144x6144, total_ms=26456}
[Super Big Map][LoadingTiming] STEP ERROR terrain clutter grid stretch {begin_session=1, destination_alias=none, destination_tiles=8192x8192, duration_ms=0, environment=Surface, error=captured/native clutter source unavailable, hex_size=820x946, map=BlankTerraceBig_05, map_ref=table: 00000292DC8D7248, mapdata_size=8192x8192, ok=false, sequence=131, session=1, since_previous_ms=0, slot=1, source_alias=none, source_tiles=6144x6144, total_ms=26456}
[Super Big Map][LoadingTiming] STEP direct source terrain grid suite complete {clutter=false, completed_grids=2, destination_tiles=8192x8192, environment=Surface, hex_size=820x946, map=BlankTerraceBig_05, map_ref=table: 00000292DC8D7248, mapdata_size=8192x8192, sequence=132, session=1, since_previous_ms=0, slot=1, source_tiles=6144x6144, total_ms=26456}
[Super Big Map][LoadingTiming] STEP END stretch temporary source terrain directly to destination {begin_session=1, completed_grids=2, destination_tiles=8192x8192, duration_ms=5731, environment=Surface, error=, hex_size=820x946, map=BlankTerraceBig_05, map_ref=table: 00000292DC8D7248, mapdata_size=8192x8192, ok=true, sequence=133, session=1, since_previous_ms=0, slot=1, source_tiles=6144x6144, total_ms=26456}
[Super Big Map][LoadingTiming] STEP BEGIN copy generated map state {destination_tiles=8192x8192, environment=Surface, hex_size=820x946, map=BlankTerraceBig_05, map_ref=table: 00000292DC8D7248, mapdata_size=8192x8192, sequence=134, session=1, since_previous_ms=0, slot=1, source_tiles=6144x6144, total_ms=26456}
							Lua 0:00:47:184
[Super Big Map][LoadingTiming] STEP END copy generated map state {begin_session=1, destination_tiles=8192x8192, duration_ms=1, environment=Surface, hex_size=820x946, map=BlankTerraceBig_05, map_ref=table: 00000292DC8D7248, mapdata_size=8192x8192, ok=true, sequence=135, session=1, since_previous_ms=1, slot=1, source_tiles=6144x6144, total_ms=26457}
[Super Big Map][LoadingTiming] STEP native enrichment records staged on destination {destination_tiles=8192x8192, environment=Surface, hex_size=820x946, map=BlankTerraceBig_05, map_ref=table: 00000292DC8D7248, mapdata_size=8192x8192, record_count=336, sequence=136, session=1, since_previous_ms=0, slot=1, source_tiles=6144x6144, total_ms=26457}
[Super Big Map][LoadingTiming] STEP BEGIN transfer generated non-enrichment objects {destination_tiles=8192x8192, environment=Surface, hex_size=820x946, map=BlankTerraceBig_05, map_ref=table: 00000292DC8D7248, mapdata_size=8192x8192, sequence=137, session=1, since_previous_ms=0, slot=1, source_tiles=6144x6144, total_ms=26457}
							Lua 0:00:48:746
[Super Big Map][LoadingTiming] STEP END transfer generated non-enrichment objects {begin_session=1, destination_tiles=8192x8192, duration_ms=1561, environment=Surface, hex_size=820x946, map=BlankTerraceBig_05, map_ref=table: 00000292DC8D7248, mapdata_size=8192x8192, ok=true, sequence=138, session=1, since_previous_ms=1561, slot=1, source_tiles=6144x6144, total_ms=28018, transferred=16314}
[Super Big Map][LoadingTiming] STEP BEGIN capture transferred decor relief from temporary terrain {destination_tiles=8192x8192, environment=Surface, hex_size=820x946, map=BlankTerraceBig_05, map_ref=table: 00000292DC8D7248, mapdata_size=8192x8192, sequence=139, session=1, since_previous_ms=1, slot=1, source_tiles=6144x6144, total_ms=28019}
							Lua 0:00:51:634
[Super Big Map][LoadingTiming] STEP decoration relief capture complete {audit_candidates=0, destination_tiles=8192x8192, eligible=16249, environment=Surface, explicit_z=4858, height_failures=0, hex_size=820x946, map=BlankTerraceBig_05, map_ref=table: 00000292DC8D7248, mapdata_size=8192x8192, max_abs_relief=7563, out_of_box_despawned=0, out_of_box_stamped=350, scanned=16700, sequence=140, session=1, since_previous_ms=2888, slot=1, source_tiles=6144x6144, terrain_glued=11391, terrain_source_is_destination=false, total_ms=30907}
[Super Big Map][LoadingTiming] STEP END capture transferred decor relief from temporary terrain {begin_session=1, destination_tiles=8192x8192, duration_ms=2888, environment=Surface, hex_size=820x946, map=BlankTerraceBig_05, map_ref=table: 00000292DC8D7248, mapdata_size=8192x8192, ok=true, sequence=141, session=1, since_previous_ms=0, slot=1, source_tiles=6144x6144, total_ms=30907}
							Lua 0:00:51:635
[Super Big Map][LoadingTiming] STEP BEGIN rebuild destination grids after source migration {destination_tiles=8192x8192, environment=Surface, hex_size=820x946, map=BlankTerraceBig_05, map_ref=table: 00000292DC8D7248, mapdata_size=8192x8192, sequence=142, session=1, since_previous_ms=0, slot=1, source_tiles=6144x6144, total_ms=30907}
[Super Big Map][LoadingTiming] STEP END rebuild destination grids after source migration {begin_session=1, destination_tiles=8192x8192, duration_ms=1, environment=Surface, hex_size=820x946, map=BlankTerraceBig_05, map_ref=table: 00000292DC8D7248, mapdata_size=8192x8192, ok=true, sequence=143, session=1, since_previous_ms=1, slot=1, source_tiles=6144x6144, total_ms=30908}
[Super Big Map][LoadingTiming] STEP temporary vanilla backing retained for the passage passability bridge {destination_tiles=8192x8192, environment=Surface, hex_size=820x946, map=BlankTerraceBig_05, map_ref=table: 00000292DC8D7248, mapdata_size=8192x8192, pass_edits_deferred=false, sequence=144, session=1, since_previous_ms=0, slot=1, source_slot=15, source_tiles=6144x6144, total_ms=30908}
							Lua 0:00:51:642
[Super Big Map][LoadingTiming] STEP staged enrichment records survived source unload {destination_tiles=8192x8192, environment=Surface, hex_size=820x946, map=BlankTerraceBig_05, map_ref=table: 00000292DC8D7248, mapdata_size=8192x8192, record_count=336, sequence=145, session=1, since_previous_ms=7, slot=1, source_tiles=6144x6144, total_ms=30915, verified=true}
							Lua 0:00:51:643
[Super Big Map][LoadingTiming] PHASE_END Migrating the vanilla source into the expanded terrain... {destination_tiles=8192x8192, duration_ms=10190, environment=Surface, hex_size=820x946, map=BlankTerraceBig_05, map_ref=table: 00000292DC8D7248, mapdata_size=8192x8192, ok=true, sequence=146, session=1, slot=1, source_tiles=6144x6144, total_ms=30915}
[Super Big Map][LoadingTiming] PHASE_BEGIN Finishing the expanded map... {destination_tiles=8192x8192, environment=Surface, hex_size=820x946, map=BlankTerraceBig_05, map_ref=table: 00000292DC8D7248, mapdata_size=8192x8192, sequence=147, session=1, slot=1, source_tiles=6144x6144, total_ms=30915}
[Super Big Map][LoadingTiming] STEP temporary source transaction complete {destination_tiles=8192x8192, environment=Surface, hex_size=820x946, map=BlankTerraceBig_05, map_ref=table: 00000292DC8D7248, mapdata_size=8192x8192, sequence=148, session=1, since_previous_ms=1, slot=1, source_tiles=6144x6144, total_ms=30916}
							Lua 0:00:56:274
[Super Big Map][LoadingTiming] STEP lifecycle: MapGenerated {destination_tiles=8192x8192, environment=Surface, hex_size=820x946, map=BlankTerraceBig_05, map_ref=table: 00000292DC8D7248, mapdata_size=8192x8192, mod_map=true, sequence=149, session=1, since_previous_ms=4631, slot=1, source_tiles=6144x6144, total_ms=35547}
							Lua 0:00:56:516
[Super Big Map][LoadingTiming] STEP prefab feature game logic correspondence {actual_safari=78, created_safari=78, destination_tiles=8192x8192, environment=Surface, expected_safari=78, hex_size=820x946, map=BlankTerraceBig_05, map_ref=table: 00000292DC8D7248, mapdata_size=8192x8192, markers=174, matched_safari=0, removed_orphan_safari=0, replayed_markers=174, sequence=150, session=1, since_previous_ms=242, slot=1, source_tiles=6144x6144, total_ms=35789}
[Super Big Map][LoadingTiming] STEP lifecycle: UndergroundDarknessState {after=0, before=0, destination_tiles=8192x8192, environment=Surface, forced_reveal=false, hex_size=820x946, map=BlankTerraceBig_05, map_ref=table: 00000292DC8D7248, mapdata_size=8192x8192, sequence=151, session=1, since_previous_ms=0, slot=1, source_tiles=6144x6144, total_ms=35789}
							Lua 0:00:56:541
[Super Big Map][LoadingTiming] STEP lifecycle: UndergroundDarknessState {after=0, before=0, destination_tiles=8192x8192, environment=Surface, forced_reveal=false, hex_size=820x946, map=BlankTerraceBig_05, map_ref=table: 00000292DC8D7248, mapdata_size=8192x8192, sequence=152, session=1, since_previous_ms=25, slot=1, source_tiles=6144x6144, total_ms=35814}
							Lua 0:00:56:542
[Super Big Map][UndergroundSeedReservation] CONSUMER {boundary=fresh_vanilla_twin_test_seam, consumer_seed=5144878461829043810, consumer_status=pending_injected, destination_tiles=8192x8192, environment=Surface, fill_ok=true, hex_size=820x946, map=BlankTerraceBig_05, map_ref=table: 00000292DC8D7248, mapdata_size=8192x8192, reserved_seed=5144878461829043810, seeded_params_seed=5144878461829043810, slot=1, source_tiles=6144x6144}
							Lua 0:00:56:543
[Super Big Map][LoadingTiming] STEP session continues: expanded map allocation {destination_tiles=8192x8192, environment=Underground, hex_size=nilxnil, map=BlankUnderground_03, map_name=BlankUnderground_03, map_ref=table: 00000292E8745338, map_slot=2, mapdata_size=8192x8192, sequence=153, session=1, since_previous_ms=2, slot=nil, source_tiles=6144x6144, total_ms=35816}
							Lua 0:00:56:544
[Super Big Map][LoadingTiming] STEP lifecycle: NewMapObject {destination_tiles=8192x8192, environment=Underground, hex_size=nilxnil, map=BlankUnderground_03, map_ref=table: 00000292E8745338, mapdata_size=8192x8192, sequence=154, session=1, since_previous_ms=1, slot=2, source_tiles=6144x6144, total_ms=35817}
							Lua 0:00:56:575
[DebugAdapter] New connection to DebugAddapter 127.0.0.1:56186
							Lua 0:00:57:812
Map::Init: 0.28000 ms
Map::Load: 260.37000 ms
CreateMap: 260.53000 ms
[Super Big Map][LoadingTiming] STEP lifecycle: PreNewMap {destination_tiles=8192x8192, environment=Underground, hex_size=nilxnil, map=BlankUnderground_03, map_ref=table: 00000292E8745338, mapdata=table: 00000292E8745260, mapdata_size=8192x8192, sequence=155, session=1, since_previous_ms=1268, slot=2, source_tiles=6144x6144, total_ms=37085}
							Lua 0:00:58:095
Buildable grid ready: 1/8 valid zones.
							Lua 0:00:58:104
[Super Big Map][LoadingTiming] STEP lifecycle: NewMap {destination_tiles=8192x8192, environment=Underground, hex_size=820x946, map=BlankUnderground_03, map_ref=table: 00000292E8745338, mapdata=table: 00000292E8745260, mapdata_size=8192x8192, sequence=156, session=1, since_previous_ms=291, slot=2, source_tiles=6144x6144, total_ms=37376}
							Lua 0:00:58:105
[Super Big Map][LoadingTiming] STEP prefab feature game logic correspondence {actual_safari=0, created_safari=0, destination_tiles=8192x8192, environment=Underground, expected_safari=0, hex_size=820x946, map=BlankUnderground_03, map_ref=table: 00000292E8745338, mapdata_size=8192x8192, markers=0, matched_safari=0, removed_orphan_safari=0, replayed_markers=0, sequence=157, session=1, since_previous_ms=2, slot=2, source_tiles=6144x6144, total_ms=37378}
							Lua 0:00:58:388
Buildable grid ready: 1/8 valid zones.
							Lua 0:00:58:389
[Super Big Map][LoadingTiming] STEP lifecycle: UndergroundDarknessState {after=90, before=0, destination_tiles=8192x8192, environment=Underground, forced_reveal=false, hex_size=820x946, map=BlankUnderground_03, map_ref=table: 00000292E8745338, mapdata_size=8192x8192, sequence=158, session=1, since_previous_ms=283, slot=2, source_tiles=6144x6144, total_ms=37661}
							Lua 0:00:58:393
MapLoadRandom:  4969760937252607587 
							Lua 0:00:58:493
[Super Big Map][LoadingTiming] STEP lifecycle: NewMapLoaded {destination_tiles=8192x8192, environment=Underground, hex_size=820x946, map=BlankUnderground_03, map_ref=table: 00000292E8745338, mapdata=table: 00000292E8745260, mapdata_size=8192x8192, sequence=159, session=1, since_previous_ms=105, slot=2, source_tiles=6144x6144, total_ms=37766}
							Lua 0:00:58:495
[Super Big Map][LoadingTiming] STEP prefab feature game logic correspondence {actual_safari=0, created_safari=0, destination_tiles=8192x8192, environment=Underground, expected_safari=0, hex_size=820x946, map=BlankUnderground_03, map_ref=table: 00000292E8745338, mapdata_size=8192x8192, markers=0, matched_safari=0, removed_orphan_safari=0, replayed_markers=0, sequence=160, session=1, since_previous_ms=2, slot=2, source_tiles=6144x6144, total_ms=37768}
[Super Big Map][LoadingTiming] STEP lifecycle: UndergroundDarknessState {after=90, before=90, destination_tiles=8192x8192, environment=Underground, forced_reveal=false, hex_size=820x946, map=BlankUnderground_03, map_ref=table: 00000292E8745338, mapdata_size=8192x8192, sequence=161, session=1, since_previous_ms=0, slot=2, source_tiles=6144x6144, total_ms=37768}
							Lua 0:01:03:399
[Super Big Map][LoadingTiming] STEP lifecycle: PostNewMapLoaded {destination_tiles=8192x8192, environment=Underground, hex_size=820x946, map=BlankUnderground_03, map_ref=table: 00000292E8745338, mapdata=table: 00000292E8745260, mapdata_size=8192x8192, sequence=162, session=1, since_previous_ms=4904, slot=2, source_tiles=6144x6144, total_ms=42672}
							Lua 0:01:03:401
[Super Big Map][LoadingTiming] STEP prefab feature game logic correspondence {actual_safari=0, created_safari=0, destination_tiles=8192x8192, environment=Underground, expected_safari=0, hex_size=820x946, map=BlankUnderground_03, map_ref=table: 00000292E8745338, mapdata_size=8192x8192, markers=0, matched_safari=0, removed_orphan_safari=0, replayed_markers=0, sequence=163, session=1, since_previous_ms=2, slot=2, source_tiles=6144x6144, total_ms=42674}
[Super Big Map][LoadingTiming] STEP lifecycle: UndergroundDarknessState {after=90, before=90, destination_tiles=8192x8192, environment=Underground, forced_reveal=false, hex_size=820x946, map=BlankUnderground_03, map_ref=table: 00000292E8745338, mapdata_size=8192x8192, sequence=164, session=1, since_previous_ms=0, slot=2, source_tiles=6144x6144, total_ms=42674}
							Lua 0:01:03:418
Map (slot 2) changed to "BlankUnderground_03" in 6876 ms.
[Super Big Map][LoadingTiming] STEP session continues: RandomMapGenerator.DoGenerate {destination_tiles=8192x8192, environment=Underground, expansion_pending=true, hex_size=820x946, map=BlankUnderground_03, map_ref=table: 00000292E8745338, mapdata_size=8192x8192, sequence=165, session=1, since_previous_ms=17, slot=2, source_tiles=6144x6144, total_ms=42691, vanilla_source_migration=false}
[Super Big Map][LoadingTiming] STEP attempt exact temporary-source transaction {destination_tiles=8192x8192, environment=Underground, generator_limit_tiles=6144, hex_size=820x946, map=BlankUnderground_03, map_ref=table: 00000292E8745338, map_tiles=8192x8192, mapdata_size=8192x8192, sequence=166, session=1, since_previous_ms=0, slot=2, source_tiles=6144x6144, total_ms=42691}
							Lua 0:01:04:282
Buildable grid ready: 72/5174 valid zones.
							Lua 0:01:04:283
[Super Big Map][LoadingTiming] STEP surface passage pairing grid ready {created=false, destination_tiles=8192x8192, environment=Surface, hex_size=820x946, map=BlankTerraceBig_05, map_ref=table: 00000292DC8D7248, mapdata_size=8192x8192, sequence=167, session=1, since_previous_ms=865, slot=1, source_tiles=6144x6144, total_ms=43556}
							Lua 0:01:04:284
[Super Big Map][LoadingTiming] STEP BEGIN source-view RandomMapGenerator.DoGenerate on expanded backing {destination_tiles=8192x8192, environment=Underground, hex_size=615x710, map=BlankUnderground_03, map_ref=table: 00000292E8745338, mapdata_size=6144x6144, sequence=168, session=1, since_previous_ms=1, slot=2, source_tiles=6144x6144, total_ms=43557}
							Lua 0:01:04:286
[Super Big Map][LoadingTiming] STEP native clutter access probe {clutter_tile_size=nil, destination_tiles=8192x8192, environment=Underground, global_terrain=table: 00000292DA816DE0, grid_names=none, height_tile_size=100, hex_size=615x710, map=BlankUnderground_03, map_fields=none, map_import_terrain=false, map_is_current=false, map_ref=table: 00000292E8745338, map_reset_terrain=false, mapdata_size=6144x6144, refs=editor.map.clutter=nil | orig.map.clutter=nil | editor.map.clutter_density=nil | orig.map.clutter_density=nil | editor.map.grass_density=nil | orig.map.grass_density=nil, samples=not-current-or-unavailable, sequence=169, session=1, since_previous_ms=2, slot=2, source_tiles=6144x6144, stage=expanded backing before underground DoGenerate, total_ms=43559}
							Lua 0:01:09:125
[DebugAdapter] Connection lost to 127.0.0.1:56186 
							Lua 0:01:11:521
[Super Big Map][LoadingTiming] STEP BEGIN RandomMapGenerator.OnGenerateLogic {destination_tiles=8192x8192, environment=Underground, hex_size=615x710, map=BlankUnderground_03, map_ref=table: 00000292E8745338, mapdata_size=6144x6144, sequence=170, session=1, since_previous_ms=7235, slot=2, source_tiles=6144x6144, total_ms=50794}
[Super Big Map][LoadingTiming] STEP BEGIN RandomMap procedure: ResolveBuildable {destination_tiles=8192x8192, environment=Underground, hex_size=615x710, map=BlankUnderground_03, map_ref=table: 00000292E8745338, mapdata_size=6144x6144, randless=nil, sequence=171, session=1, since_previous_ms=0, slot=2, source_tiles=6144x6144, tag=ResolveBuildable, total_ms=50794}
							Lua 0:01:11:703
Buildable grid ready: 1/8 valid zones.
							Lua 0:01:12:451
[Super Big Map][LoadingTiming] STEP END RandomMap procedure: ResolveBuildable {begin_session=1, destination_tiles=8192x8192, duration_ms=930, environment=Underground, hex_size=615x710, map=BlankUnderground_03, map_ref=table: 00000292E8745338, mapdata_size=6144x6144, ok=true, sequence=172, session=1, since_previous_ms=930, slot=2, source_tiles=6144x6144, tag=ResolveBuildable, total_ms=51724}
[Super Big Map][LoadingTiming] STEP BEGIN RandomMap procedure: PlaceColdAreas {destination_tiles=8192x8192, environment=Underground, hex_size=615x710, map=BlankUnderground_03, map_ref=table: 00000292E8745338, mapdata_size=6144x6144, randless=nil, sequence=173, session=1, since_previous_ms=0, slot=2, source_tiles=6144x6144, tag=PlaceColdAreas, total_ms=51724}
[Super Big Map][LoadingTiming] STEP END RandomMap procedure: PlaceColdAreas {begin_session=1, destination_tiles=8192x8192, duration_ms=0, environment=Underground, hex_size=615x710, map=BlankUnderground_03, map_ref=table: 00000292E8745338, mapdata_size=6144x6144, ok=true, sequence=174, session=1, since_previous_ms=0, slot=2, source_tiles=6144x6144, tag=PlaceColdAreas, total_ms=51724}
[Super Big Map][LoadingTiming] STEP BEGIN deferred underground passage bootstrap {destination_tiles=8192x8192, environment=Underground, hex_size=615x710, map=BlankUnderground_03, map_ref=table: 00000292E8745338, mapdata_size=6144x6144, sequence=175, session=1, since_previous_ms=0, slot=2, source_tiles=6144x6144, total_ms=51724}
							Lua 0:01:12:459
[Super Big Map][LoadingTiming] STEP underground buried wonder source vertical geometry {class=CaveOfWonders, destination_tiles=8192x8192, entity=WonderCrystalCave, environment=Underground, flatten_shape_hexes=572, hex_size=615x710, map=BlankUnderground_03, map_ref=table: 00000292E8745338, mapdata_size=6144x6144, marker_scale=100, sequence=176, session=1, since_previous_ms=8, slot=2, source_flatten_z=10000, source_tiles=6144x6144, total_ms=51732}
							Lua 0:01:12:736
[Super Big Map][LoadingTiming] STEP underground buried wonder source vertical geometry {class=AncientArtifact, destination_tiles=8192x8192, entity=WonderAncientArtifact, environment=Underground, flatten_shape_hexes=1283, hex_size=615x710, map=BlankUnderground_03, map_ref=table: 00000292E8745338, mapdata_size=6144x6144, marker_scale=100, sequence=177, session=1, since_previous_ms=277, slot=2, source_flatten_z=10000, source_tiles=6144x6144, total_ms=52009}
							Lua 0:01:12:850
[Super Big Map][LoadingTiming] STEP native underground wonder footprint cleared {class=CaveOfWonders, clearance_mode=native_vanilla_flatten_shape, destination_tiles=8192x8192, environment=Underground, flatten_z=10000, hex_size=615x710, map=BlankUnderground_03, map_ref=table: 00000292E8745338, mapdata_size=6144x6144, sequence=178, session=1, since_previous_ms=114, slot=2, source_tiles=6144x6144, total_ms=52123}
							Lua 0:01:13:336
[Super Big Map][LoadingTiming] STEP native underground wonder footprint cleared {class=AncientArtifact, clearance_mode=native_vanilla_flatten_shape, destination_tiles=8192x8192, environment=Underground, flatten_z=10000, hex_size=615x710, map=BlankUnderground_03, map_ref=table: 00000292E8745338, mapdata_size=6144x6144, sequence=179, session=1, since_previous_ms=486, slot=2, source_tiles=6144x6144, total_ms=52609}
							Lua 0:01:13:493
[Super Big Map][LoadingTiming] STEP native surface passage buildable bridge installed {destination_tiles=8192x8192, environment=Surface, expanded_height=946, expanded_width=820, hex_size=820x946, map=BlankTerraceBig_05, map_ref=table: 00000292DC8D7248, mapdata_size=8192x8192, sequence=180, session=1, since_previous_ms=157, slot=1, source_height=710, source_tiles=6144x6144, source_width=615, total_ms=52766}
[Super Big Map][LoadingTiming] STEP native surface passage fallback radius pinned to the source extent {destination_tiles=8192x8192, environment=Surface, expanded_height=819200, expanded_width=819200, hex_size=820x946, map=BlankTerraceBig_05, map_ref=table: 00000292DC8D7248, mapdata_size=8192x8192, max_radius=307200, sequence=181, session=1, since_previous_ms=0, slot=1, source_height=614400, source_tiles=6144x6144, source_width=614400, total_ms=52766}
[Super Big Map][LoadingTiming] STEP native surface passage passability bridged to the retained source map {destination_tiles=8192x8192, environment=Surface, hex_size=820x946, map=BlankTerraceBig_05, map_ref=table: 00000292DC8D7248, mapdata_size=8192x8192, sequence=182, session=1, since_previous_ms=0, slot=1, source_slot=15, source_tiles=6144x6144, total_ms=52766}
							Lua 0:01:13:554
[Super Big Map][LoadingTiming] STEP BEGIN unload retained vanilla source backing {destination_tiles=8192x8192, environment=Surface, hex_size=820x946, map=BlankTerraceBig_05, map_ref=table: 00000292DC8D7248, mapdata_size=8192x8192, reason=passage bootstrap selection window closed, sequence=183, session=1, since_previous_ms=60, slot=1, source_slot=15, source_tiles=6144x6144, total_ms=52826}
							Lua 0:01:13:867
Map::Done: 0.46000 ms
							Lua 0:01:13:881
[Super Big Map][LoadingTiming] STEP END unload retained vanilla source backing {begin_session=1, destination_tiles=8192x8192, duration_ms=327, environment=Surface, error=nil, hex_size=820x946, map=BlankTerraceBig_05, map_ref=table: 00000292DC8D7248, mapdata_size=8192x8192, ok=true, sequence=184, session=1, since_previous_ms=327, slot=1, source_tiles=6144x6144, total_ms=53153}
							Lua 0:01:14:170
[Super Big Map][LoadingTiming] STEP END deferred underground passage bootstrap {begin_session=1, destination_tiles=8192x8192, duration_ms=1718, environment=Underground, hex_size=615x710, map=BlankUnderground_03, map_ref=table: 00000292E8745338, mapdata_size=6144x6144, ok=true, passages=2, planned_pairs=2, sequence=185, session=1, since_previous_ms=289, slot=2, source_tiles=6144x6144, total_ms=53442, wonders_deferred=2}
[Super Big Map][LoadingTiming] STEP BEGIN RandomMap procedure: PlaceAnomalies {destination_tiles=8192x8192, environment=Underground, hex_size=615x710, map=BlankUnderground_03, map_ref=table: 00000292E8745338, mapdata_size=6144x6144, randless=nil, sequence=186, session=1, since_previous_ms=1, slot=2, source_tiles=6144x6144, tag=PlaceAnomalies, total_ms=53443}
							Lua 0:01:14:174
[Super Big Map][LoadingTiming] STEP BEGIN RandomMap procedure: PlaceAnomalies_FindFeatures {destination_tiles=8192x8192, environment=Underground, hex_size=615x710, map=BlankUnderground_03, map_ref=table: 00000292E8745338, mapdata_size=6144x6144, randless=true, sequence=187, session=1, since_previous_ms=4, slot=2, source_tiles=6144x6144, tag=PlaceAnomalies_FindFeatures, total_ms=53447}
[Super Big Map][LoadingTiming] STEP BEGIN RandomMap procedure: PlaceAnomalies_FindFeatures_RepulseDeposits {destination_tiles=8192x8192, environment=Underground, hex_size=615x710, map=BlankUnderground_03, map_ref=table: 00000292E8745338, mapdata_size=6144x6144, randless=nil, sequence=188, session=1, since_previous_ms=0, slot=2, source_tiles=6144x6144, tag=PlaceAnomalies_FindFeatures_RepulseDeposits, total_ms=53447}
[Super Big Map][LoadingTiming] STEP END RandomMap procedure: PlaceAnomalies_FindFeatures_RepulseDeposits {begin_session=1, destination_tiles=8192x8192, duration_ms=0, environment=Underground, hex_size=615x710, map=BlankUnderground_03, map_ref=table: 00000292E8745338, mapdata_size=6144x6144, ok=true, sequence=189, session=1, since_previous_ms=0, slot=2, source_tiles=6144x6144, tag=PlaceAnomalies_FindFeatures_RepulseDeposits, total_ms=53447}
							Lua 0:01:14:175
[Super Big Map][LoadingTiming] STEP BEGIN RandomMap procedure: PlaceAnomalies_FindFeatures_Deposits {destination_tiles=8192x8192, environment=Underground, hex_size=615x710, map=BlankUnderground_03, map_ref=table: 00000292E8745338, mapdata_size=6144x6144, randless=nil, sequence=190, session=1, since_previous_ms=0, slot=2, source_tiles=6144x6144, tag=PlaceAnomalies_FindFeatures_Deposits, total_ms=53447}
[Super Big Map][LoadingTiming] STEP END RandomMap procedure: PlaceAnomalies_FindFeatures_Deposits {begin_session=1, destination_tiles=8192x8192, duration_ms=1, environment=Underground, hex_size=615x710, map=BlankUnderground_03, map_ref=table: 00000292E8745338, mapdata_size=6144x6144, ok=true, sequence=191, session=1, since_previous_ms=1, slot=2, source_tiles=6144x6144, tag=PlaceAnomalies_FindFeatures_Deposits, total_ms=53448}
[Super Big Map][LoadingTiming] STEP BEGIN RandomMap procedure: PlaceAnomalies_FindFeatures_Anomalies {destination_tiles=8192x8192, environment=Underground, hex_size=615x710, map=BlankUnderground_03, map_ref=table: 00000292E8745338, mapdata_size=6144x6144, randless=nil, sequence=192, session=1, since_previous_ms=0, slot=2, source_tiles=6144x6144, tag=PlaceAnomalies_FindFeatures_Anomalies, total_ms=53448}
[Super Big Map][LoadingTiming] STEP END RandomMap procedure: PlaceAnomalies_FindFeatures_Anomalies {begin_session=1, destination_tiles=8192x8192, duration_ms=0, environment=Underground, hex_size=615x710, map=BlankUnderground_03, map_ref=table: 00000292E8745338, mapdata_size=6144x6144, ok=true, sequence=193, session=1, since_previous_ms=0, slot=2, source_tiles=6144x6144, tag=PlaceAnomalies_FindFeatures_Anomalies, total_ms=53448}
[Super Big Map][LoadingTiming] STEP BEGIN RandomMap procedure: PlaceAnomalies_FindFeatures_EffectDeposits {destination_tiles=8192x8192, environment=Underground, hex_size=615x710, map=BlankUnderground_03, map_ref=table: 00000292E8745338, mapdata_size=6144x6144, randless=nil, sequence=194, session=1, since_previous_ms=0, slot=2, source_tiles=6144x6144, tag=PlaceAnomalies_FindFeatures_EffectDeposits, total_ms=53448}
[Super Big Map][LoadingTiming] STEP END RandomMap procedure: PlaceAnomalies_FindFeatures_EffectDeposits {begin_session=1, destination_tiles=8192x8192, duration_ms=0, environment=Underground, hex_size=615x710, map=BlankUnderground_03, map_ref=table: 00000292E8745338, mapdata_size=6144x6144, ok=true, sequence=195, session=1, since_previous_ms=0, slot=2, source_tiles=6144x6144, tag=PlaceAnomalies_FindFeatures_EffectDeposits, total_ms=53448}
							Lua 0:01:14:179
[Super Big Map][LoadingTiming] STEP END RandomMap procedure: PlaceAnomalies_FindFeatures {begin_session=1, destination_tiles=8192x8192, duration_ms=5, environment=Underground, hex_size=615x710, map=BlankUnderground_03, map_ref=table: 00000292E8745338, mapdata_size=6144x6144, ok=true, sequence=196, session=1, since_previous_ms=4, slot=2, source_tiles=6144x6144, tag=PlaceAnomalies_FindFeatures, total_ms=53452}
[Super Big Map][LoadingTiming] STEP BEGIN RandomMap procedure: PlaceAnomalies_FindClusters {destination_tiles=8192x8192, environment=Underground, hex_size=615x710, map=BlankUnderground_03, map_ref=table: 00000292E8745338, mapdata_size=6144x6144, randless=nil, sequence=197, session=1, since_previous_ms=0, slot=2, source_tiles=6144x6144, tag=PlaceAnomalies_FindClusters, total_ms=53452}
							Lua 0:01:14:183
[Super Big Map][LoadingTiming] STEP END RandomMap procedure: PlaceAnomalies_FindClusters {begin_session=1, destination_tiles=8192x8192, duration_ms=4, environment=Underground, hex_size=615x710, map=BlankUnderground_03, map_ref=table: 00000292E8745338, mapdata_size=6144x6144, ok=true, sequence=198, session=1, since_previous_ms=4, slot=2, source_tiles=6144x6144, tag=PlaceAnomalies_FindClusters, total_ms=53456}
							Lua 0:01:14:184
[Super Big Map][LoadingTiming] STEP BEGIN RandomMap procedure: PlaceAnomalies_FindAnomalies_Breakthrough {destination_tiles=8192x8192, environment=Underground, hex_size=615x710, map=BlankUnderground_03, map_ref=table: 00000292E8745338, mapdata_size=6144x6144, randless=nil, sequence=199, session=1, since_previous_ms=1, slot=2, source_tiles=6144x6144, tag=PlaceAnomalies_FindAnomalies_Breakthrough, total_ms=53457}
[Super Big Map][LoadingTiming] STEP END RandomMap procedure: PlaceAnomalies_FindAnomalies_Breakthrough {begin_session=1, destination_tiles=8192x8192, duration_ms=0, environment=Underground, hex_size=615x710, map=BlankUnderground_03, map_ref=table: 00000292E8745338, mapdata_size=6144x6144, ok=true, sequence=200, session=1, since_previous_ms=0, slot=2, source_tiles=6144x6144, tag=PlaceAnomalies_FindAnomalies_Breakthrough, total_ms=53457}
[Super Big Map][LoadingTiming] STEP BEGIN RandomMap procedure: PlaceAnomalies_FindDeposits {destination_tiles=8192x8192, environment=Underground, hex_size=615x710, map=BlankUnderground_03, map_ref=table: 00000292E8745338, mapdata_size=6144x6144, randless=true, sequence=201, session=1, since_previous_ms=0, slot=2, source_tiles=6144x6144, tag=PlaceAnomalies_FindDeposits, total_ms=53457}
[Super Big Map][LoadingTiming] STEP BEGIN RandomMap procedure: PlaceAnomalies_FindDeposits_subs_Metals {destination_tiles=8192x8192, environment=Underground, hex_size=615x710, map=BlankUnderground_03, map_ref=table: 00000292E8745338, mapdata_size=6144x6144, randless=nil, sequence=202, session=1, since_previous_ms=0, slot=2, source_tiles=6144x6144, tag=PlaceAnomalies_FindDeposits_subs_Metals, total_ms=53457}
							Lua 0:01:14:186
[Super Big Map][LoadingTiming] STEP END RandomMap procedure: PlaceAnomalies_FindDeposits_subs_Metals {begin_session=1, destination_tiles=8192x8192, duration_ms=1, environment=Underground, hex_size=615x710, map=BlankUnderground_03, map_ref=table: 00000292E8745338, mapdata_size=6144x6144, ok=true, sequence=203, session=1, since_previous_ms=1, slot=2, source_tiles=6144x6144, tag=PlaceAnomalies_FindDeposits_subs_Metals, total_ms=53458}
[Super Big Map][LoadingTiming] STEP BEGIN RandomMap procedure: PlaceAnomalies_FindDeposits_subs_PreciousMetals {destination_tiles=8192x8192, environment=Underground, hex_size=615x710, map=BlankUnderground_03, map_ref=table: 00000292E8745338, mapdata_size=6144x6144, randless=nil, sequence=204, session=1, since_previous_ms=1, slot=2, source_tiles=6144x6144, tag=PlaceAnomalies_FindDeposits_subs_PreciousMetals, total_ms=53459}
							Lua 0:01:14:187
[Super Big Map][LoadingTiming] STEP END RandomMap procedure: PlaceAnomalies_FindDeposits_subs_PreciousMetals {begin_session=1, destination_tiles=8192x8192, duration_ms=1, environment=Underground, hex_size=615x710, map=BlankUnderground_03, map_ref=table: 00000292E8745338, mapdata_size=6144x6144, ok=true, sequence=205, session=1, since_previous_ms=1, slot=2, source_tiles=6144x6144, tag=PlaceAnomalies_FindDeposits_subs_PreciousMetals, total_ms=53460}
[Super Big Map][LoadingTiming] STEP BEGIN RandomMap procedure: PlaceAnomalies_FindDeposits_subs_Water {destination_tiles=8192x8192, environment=Underground, hex_size=615x710, map=BlankUnderground_03, map_ref=table: 00000292E8745338, mapdata_size=6144x6144, randless=nil, sequence=206, session=1, since_previous_ms=0, slot=2, source_tiles=6144x6144, tag=PlaceAnomalies_FindDeposits_subs_Water, total_ms=53460}
							Lua 0:01:14:188
[Super Big Map][LoadingTiming] STEP END RandomMap procedure: PlaceAnomalies_FindDeposits_subs_Water {begin_session=1, destination_tiles=8192x8192, duration_ms=1, environment=Underground, hex_size=615x710, map=BlankUnderground_03, map_ref=table: 00000292E8745338, mapdata_size=6144x6144, ok=true, sequence=207, session=1, since_previous_ms=1, slot=2, source_tiles=6144x6144, tag=PlaceAnomalies_FindDeposits_subs_Water, total_ms=53461}
[Super Big Map][LoadingTiming] STEP BEGIN RandomMap procedure: PlaceAnomalies_FindDeposits_terr_Concrete {destination_tiles=8192x8192, environment=Underground, hex_size=615x710, map=BlankUnderground_03, map_ref=table: 00000292E8745338, mapdata_size=6144x6144, randless=nil, sequence=208, session=1, since_previous_ms=0, slot=2, source_tiles=6144x6144, tag=PlaceAnomalies_FindDeposits_terr_Concrete, total_ms=53461}
							Lua 0:01:14:189
[Super Big Map][LoadingTiming] STEP END RandomMap procedure: PlaceAnomalies_FindDeposits_terr_Concrete {begin_session=1, destination_tiles=8192x8192, duration_ms=1, environment=Underground, hex_size=615x710, map=BlankUnderground_03, map_ref=table: 00000292E8745338, mapdata_size=6144x6144, ok=true, sequence=209, session=1, since_previous_ms=1, slot=2, source_tiles=6144x6144, tag=PlaceAnomalies_FindDeposits_terr_Concrete, total_ms=53462}
							Lua 0:01:14:190
[Super Big Map][LoadingTiming] STEP END RandomMap procedure: PlaceAnomalies_FindDeposits {begin_session=1, destination_tiles=8192x8192, duration_ms=6, environment=Underground, hex_size=615x710, map=BlankUnderground_03, map_ref=table: 00000292E8745338, mapdata_size=6144x6144, ok=true, sequence=210, session=1, since_previous_ms=1, slot=2, source_tiles=6144x6144, tag=PlaceAnomalies_FindDeposits, total_ms=53463}
[Super Big Map][LoadingTiming] STEP BEGIN RandomMap procedure: PlaceAnomalies_FindAnomalies {destination_tiles=8192x8192, environment=Underground, hex_size=615x710, map=BlankUnderground_03, map_ref=table: 00000292E8745338, mapdata_size=6144x6144, randless=true, sequence=211, session=1, since_previous_ms=0, slot=2, source_tiles=6144x6144, tag=PlaceAnomalies_FindAnomalies, total_ms=53463}
[Super Big Map][LoadingTiming] STEP BEGIN RandomMap procedure: PlaceAnomalies_FindAnomalies_TechUnlock {destination_tiles=8192x8192, environment=Underground, hex_size=615x710, map=BlankUnderground_03, map_ref=table: 00000292E8745338, mapdata_size=6144x6144, randless=nil, sequence=212, session=1, since_previous_ms=0, slot=2, source_tiles=6144x6144, tag=PlaceAnomalies_FindAnomalies_TechUnlock, total_ms=53463}
							Lua 0:01:14:191
[Super Big Map][LoadingTiming] STEP END RandomMap procedure: PlaceAnomalies_FindAnomalies_TechUnlock {begin_session=1, destination_tiles=8192x8192, duration_ms=1, environment=Underground, hex_size=615x710, map=BlankUnderground_03, map_ref=table: 00000292E8745338, mapdata_size=6144x6144, ok=true, sequence=213, session=1, since_previous_ms=1, slot=2, source_tiles=6144x6144, tag=PlaceAnomalies_FindAnomalies_TechUnlock, total_ms=53464}
[Super Big Map][LoadingTiming] STEP BEGIN RandomMap procedure: PlaceAnomalies_FindAnomalies_Event {destination_tiles=8192x8192, environment=Underground, hex_size=615x710, map=BlankUnderground_03, map_ref=table: 00000292E8745338, mapdata_size=6144x6144, randless=nil, sequence=214, session=1, since_previous_ms=0, slot=2, source_tiles=6144x6144, tag=PlaceAnomalies_FindAnomalies_Event, total_ms=53464}
							Lua 0:01:14:192
[Super Big Map][LoadingTiming] STEP END RandomMap procedure: PlaceAnomalies_FindAnomalies_Event {begin_session=1, destination_tiles=8192x8192, duration_ms=1, environment=Underground, hex_size=615x710, map=BlankUnderground_03, map_ref=table: 00000292E8745338, mapdata_size=6144x6144, ok=true, sequence=215, session=1, since_previous_ms=1, slot=2, source_tiles=6144x6144, tag=PlaceAnomalies_FindAnomalies_Event, total_ms=53465}
[Super Big Map][LoadingTiming] STEP END RandomMap procedure: PlaceAnomalies_FindAnomalies {begin_session=1, destination_tiles=8192x8192, duration_ms=2, environment=Underground, hex_size=615x710, map=BlankUnderground_03, map_ref=table: 00000292E8745338, mapdata_size=6144x6144, ok=true, sequence=216, session=1, since_previous_ms=0, slot=2, source_tiles=6144x6144, tag=PlaceAnomalies_FindAnomalies, total_ms=53465}
[Super Big Map][LoadingTiming] STEP BEGIN RandomMap procedure: PlaceAnomalies_FindEffectDeposits {destination_tiles=8192x8192, environment=Underground, hex_size=615x710, map=BlankUnderground_03, map_ref=table: 00000292E8745338, mapdata_size=6144x6144, randless=nil, sequence=217, session=1, since_previous_ms=0, slot=2, source_tiles=6144x6144, tag=PlaceAnomalies_FindEffectDeposits, total_ms=53465}
							Lua 0:01:14:193
[Super Big Map][LoadingTiming] STEP BEGIN RandomMap procedure: PlaceAnomalies_FindEffectDeposits_ResearchEffectDeposit {destination_tiles=8192x8192, environment=Underground, hex_size=615x710, map=BlankUnderground_03, map_ref=table: 00000292E8745338, mapdata_size=6144x6144, randless=nil, sequence=218, session=1, since_previous_ms=0, slot=2, source_tiles=6144x6144, tag=PlaceAnomalies_FindEffectDeposits_ResearchEffectDeposit, total_ms=53465}
[Super Big Map][LoadingTiming] STEP END RandomMap procedure: PlaceAnomalies_FindEffectDeposits_ResearchEffectDeposit {begin_session=1, destination_tiles=8192x8192, duration_ms=1, environment=Underground, hex_size=615x710, map=BlankUnderground_03, map_ref=table: 00000292E8745338, mapdata_size=6144x6144, ok=true, sequence=219, session=1, since_previous_ms=1, slot=2, source_tiles=6144x6144, tag=PlaceAnomalies_FindEffectDeposits_ResearchEffectDeposit, total_ms=53466}
							Lua 0:01:14:194
[Super Big Map][LoadingTiming] STEP END RandomMap procedure: PlaceAnomalies_FindEffectDeposits {begin_session=1, destination_tiles=8192x8192, duration_ms=1, environment=Underground, hex_size=615x710, map=BlankUnderground_03, map_ref=table: 00000292E8745338, mapdata_size=6144x6144, ok=true, sequence=220, session=1, since_previous_ms=0, slot=2, source_tiles=6144x6144, tag=PlaceAnomalies_FindEffectDeposits, total_ms=53466}
[Super Big Map][LoadingTiming] STEP BEGIN RandomMap procedure: PlaceAnomalies_AlignToHexGrid {destination_tiles=8192x8192, environment=Underground, hex_size=615x710, map=BlankUnderground_03, map_ref=table: 00000292E8745338, mapdata_size=6144x6144, randless=true, sequence=221, session=1, since_previous_ms=1, slot=2, source_tiles=6144x6144, tag=PlaceAnomalies_AlignToHexGrid, total_ms=53467}
[Super Big Map][LoadingTiming] STEP END RandomMap procedure: PlaceAnomalies_AlignToHexGrid {begin_session=1, destination_tiles=8192x8192, duration_ms=0, environment=Underground, hex_size=615x710, map=BlankUnderground_03, map_ref=table: 00000292E8745338, mapdata_size=6144x6144, ok=true, sequence=222, session=1, since_previous_ms=0, slot=2, source_tiles=6144x6144, tag=PlaceAnomalies_AlignToHexGrid, total_ms=53467}
[Super Big Map][LoadingTiming] STEP BEGIN RandomMap procedure: PlaceAnomalies_PlaceDeposits {destination_tiles=8192x8192, environment=Underground, hex_size=615x710, map=BlankUnderground_03, map_ref=table: 00000292E8745338, mapdata_size=6144x6144, randless=nil, sequence=223, session=1, since_previous_ms=0, slot=2, source_tiles=6144x6144, tag=PlaceAnomalies_PlaceDeposits, total_ms=53467}
							Lua 0:01:14:203
[Super Big Map][LoadingTiming] STEP END RandomMap procedure: PlaceAnomalies_PlaceDeposits {begin_session=1, destination_tiles=8192x8192, duration_ms=9, environment=Underground, hex_size=615x710, map=BlankUnderground_03, map_ref=table: 00000292E8745338, mapdata_size=6144x6144, ok=true, sequence=224, session=1, since_previous_ms=9, slot=2, source_tiles=6144x6144, tag=PlaceAnomalies_PlaceDeposits, total_ms=53476}
[Super Big Map][LoadingTiming] STEP BEGIN RandomMap procedure: PlaceAnomalies_PlaceBreakthroughAnomalies {destination_tiles=8192x8192, environment=Underground, hex_size=615x710, map=BlankUnderground_03, map_ref=table: 00000292E8745338, mapdata_size=6144x6144, randless=nil, sequence=225, session=1, since_previous_ms=0, slot=2, source_tiles=6144x6144, tag=PlaceAnomalies_PlaceBreakthroughAnomalies, total_ms=53476}
[Super Big Map][LoadingTiming] STEP END RandomMap procedure: PlaceAnomalies_PlaceBreakthroughAnomalies {begin_session=1, destination_tiles=8192x8192, duration_ms=0, environment=Underground, hex_size=615x710, map=BlankUnderground_03, map_ref=table: 00000292E8745338, mapdata_size=6144x6144, ok=true, sequence=226, session=1, since_previous_ms=0, slot=2, source_tiles=6144x6144, tag=PlaceAnomalies_PlaceBreakthroughAnomalies, total_ms=53476}
							Lua 0:01:14:204
[Super Big Map][LoadingTiming] STEP BEGIN RandomMap procedure: PlaceAnomalies_PlaceTechUnlockAnomalies {destination_tiles=8192x8192, environment=Underground, hex_size=615x710, map=BlankUnderground_03, map_ref=table: 00000292E8745338, mapdata_size=6144x6144, randless=nil, sequence=227, session=1, since_previous_ms=0, slot=2, source_tiles=6144x6144, tag=PlaceAnomalies_PlaceTechUnlockAnomalies, total_ms=53476}
[Super Big Map][LoadingTiming] STEP END RandomMap procedure: PlaceAnomalies_PlaceTechUnlockAnomalies {begin_session=1, destination_tiles=8192x8192, duration_ms=1, environment=Underground, hex_size=615x710, map=BlankUnderground_03, map_ref=table: 00000292E8745338, mapdata_size=6144x6144, ok=true, sequence=228, session=1, since_previous_ms=1, slot=2, source_tiles=6144x6144, tag=PlaceAnomalies_PlaceTechUnlockAnomalies, total_ms=53477}
[Super Big Map][LoadingTiming] STEP BEGIN RandomMap procedure: PlaceAnomalies_PlaceFreeTechAnomalies {destination_tiles=8192x8192, environment=Underground, hex_size=615x710, map=BlankUnderground_03, map_ref=table: 00000292E8745338, mapdata_size=6144x6144, randless=nil, sequence=229, session=1, since_previous_ms=0, slot=2, source_tiles=6144x6144, tag=PlaceAnomalies_PlaceFreeTechAnomalies, total_ms=53477}
[Super Big Map][LoadingTiming] STEP END RandomMap procedure: PlaceAnomalies_PlaceFreeTechAnomalies {begin_session=1, destination_tiles=8192x8192, duration_ms=0, environment=Underground, hex_size=615x710, map=BlankUnderground_03, map_ref=table: 00000292E8745338, mapdata_size=6144x6144, ok=true, sequence=230, session=1, since_previous_ms=0, slot=2, source_tiles=6144x6144, tag=PlaceAnomalies_PlaceFreeTechAnomalies, total_ms=53477}
[Super Big Map][LoadingTiming] STEP BEGIN RandomMap procedure: PlaceAnomalies_PlaceEventAnomalies {destination_tiles=8192x8192, environment=Underground, hex_size=615x710, map=BlankUnderground_03, map_ref=table: 00000292E8745338, mapdata_size=6144x6144, randless=nil, sequence=231, session=1, since_previous_ms=0, slot=2, source_tiles=6144x6144, tag=PlaceAnomalies_PlaceEventAnomalies, total_ms=53477}
							Lua 0:01:14:205
[Super Big Map][LoadingTiming] STEP END RandomMap procedure: PlaceAnomalies_PlaceEventAnomalies {begin_session=1, destination_tiles=8192x8192, duration_ms=1, environment=Underground, hex_size=615x710, map=BlankUnderground_03, map_ref=table: 00000292E8745338, mapdata_size=6144x6144, ok=true, sequence=232, session=1, since_previous_ms=1, slot=2, source_tiles=6144x6144, tag=PlaceAnomalies_PlaceEventAnomalies, total_ms=53478}
[Super Big Map][LoadingTiming] STEP BEGIN RandomMap procedure: PlaceAnomalies_PlaceEffectDeposits {destination_tiles=8192x8192, environment=Underground, hex_size=615x710, map=BlankUnderground_03, map_ref=table: 00000292E8745338, mapdata_size=6144x6144, randless=nil, sequence=233, session=1, since_previous_ms=0, slot=2, source_tiles=6144x6144, tag=PlaceAnomalies_PlaceEffectDeposits, total_ms=53478}
[Super Big Map][LoadingTiming] STEP END RandomMap procedure: PlaceAnomalies_PlaceEffectDeposits {begin_session=1, destination_tiles=8192x8192, duration_ms=0, environment=Underground, hex_size=615x710, map=BlankUnderground_03, map_ref=table: 00000292E8745338, mapdata_size=6144x6144, ok=true, sequence=234, session=1, since_previous_ms=0, slot=2, source_tiles=6144x6144, tag=PlaceAnomalies_PlaceEffectDeposits, total_ms=53478}
							Lua 0:01:14:206
[Super Big Map][LoadingTiming] STEP END RandomMap procedure: PlaceAnomalies {begin_session=1, destination_tiles=8192x8192, duration_ms=35, environment=Underground, hex_size=615x710, map=BlankUnderground_03, map_ref=table: 00000292E8745338, mapdata_size=6144x6144, ok=true, sequence=235, session=1, since_previous_ms=0, slot=2, source_tiles=6144x6144, tag=PlaceAnomalies, total_ms=53478}
[Super Big Map][LoadingTiming] STEP BEGIN RandomMap procedure: PlaceObstructions {destination_tiles=8192x8192, environment=Underground, hex_size=615x710, map=BlankUnderground_03, map_ref=table: 00000292E8745338, mapdata_size=6144x6144, randless=nil, sequence=236, session=1, since_previous_ms=1, slot=2, source_tiles=6144x6144, tag=PlaceObstructions, total_ms=53479}
							Lua 0:01:14:232
[Super Big Map][LoadingTiming] STEP END RandomMap procedure: PlaceObstructions {begin_session=1, destination_tiles=8192x8192, duration_ms=26, environment=Underground, hex_size=615x710, map=BlankUnderground_03, map_ref=table: 00000292E8745338, mapdata_size=6144x6144, ok=true, sequence=237, session=1, since_previous_ms=26, slot=2, source_tiles=6144x6144, tag=PlaceObstructions, total_ms=53505}
[Super Big Map][LoadingTiming] STEP temporary native underground wonders removed {cleaned=2, destination_tiles=8192x8192, environment=Underground, hex_size=615x710, map=BlankUnderground_03, map_ref=table: 00000292E8745338, mapdata_size=6144x6144, reason=after stock PlaceObstructions, sequence=238, session=1, since_previous_ms=0, slot=2, source_tiles=6144x6144, temporary_flight_queues=3, total_ms=53505}
[Super Big Map][LoadingTiming] STEP BEGIN RandomMap procedure: ClearLandingZones {destination_tiles=8192x8192, environment=Underground, hex_size=615x710, map=BlankUnderground_03, map_ref=table: 00000292E8745338, mapdata_size=6144x6144, randless=nil, sequence=239, session=1, since_previous_ms=0, slot=2, source_tiles=6144x6144, tag=ClearLandingZones, total_ms=53505}
							Lua 0:01:14:233
[Super Big Map][LoadingTiming] STEP END RandomMap procedure: ClearLandingZones {begin_session=1, destination_tiles=8192x8192, duration_ms=0, environment=Underground, hex_size=615x710, map=BlankUnderground_03, map_ref=table: 00000292E8745338, mapdata_size=6144x6144, ok=true, sequence=240, session=1, since_previous_ms=1, slot=2, source_tiles=6144x6144, tag=ClearLandingZones, total_ms=53506}
[Super Big Map][LoadingTiming] STEP END RandomMapGenerator.OnGenerateLogic {begin_session=1, destination_tiles=8192x8192, duration_ms=2712, environment=Underground, hex_size=615x710, map=BlankUnderground_03, map_ref=table: 00000292E8745338, mapdata_size=6144x6144, ok=true, sequence=241, session=1, since_previous_ms=0, slot=2, source_tiles=6144x6144, total_ms=53506}
							Lua 0:01:14:243
[Super Big Map][LoadingTiming] STEP captured vanilla native clutter operation {destination_tiles=8192x8192, environment=Underground, error=, grid_cells=none, hex_size=615x710, kind=none, map=BlankUnderground_03, map_ref=table: 00000292E8745338, mapdata_size=6144x6144, sequence=242, session=1, since_previous_ms=10, slot=2, source_tiles=6144x6144, terrain_candidates=global=table: 00000292DA816DE0 | DoGenerate_env=nil | MapImport_env=nil | MapReset_env=nil | MapExport_env=nil, total_ms=53516, write_sources=global:0, writes=0}
[Super Big Map][LoadingTiming] STEP underground mark grid allocated at backing scale {backing_world=819200, destination_tiles=8192x8192, environment=Underground, grid_cells=768x768->1024x1024, hex_size=615x710, map=BlankUnderground_03, map_ref=table: 00000292E8745338, mapdata_size=6144x6144, mark_phases=3, scaled_grids=4, sequence=243, session=1, since_previous_ms=0, slot=2, source_tiles=6144x6144, source_world=614400, total_ms=53516, unscaled_grids=15}
[Super Big Map][LoadingTiming] STEP source prefab raster transaction serialized {destination_tiles=8192x8192, environment=Underground, generation_ok=true, hex_size=615x710, map=BlankUnderground_03, map_ref=table: 00000292E8745338, mapdata_size=6144x6144, previous_parallel_div=8, restored_parallel_div=8, sequence=244, session=1, since_previous_ms=0, slot=2, source_tiles=6144x6144, total_ms=53516}
							Lua 0:01:14:245
[Super Big Map][UndergroundSeedReservation] HOLDER {boundary=fresh_vanilla_twin_test_seam, consumer_seed=5144878461829043810, consumer_status=pending_injected, destination_tiles=8192x8192, environment=Underground, generation_ok=true, hex_size=615x710, holder_generation_hash=5135571479608686583, holder_seed=5144878461829043810, map=BlankUnderground_03, map_ref=table: 00000292E8745338, mapdata_size=6144x6144, reserved_seed=5144878461829043810, seeded_params_seed=5144878461829043810, slot=2, source_tiles=6144x6144}
							Lua 0:01:14:246
[Super Big Map][LoadingTiming] STEP native clutter access probe {clutter_tile_size=nil, destination_tiles=8192x8192, environment=Underground, global_terrain=table: 00000292DA816DE0, grid_names=none, height_tile_size=100, hex_size=615x710, map=BlankUnderground_03, map_fields=none, map_import_terrain=false, map_is_current=false, map_ref=table: 00000292E8745338, map_reset_terrain=false, mapdata_size=6144x6144, refs=editor.map.clutter=nil | orig.map.clutter=nil | editor.map.clutter_density=nil | orig.map.clutter_density=nil | editor.map.grass_density=nil | orig.map.grass_density=nil, samples=not-current-or-unavailable, sequence=245, session=1, since_previous_ms=3, slot=2, source_tiles=6144x6144, stage=expanded backing after underground DoGenerate, total_ms=53519}
[Super Big Map][LoadingTiming] STEP END source-view RandomMapGenerator.DoGenerate on expanded backing {begin_session=1, destination_tiles=8192x8192, duration_ms=9962, environment=Underground, hex_size=615x710, map=BlankUnderground_03, map_ref=table: 00000292E8745338, mapdata_size=6144x6144, ok=true, sequence=246, session=1, since_previous_ms=0, slot=2, source_tiles=6144x6144, total_ms=53519}
							Lua 0:01:15:739
[Super Big Map][LoadingTiming] STEP lifecycle: MapGenerated {destination_tiles=8192x8192, environment=Underground, hex_size=820x946, map=BlankUnderground_03, map_ref=table: 00000292E8745338, mapdata_size=8192x8192, mod_map=true, sequence=247, session=1, since_previous_ms=1492, slot=2, source_tiles=6144x6144, total_ms=55011}
							Lua 0:01:15:781
[Super Big Map][LoadingTiming] STEP prefab feature game logic correspondence {actual_safari=0, created_safari=0, destination_tiles=8192x8192, environment=Underground, expected_safari=0, hex_size=820x946, map=BlankUnderground_03, map_ref=table: 00000292E8745338, mapdata_size=8192x8192, markers=0, matched_safari=0, removed_orphan_safari=0, replayed_markers=0, sequence=248, session=1, since_previous_ms=43, slot=2, source_tiles=6144x6144, total_ms=55054}
[Super Big Map][LoadingTiming] STEP lifecycle: UndergroundDarknessState {after=90, before=90, destination_tiles=8192x8192, environment=Underground, forced_reveal=false, hex_size=820x946, map=BlankUnderground_03, map_ref=table: 00000292E8745338, mapdata_size=8192x8192, sequence=249, session=1, since_previous_ms=0, slot=2, source_tiles=6144x6144, total_ms=55054}
							Lua 0:01:15:805
[Super Big Map][LoadingTiming] STEP lifecycle: UndergroundDarknessState {after=0, before=90, destination_tiles=8192x8192, environment=Surface, forced_reveal=false, hex_size=820x946, map=BlankTerraceBig_05, map_ref=table: 00000292DC8D7248, mapdata_size=8192x8192, sequence=250, session=1, since_previous_ms=23, slot=1, source_tiles=6144x6144, total_ms=55077}
							Lua 0:01:15:853
no sectors found with enough average expected metals
no resources expected at all on the map
							Lua 0:01:15:854
[Super Big Map][LoadingTiming] STEP lifecycle: MapSectorsReady {destination_tiles=8192x8192, environment=Surface, hex_size=820x946, map=BlankTerraceBig_05, map_ref=table: 00000292DC8D7248, mapdata_size=8192x8192, sequence=251, session=1, since_previous_ms=49, slot=1, source_tiles=6144x6144, total_ms=55126}
							Lua 0:01:15:882
[Super Big Map][LoadingTiming] STEP lifecycle: CityInitialized {destination_tiles=8192x8192, environment=Surface, hex_size=820x946, map=BlankTerraceBig_05, map_ref=table: 00000292DC8D7248, mapdata_size=8192x8192, sequence=252, session=1, since_previous_ms=29, slot=1, source_tiles=6144x6144, total_ms=55155}
							Lua 0:01:15:945
[Super Big Map][LoadingTiming] STEP lifecycle: MapSectorsReady {destination_tiles=8192x8192, environment=Underground, hex_size=820x946, map=BlankUnderground_03, map_ref=table: 00000292E8745338, mapdata_size=8192x8192, sequence=253, session=1, since_previous_ms=63, slot=2, source_tiles=6144x6144, total_ms=55218}
							Lua 0:01:15:974
[Super Big Map][LoadingTiming] STEP lifecycle: CityInitialized {destination_tiles=8192x8192, environment=Underground, hex_size=820x946, map=BlankUnderground_03, map_ref=table: 00000292E8745338, mapdata_size=8192x8192, sequence=254, session=1, since_previous_ms=29, slot=2, source_tiles=6144x6144, total_ms=55247}
							Lua 0:01:16:130
[Super Big Map][LoadingTiming] STEP BEGIN surface expansion pipeline {destination_tiles=8192x8192, environment=Surface, hex_size=820x946, map=BlankTerraceBig_05, map_ref=table: 00000292DC8D7248, mapdata_size=8192x8192, sequence=255, session=1, since_previous_ms=156, slot=1, source_tiles=6144x6144, total_ms=55403}
							Lua 0:01:16:139
[Super Big Map][LoadingTiming] PHASE_END Finishing the expanded map... {destination_tiles=8192x8192, duration_ms=24497, environment=Surface, hex_size=820x946, map=BlankTerraceBig_05, map_ref=table: 00000292DC8D7248, mapdata_size=8192x8192, ok=true, sequence=256, session=1, slot=1, source_tiles=6144x6144, total_ms=55412}
[Super Big Map][LoadingTiming] PHASE_BEGIN Please wait. {destination_tiles=8192x8192, environment=Surface, hex_size=820x946, map=BlankTerraceBig_05, map_ref=table: 00000292DC8D7248, mapdata_size=8192x8192, sequence=257, session=1, slot=1, source_tiles=6144x6144, total_ms=55412}
							Lua 0:01:16:391
[Super Big Map][LoadingTiming] STEP surface custom loading handoff {destination_tiles=8192x8192, environment=Surface, hex_size=820x946, map=BlankTerraceBig_05, map_ref=table: 00000292DC8D7248, mapdata_size=8192x8192, milestone=before_pass_edit_suspension_and_terrain_stretch, sequence=258, session=1, since_previous_ms=252, slot=1, source_tiles=6144x6144, started=true, total_ms=55664, visible=true}
							Lua 0:01:16:392
[Super Big Map][LoadingTiming] STEP using decor relief captured from temporary source {destination_tiles=8192x8192, environment=Surface, hex_size=820x946, map=BlankTerraceBig_05, map_ref=table: 00000292DC8D7248, mapdata_size=8192x8192, sequence=259, session=1, since_previous_ms=1, slot=1, source_tiles=6144x6144, total_ms=55665}
[Super Big Map][LoadingTiming] STEP terrain grids already stretched directly from temporary source {destination_tiles=8192x8192, environment=Surface, height=true, hex_size=820x946, map=BlankTerraceBig_05, map_ref=table: 00000292DC8D7248, mapdata_size=8192x8192, sequence=260, session=1, since_previous_ms=0, slot=1, source_tiles=6144x6144, terrain_type=true, total_ms=55665}
[Super Big Map][LoadingTiming] STEP BEGIN terrain clutter grid stretch {destination_tiles=8192x8192, direct_source=false, environment=Surface, hex_size=820x946, map=BlankTerraceBig_05, map_ref=table: 00000292DC8D7248, mapdata_size=8192x8192, sequence=261, session=1, since_previous_ms=0, slot=1, source_tiles=6144x6144, total_ms=55665}
[Super Big Map][LoadingTiming] STEP ERROR terrain clutter grid stretch {begin_session=1, destination_alias=none, destination_tiles=8192x8192, duration_ms=0, environment=Surface, error=captured/native clutter source unavailable, hex_size=820x946, map=BlankTerraceBig_05, map_ref=table: 00000292DC8D7248, mapdata_size=8192x8192, ok=false, sequence=262, session=1, since_previous_ms=0, slot=1, source_alias=none, source_tiles=6144x6144, total_ms=55665}
[Super Big Map][LoadingTiming] STEP terrain clutter grid unavailable; continuing diagnostic generation {destination_tiles=8192x8192, direct_source=false, environment=Surface, hex_size=820x946, map=BlankTerraceBig_05, map_ref=table: 00000292DC8D7248, mapdata_size=8192x8192, sequence=263, session=1, since_previous_ms=0, slot=1, source_tiles=6144x6144, total_ms=55665}
[Super Big Map][LoadingTiming] STEP BEGIN terrain map grid stretch: colorize {destination_tiles=8192x8192, environment=Surface, hex_size=820x946, interpolate=false, map=BlankTerraceBig_05, map_ref=table: 00000292DC8D7248, mapdata_size=8192x8192, sequence=264, session=1, since_previous_ms=0, slot=1, source_tiles=6144x6144, total_ms=55665}
							Lua 0:01:16:393
[Super Big Map][LoadingTiming] STEP BEGIN terrain map grid colorize: source extraction {destination_tiles=8192x8192, environment=Surface, hex_size=820x946, map=BlankTerraceBig_05, map_ref=table: 00000292DC8D7248, mapdata_size=8192x8192, sequence=265, session=1, since_previous_ms=0, slot=1, source_tiles=6144x6144, total_ms=55665}
							Lua 0:01:16:397
[Super Big Map][LoadingTiming] STEP END terrain map grid colorize: source extraction {begin_session=1, destination_tiles=8192x8192, duration_ms=5, environment=Surface, hex_size=820x946, map=BlankTerraceBig_05, map_ref=table: 00000292DC8D7248, mapdata_size=8192x8192, ok=true, sequence=266, session=1, since_previous_ms=5, slot=1, source_cells=3072x3072, source_tiles=6144x6144, total_ms=55670}
[Super Big Map][LoadingTiming] STEP BEGIN terrain map grid colorize: destination metadata {destination_tiles=8192x8192, environment=Surface, hex_size=820x946, map=BlankTerraceBig_05, map_ref=table: 00000292DC8D7248, mapdata_size=8192x8192, sequence=267, session=1, since_previous_ms=0, slot=1, source_tiles=6144x6144, total_ms=55670}
							Lua 0:01:16:398
[Super Big Map][LoadingTiming] STEP END terrain map grid colorize: destination metadata {begin_session=1, destination_cells=4096x4096, destination_tiles=8192x8192, duration_ms=0, environment=Surface, hex_size=820x946, map=BlankTerraceBig_05, map_ref=table: 00000292DC8D7248, mapdata_size=8192x8192, ok=true, sequence=268, session=1, since_previous_ms=0, slot=1, source_tiles=6144x6144, target_bits=?, target_format=hierarchical, total_ms=55670}
[Super Big Map][LoadingTiming] STEP BEGIN terrain map grid colorize: compute conversion {destination_tiles=8192x8192, environment=Surface, hex_size=820x946, map=BlankTerraceBig_05, map_ref=table: 00000292DC8D7248, mapdata_size=8192x8192, sequence=269, session=1, since_previous_ms=1, slot=1, source_tiles=6144x6144, total_ms=55671}
							Lua 0:01:16:449
[Super Big Map][LoadingTiming] STEP END terrain map grid colorize: compute conversion {begin_session=1, destination_tiles=8192x8192, duration_ms=51, environment=Surface, hex_size=820x946, map=BlankTerraceBig_05, map_ref=table: 00000292DC8D7248, mapdata_size=8192x8192, ok=true, sequence=270, session=1, since_previous_ms=51, slot=1, source_tiles=6144x6144, total_ms=55722}
							Lua 0:01:16:450
[Super Big Map][LoadingTiming] STEP BEGIN terrain map grid colorize: resample {destination_cells=4096x4096, destination_tiles=8192x8192, environment=Surface, hex_size=820x946, interpolate=false, map=BlankTerraceBig_05, map_ref=table: 00000292DC8D7248, mapdata_size=8192x8192, sequence=271, session=1, since_previous_ms=0, slot=1, source_tiles=6144x6144, total_ms=55722}
							Lua 0:01:16:575
[Super Big Map][LoadingTiming] STEP END terrain map grid colorize: resample {begin_session=1, destination_tiles=8192x8192, duration_ms=126, environment=Surface, hex_size=820x946, map=BlankTerraceBig_05, map_ref=table: 00000292DC8D7248, mapdata_size=8192x8192, ok=true, sequence=272, session=1, since_previous_ms=126, slot=1, source_tiles=6144x6144, total_ms=55848}
[Super Big Map][LoadingTiming] STEP BEGIN terrain map grid colorize: destination write {destination_tiles=8192x8192, environment=Surface, hex_size=820x946, map=BlankTerraceBig_05, map_ref=table: 00000292DC8D7248, mapdata_size=8192x8192, sequence=273, session=1, since_previous_ms=0, slot=1, source_tiles=6144x6144, total_ms=55848}
							Lua 0:01:17:192
[Super Big Map][LoadingTiming] STEP END terrain map grid colorize: destination write {begin_session=1, destination_tiles=8192x8192, duration_ms=617, environment=Surface, hex_size=820x946, map=BlankTerraceBig_05, map_ref=table: 00000292DC8D7248, mapdata_size=8192x8192, mode=editor_set_grid, ok=true, sequence=274, session=1, since_previous_ms=617, slot=1, source_tiles=6144x6144, total_ms=56465}
							Lua 0:01:17:199
[Super Big Map][LoadingTiming] STEP END terrain map grid stretch: colorize {begin_session=1, destination_tiles=8192x8192, duration_ms=807, environment=Surface, hex_size=820x946, map=BlankTerraceBig_05, map_ref=table: 00000292DC8D7248, mapdata_size=8192x8192, ok=true, sequence=275, session=1, since_previous_ms=7, slot=1, source_tiles=6144x6144, total_ms=56472}
							Lua 0:01:17:200
[Super Big Map][LoadingTiming] STEP BEGIN terrain map grid stretch: BiomeGrid {destination_tiles=8192x8192, environment=Surface, hex_size=820x946, interpolate=false, map=BlankTerraceBig_05, map_ref=table: 00000292DC8D7248, mapdata_size=8192x8192, sequence=276, session=1, since_previous_ms=1, slot=1, source_tiles=6144x6144, total_ms=56473}
[Super Big Map][LoadingTiming] STEP BEGIN terrain map grid BiomeGrid: source extraction {destination_tiles=8192x8192, environment=Surface, hex_size=820x946, map=BlankTerraceBig_05, map_ref=table: 00000292DC8D7248, mapdata_size=8192x8192, sequence=277, session=1, since_previous_ms=0, slot=1, source_tiles=6144x6144, total_ms=56473}
[Super Big Map][LoadingTiming] STEP END terrain map grid BiomeGrid: source extraction {begin_session=1, destination_tiles=8192x8192, duration_ms=0, environment=Surface, hex_size=820x946, map=BlankTerraceBig_05, map_ref=table: 00000292DC8D7248, mapdata_size=8192x8192, ok=true, sequence=278, session=1, since_previous_ms=0, slot=1, source_cells=6144x6144, source_tiles=6144x6144, total_ms=56473}
[Super Big Map][LoadingTiming] STEP BEGIN terrain map grid BiomeGrid: destination metadata {destination_tiles=8192x8192, environment=Surface, hex_size=820x946, map=BlankTerraceBig_05, map_ref=table: 00000292DC8D7248, mapdata_size=8192x8192, sequence=279, session=1, since_previous_ms=0, slot=1, source_tiles=6144x6144, total_ms=56473}
[Super Big Map][LoadingTiming] STEP END terrain map grid BiomeGrid: destination metadata {begin_session=1, destination_cells=8192x8192, destination_tiles=8192x8192, duration_ms=0, environment=Surface, hex_size=820x946, map=BlankTerraceBig_05, map_ref=table: 00000292DC8D7248, mapdata_size=8192x8192, ok=true, sequence=280, session=1, since_previous_ms=0, slot=1, source_tiles=6144x6144, target_bits=?, target_format=hierarchical, total_ms=56473}
[Super Big Map][LoadingTiming] STEP BEGIN terrain map grid BiomeGrid: compute conversion {destination_tiles=8192x8192, environment=Surface, hex_size=820x946, map=BlankTerraceBig_05, map_ref=table: 00000292DC8D7248, mapdata_size=8192x8192, sequence=281, session=1, since_previous_ms=0, slot=1, source_tiles=6144x6144, total_ms=56473}
							Lua 0:01:17:324
[Super Big Map][LoadingTiming] STEP END terrain map grid BiomeGrid: compute conversion {begin_session=1, destination_tiles=8192x8192, duration_ms=124, environment=Surface, hex_size=820x946, map=BlankTerraceBig_05, map_ref=table: 00000292DC8D7248, mapdata_size=8192x8192, ok=true, sequence=282, session=1, since_previous_ms=124, slot=1, source_tiles=6144x6144, total_ms=56597}
[Super Big Map][LoadingTiming] STEP BEGIN terrain map grid BiomeGrid: resample {destination_cells=8192x8192, destination_tiles=8192x8192, environment=Surface, hex_size=820x946, interpolate=false, map=BlankTerraceBig_05, map_ref=table: 00000292DC8D7248, mapdata_size=8192x8192, sequence=283, session=1, since_previous_ms=0, slot=1, source_tiles=6144x6144, total_ms=56597}
							Lua 0:01:17:832
[Super Big Map][LoadingTiming] STEP END terrain map grid BiomeGrid: resample {begin_session=1, destination_tiles=8192x8192, duration_ms=508, environment=Surface, hex_size=820x946, map=BlankTerraceBig_05, map_ref=table: 00000292DC8D7248, mapdata_size=8192x8192, ok=true, sequence=284, session=1, since_previous_ms=508, slot=1, source_tiles=6144x6144, total_ms=57105}
[Super Big Map][LoadingTiming] STEP BEGIN terrain map grid BiomeGrid: destination write {destination_tiles=8192x8192, environment=Surface, hex_size=820x946, map=BlankTerraceBig_05, map_ref=table: 00000292DC8D7248, mapdata_size=8192x8192, sequence=285, session=1, since_previous_ms=0, slot=1, source_tiles=6144x6144, total_ms=57105}
							Lua 0:01:18:096
[Super Big Map][LoadingTiming] STEP END terrain map grid BiomeGrid: destination write {begin_session=1, destination_tiles=8192x8192, duration_ms=264, environment=Surface, hex_size=820x946, map=BlankTerraceBig_05, map_ref=table: 00000292DC8D7248, mapdata_size=8192x8192, mode=vanilla_map_import_direct_copy, ok=true, sequence=286, session=1, since_previous_ms=264, slot=1, source_tiles=6144x6144, total_ms=57369}
							Lua 0:01:18:113
[Super Big Map][LoadingTiming] STEP END terrain map grid stretch: BiomeGrid {begin_session=1, destination_tiles=8192x8192, duration_ms=913, environment=Surface, hex_size=820x946, map=BlankTerraceBig_05, map_ref=table: 00000292DC8D7248, mapdata_size=8192x8192, ok=true, sequence=287, session=1, since_previous_ms=17, slot=1, source_tiles=6144x6144, total_ms=57386}
							Lua 0:01:18:114
[Super Big Map][LoadingTiming] STEP BEGIN invalidate expanded terrain {destination_tiles=8192x8192, environment=Surface, hex_size=820x946, map=BlankTerraceBig_05, map_ref=table: 00000292DC8D7248, mapdata_size=8192x8192, sequence=288, session=1, since_previous_ms=1, slot=1, source_tiles=6144x6144, total_ms=57387}
							Lua 0:01:18:154
[Super Big Map][LoadingTiming] STEP END invalidate expanded terrain {begin_session=1, deferred_gameplay_rebuild=false, destination_tiles=8192x8192, duration_ms=40, environment=Surface, hex_size=820x946, map=BlankTerraceBig_05, map_ref=table: 00000292DC8D7248, mapdata_size=8192x8192, ok=true, sequence=289, session=1, since_previous_ms=40, slot=1, source_tiles=6144x6144, total_ms=57427}
[Super Big Map][LoadingTiming] STEP terrain stretch grid suite complete {completed_grids=4, destination_tiles=8192x8192, environment=Surface, hex_size=820x946, map=BlankTerraceBig_05, map_ref=table: 00000292DC8D7248, mapdata_size=8192x8192, sequence=290, session=1, since_previous_ms=0, slot=1, source_tiles=6144x6144, total_ms=57427}
							Lua 0:01:18:155
[Super Big Map][LoadingTiming] PHASE_END Please wait. {destination_tiles=8192x8192, duration_ms=2015, environment=Surface, hex_size=820x946, map=BlankTerraceBig_05, map_ref=table: 00000292DC8D7248, mapdata_size=8192x8192, ok=true, sequence=291, session=1, slot=1, source_tiles=6144x6144, total_ms=57427}
[Super Big Map][LoadingTiming] PHASE_BEGIN Repositioning surface rocks and decorations {destination_tiles=8192x8192, environment=Surface, hex_size=820x946, map=BlankTerraceBig_05, map_ref=table: 00000292DC8D7248, mapdata_size=8192x8192, sequence=292, session=1, slot=1, source_tiles=6144x6144, total_ms=57427}
							Lua 0:01:18:622
[Super Big Map][LoadingTiming] STEP native rock support grounding complete {apply_ms=0, capture_ms=1254, contacts=18847, destination_tiles=8192x8192, eligible=12189, environment=Surface, failures=0, hex_size=820x946, lowered=0, map=BlankTerraceBig_05, map_ref=table: 00000292DC8D7248, mapdata_size=8192x8192, max_lowering=0, probes=138844, rays=97361, sequence=293, session=1, since_previous_ms=468, slot=1, source_tiles=6144x6144, total_lowering=0, total_ms=57895, unchanged=1712}
							Lua 0:01:18:623
[Super Big Map][LoadingTiming] STEP decoration stretch placement complete {cave_in_expanded_shape_hexes=0, cave_in_rubble=0, cave_in_source_shape_hexes=0, cave_ins_transformed=0, destination_tiles=8192x8192, environment=Surface, explicit_z_captured=4858, hex_size=820x946, map=BlankTerraceBig_05, map_ref=table: 00000292DC8D7248, mapdata_size=8192x8192, moved=16249, placement_inputs=16249, preclassified=true, relief_placed=4858, reused_collection=true, rubble_walls_transformed=0, scanned=16700, sequence=294, session=1, setpos_failures=0, since_previous_ms=1, slot=1, source_tiles=6144x6144, terrain_glued_captured=11391, terrain_snapped=11391, topup_clones=0, total_ms=57896, tunnel_blocker_rubble=0, unresolved_z=0}
							Lua 0:01:18:879
[Super Big Map][LoadingTiming] STEP prefab feature game logic correspondence {actual_safari=78, created_safari=78, destination_tiles=8192x8192, environment=Surface, expected_safari=78, hex_size=820x946, map=BlankTerraceBig_05, map_ref=table: 00000292DC8D7248, mapdata_size=8192x8192, markers=174, matched_safari=0, removed_orphan_safari=78, replayed_markers=0, sequence=295, session=1, since_previous_ms=256, slot=1, source_tiles=6144x6144, total_ms=58152}
[Super Big Map][LoadingTiming] PHASE_END Repositioning surface rocks and decorations {destination_tiles=8192x8192, duration_ms=725, environment=Surface, hex_size=820x946, map=BlankTerraceBig_05, map_ref=table: 00000292DC8D7248, mapdata_size=8192x8192, ok=true, sequence=296, session=1, slot=1, source_tiles=6144x6144, total_ms=58152}
[Super Big Map][LoadingTiming] PHASE_BEGIN Restoring the vanilla resources and anomalies {destination_tiles=8192x8192, environment=Surface, hex_size=820x946, map=BlankTerraceBig_05, map_ref=table: 00000292DC8D7248, mapdata_size=8192x8192, sequence=297, session=1, slot=1, source_tiles=6144x6144, total_ms=58152}
							Lua 0:01:18:945
[Super Big Map][LoadingTiming] STEP deferred vanilla breakthrough initialization complete {after=9, before=13, destination_tiles=8192x8192, environment=Surface, hex_size=820x946, map=BlankTerraceBig_05, map_ref=table: 00000292DC8D7248, mapdata_size=8192x8192, reason=surface after native enrichment recreation, removed=4, sequence=298, session=1, since_previous_ms=66, slot=1, source_tiles=6144x6144, staged_extra=0, staged_missing=0, staged_order=13, staged_resolved=13, total_ms=58218}
[Super Big Map][LoadingTiming] PHASE_END Restoring the vanilla resources and anomalies {destination_tiles=8192x8192, duration_ms=66, environment=Surface, hex_size=820x946, map=BlankTerraceBig_05, map_ref=table: 00000292DC8D7248, mapdata_size=8192x8192, ok=true, sequence=299, session=1, slot=1, source_tiles=6144x6144, total_ms=58218}
[Super Big Map][LoadingTiming] PHASE_BEGIN Repositioning surface resource deposits {destination_tiles=8192x8192, environment=Surface, hex_size=820x946, map=BlankTerraceBig_05, map_ref=table: 00000292DC8D7248, mapdata_size=8192x8192, sequence=300, session=1, slot=1, source_tiles=6144x6144, total_ms=58218}
							Lua 0:01:18:946
[Super Big Map][LoadingTiming] STEP BEGIN surface scale marker objects {destination_tiles=8192x8192, environment=Surface, hex_size=820x946, map=BlankTerraceBig_05, map_ref=table: 00000292DC8D7248, mapdata_size=8192x8192, sequence=301, session=1, since_previous_ms=0, slot=1, source_tiles=6144x6144, total_ms=58218}
							Lua 0:01:18:967
[Super Big Map][LoadingTiming] STEP END surface scale marker objects {begin_session=1, destination_tiles=8192x8192, duration_ms=22, environment=Surface, hex_size=820x946, map=BlankTerraceBig_05, map_ref=table: 00000292DC8D7248, mapdata_size=8192x8192, moved=0, ok=true, sequence=302, session=1, since_previous_ms=22, slot=1, source_tiles=6144x6144, total_ms=58240}
[Super Big Map][LoadingTiming] STEP BEGIN surface verify native enrichment transform {destination_tiles=8192x8192, environment=Surface, hex_size=820x946, map=BlankTerraceBig_05, map_ref=table: 00000292DC8D7248, mapdata_size=8192x8192, sequence=303, session=1, since_previous_ms=0, slot=1, source_tiles=6144x6144, total_ms=58240}
							Lua 0:01:18:974
[Super Big Map][LoadingTiming] STEP END surface verify native enrichment transform {begin_session=1, destination_tiles=8192x8192, duration_ms=7, environment=Surface, hex_size=820x946, map=BlankTerraceBig_05, map_ref=table: 00000292DC8D7248, mapdata_size=8192x8192, mismatches=0, ok=true, sequence=304, session=1, since_previous_ms=7, slot=1, source_tiles=6144x6144, total_ms=58247}
[Super Big Map][LoadingTiming] PHASE_END Repositioning surface resource deposits {destination_tiles=8192x8192, duration_ms=29, environment=Surface, hex_size=820x946, map=BlankTerraceBig_05, map_ref=table: 00000292DC8D7248, mapdata_size=8192x8192, ok=true, sequence=305, session=1, slot=1, source_tiles=6144x6144, total_ms=58247}
							Lua 0:01:18:975
[Super Big Map][LoadingTiming] PHASE_BEGIN Restoring surface decoration density {destination_tiles=8192x8192, environment=Surface, hex_size=820x946, map=BlankTerraceBig_05, map_ref=table: 00000292DC8D7248, mapdata_size=8192x8192, sequence=306, session=1, slot=1, source_tiles=6144x6144, total_ms=58247}
[Super Big Map][LoadingTiming] STEP BEGIN surface engine decor pass {destination_tiles=8192x8192, environment=Surface, hex_size=820x946, map=BlankTerraceBig_05, map_ref=table: 00000292DC8D7248, mapdata_size=8192x8192, sequence=307, session=1, since_previous_ms=1, slot=1, source_tiles=6144x6144, total_ms=58248}
							Lua 0:01:19:076
[DebugAdapter] New connection to DebugAddapter 127.0.0.1:50134
							Lua 0:01:20:261
[DebugAdapter] Connection lost to 127.0.0.1:50134 
							Lua 0:01:28:868
[Super Big Map][LoadingTiming] STEP END surface engine decor pass {area_factor=1.778, band_known=true, begin_session=1, decor_sites=1461, decorated_circles=376, decoration_passes=2, decoration_ratio=25, destination_tiles=8192x8192, dropped_non_cosmetic=51, dropped_out_of_band=13, duration_ms=9893, enabled=true, environment=Surface, failed=0, fallback_sites=131, generator_present=true, hex_size=820x946, map=BlankTerraceBig_05, map_ref=table: 00000292DC8D7248, mapdata_size=8192x8192, markers_resolved=1911, markers_unresolved=116, ms=9893, objects=5456, obstruct_circles=302, ok=true, placed=190, placed_authored=9, placed_synthetic=181, preset=MAIN, ring_objects=0, seed=-8390921514018468018, seed_source=generator, sequence=308, session=1, since_previous_ms=9893, sites_exhausted=true, sites_prestretched=1461, sites_relocated=0, skipped_band=0, skipped_bounds=0, skipped_by_decorated=130, skipped_by_obstruct=1077, skipped_no_match=0, skipped_obstructed=1207, slot=1, source_tiles=6144x6144, synthetic_allowed_types=17, synthetic_attempts=727247, synthetic_budget=36200, synthetic_escalations=762, synthetic_finite_attempts=701139, synthetic_finite_templates_left=254, synthetic_max_reach_percent=2800, synthetic_random_attempts=26108, synthetic_reach_cap_percent=2800, synthetic_rejected_band=24, synthetic_rejected_bounds=502, synthetic_rejected_decorated=60756, synthetic_rejected_empty=4, synthetic_rejected_failed=0, synthetic_rejected_no_match=0, synthetic_rejected_obstruct=652582, synthetic_rejected_terrain=13198, synthetic_templates=254, synthetic_templates_exhausted=0, synthetic_templates_left=0, target=190, total_ms=68141, unused_sites=1216, vanilla_decor_groups=245, version=10}
							Lua 0:01:28:869
[Super Big Map][LoadingTiming] STEP BEGIN surface resume combined pass edits {destination_tiles=8192x8192, environment=Surface, hex_size=820x946, map=BlankTerraceBig_05, map_ref=table: 00000292DC8D7248, mapdata_size=8192x8192, sequence=309, session=1, since_previous_ms=1, slot=1, source_tiles=6144x6144, total_ms=68142}
							Lua 0:01:34:809
[Super Big Map][LoadingTiming] STEP END surface resume combined pass edits {authoritative_passability_rebuild=true, begin_session=1, destination_tiles=8192x8192, duration_ms=5941, environment=Surface, hex_size=820x946, map=BlankTerraceBig_05, map_ref=table: 00000292DC8D7248, mapdata_size=8192x8192, ok=true, sequence=310, session=1, since_previous_ms=5940, slot=1, source_tiles=6144x6144, total_ms=74082}
							Lua 0:01:34:810
[Super Big Map][LoadingTiming] STEP BEGIN surface select stretched vanilla initial reveal {destination_tiles=8192x8192, environment=Surface, hex_size=820x946, map=BlankTerraceBig_05, map_ref=table: 00000292DC8D7248, mapdata_size=8192x8192, sequence=311, session=1, since_previous_ms=0, slot=1, source_tiles=6144x6144, total_ms=74082}
							Lua 0:01:34:811
no sectors found with enough average expected metals
							Lua 0:01:34:868
[Super Big Map][LoadingTiming] STEP END surface select stretched vanilla initial reveal {begin_session=1, destination_tiles=8192x8192, duration_ms=58, environment=Surface, hex_size=820x946, map=BlankTerraceBig_05, map_ref=table: 00000292DC8D7248, mapdata_size=8192x8192, ok=true, scanned=1, sequence=312, session=1, since_previous_ms=58, slot=1, source_tiles=6144x6144, total_ms=74140}
[Super Big Map][LoadingTiming] PHASE_END Restoring surface decoration density {destination_tiles=8192x8192, duration_ms=15894, environment=Surface, hex_size=820x946, map=BlankTerraceBig_05, map_ref=table: 00000292DC8D7248, mapdata_size=8192x8192, ok=true, sequence=313, session=1, slot=1, source_tiles=6144x6144, total_ms=74141}
[Super Big Map][LoadingTiming] PHASE_BEGIN Rebuilding the surface build grid {destination_tiles=8192x8192, environment=Surface, hex_size=820x946, map=BlankTerraceBig_05, map_ref=table: 00000292DC8D7248, mapdata_size=8192x8192, sequence=314, session=1, slot=1, source_tiles=6144x6144, total_ms=74141}
[Super Big Map][LoadingTiming] STEP BEGIN surface final RebuildBuildableGrid {destination_tiles=8192x8192, environment=Surface, hex_size=820x946, map=BlankTerraceBig_05, map_ref=table: 00000292DC8D7248, mapdata_size=8192x8192, sequence=315, session=1, since_previous_ms=0, slot=1, source_tiles=6144x6144, total_ms=74141}
							Lua 0:01:35:791
Buildable grid ready: 74/5155 valid zones.
[Super Big Map][LoadingTiming] STEP END surface final RebuildBuildableGrid {begin_session=1, destination_tiles=8192x8192, duration_ms=923, environment=Surface, error=, hex_size=820x946, map=BlankTerraceBig_05, map_ref=table: 00000292DC8D7248, mapdata_size=8192x8192, ok=true, sequence=316, session=1, since_previous_ms=923, slot=1, source_tiles=6144x6144, total_ms=75064}
[Super Big Map][LoadingTiming] STEP natural mountain-base buildable apron audit {buildable_centers=11, created=64, destination_tiles=8192x8192, environment=Surface, failed_centers=53, hex_size=820x946, map=BlankTerraceBig_05, map_ref=table: 00000292DC8D7248, mapdata_size=8192x8192, reason=final grid contains usable apron centers, sequence=317, session=1, since_previous_ms=0, slot=1, source_tiles=6144x6144, total_ms=75064}
[Super Big Map][LoadingTiming] STEP surface mountain-base apron buildable verdict {buildable_centers=11, created=64, destination_tiles=8192x8192, environment=Surface, failed_centers=53, hex_size=820x946, map=BlankTerraceBig_05, map_ref=table: 00000292DC8D7248, mapdata_size=8192x8192, ok=true, reason=final grid contains usable apron centers, sequence=318, session=1, since_previous_ms=0, slot=1, source_tiles=6144x6144, total_ms=75064}
[Super Big Map][LoadingTiming] STEP BEGIN surface enforce scan gate {destination_tiles=8192x8192, environment=Surface, hex_size=820x946, map=BlankTerraceBig_05, map_ref=table: 00000292DC8D7248, mapdata_size=8192x8192, sequence=319, session=1, since_previous_ms=0, slot=1, source_tiles=6144x6144, total_ms=75064}
							Lua 0:01:35:797
[Super Big Map][LoadingTiming] STEP END surface enforce scan gate {begin_session=1, destination_tiles=8192x8192, duration_ms=5, environment=Surface, first_result=nil, hex_size=820x946, map=BlankTerraceBig_05, map_ref=table: 00000292DC8D7248, mapdata_size=8192x8192, ok=true, sequence=320, session=1, since_previous_ms=5, slot=1, source_tiles=6144x6144, total_ms=75069}
[Super Big Map][LoadingTiming] PHASE_END Rebuilding the surface build grid {destination_tiles=8192x8192, duration_ms=929, environment=Surface, hex_size=820x946, map=BlankTerraceBig_05, map_ref=table: 00000292DC8D7248, mapdata_size=8192x8192, ok=true, sequence=321, session=1, slot=1, source_tiles=6144x6144, total_ms=75070}
[Super Big Map][LoadingTiming] PHASE_BEGIN Distributing surface resources and anomalies {destination_tiles=8192x8192, environment=Surface, hex_size=820x946, map=BlankTerraceBig_05, map_ref=table: 00000292DC8D7248, mapdata_size=8192x8192, sequence=322, session=1, slot=1, source_tiles=6144x6144, total_ms=75070}
[Super Big Map][LoadingTiming] STEP BEGIN surface top-up resources {destination_tiles=8192x8192, environment=Surface, hex_size=820x946, map=BlankTerraceBig_05, map_ref=table: 00000292DC8D7248, mapdata_size=8192x8192, sequence=323, session=1, since_previous_ms=0, slot=1, source_tiles=6144x6144, total_ms=75070}
							Lua 0:01:36:363
[Super Big Map][TopUpCandidatePool] kind=resources target=0 valid=246 sampled=1815 deferred=346 promoted=16 added=215 sequential=true surface_sector_filter=true buildable_sectors=229 unbuildable_sectors=170 unknown_sectors=0 selector_load_cache_reuses=179 planned_sector_fast_path=1815 deferred_reachability=false reachability_checks=0 reachability_rejections=0 remaining=0
[Super Big Map][LoadingTiming] STEP END surface top-up resources {begin_session=1, destination_tiles=8192x8192, duration_ms=566, environment=Surface, first_result=nil, hex_size=820x946, map=BlankTerraceBig_05, map_ref=table: 00000292DC8D7248, mapdata_size=8192x8192, ok=true, sequence=324, session=1, since_previous_ms=566, slot=1, source_tiles=6144x6144, total_ms=75636}
[Super Big Map][LoadingTiming] STEP BEGIN surface prepare outer resource terrain {destination_tiles=8192x8192, environment=Surface, hex_size=820x946, map=BlankTerraceBig_05, map_ref=table: 00000292DC8D7248, mapdata_size=8192x8192, sequence=325, session=1, since_previous_ms=0, slot=1, source_tiles=6144x6144, total_ms=75636}
							Lua 0:01:41:911
[Super Big Map][TerrainCreaseRepair] TERMINAL_STRIP_SKIPPED {destination_tiles=8192x8192, dirty_regions=table: 00000292E4737F18, environment=Surface, hex_size=820x946, map=BlankTerraceBig_05, map_ref=table: 00000292DC8D7248, mapdata_size=8192x8192, max_drop=0, modified=0, reason=no coherent raised terminal strip, slot=1, source_tiles=6144x6144, spans=, threshold=129, width=3}
							Lua 0:01:41:940
[Super Big Map][LoadingTiming] STEP outer resource access and cluster landing terrain {destination_tiles=8192x8192, dirty_height_regions=table: 00000292DFDA6A50, dirty_region_certificate_version=1, dirty_region_count=50, environment=Surface, error=, extractor_resources=16, forced_resource_repairs=0, height_grid_height=8192, height_grid_width=8192, height_tile_size=100, hex_size=820x946, map=BlankTerraceBig_05, map_height=819200, map_ref=table: 00000292DC8D7248, map_width=819200, mapdata_size=8192x8192, modified_cells=3460749, native_mask_samples=740771, native_raster_cells=11716334, native_sample_step=4, patches=50, reason=minimal resource terrain prepared, resource_clusters=11, resource_sites_modified=39, resources=43, ring_sectors=2, rocket_pads=11, rocket_pads_modified=11, rocket_sampling=table: 00000292E00DFD40, rocket_shape_hexes=91, rocket_shape_radius=6, sequence=326, session=1, since_previous_ms=5576, slot=1, source_tiles=6144x6144, surface_resources=27, total_ms=81212}
[Super Big Map][OuterResourceTerrain] resources=43 surface=27 extractor=16 resource_modified=39 rocket_pads=11 rocket_modified=11 rocket_shape_radius=6 patches=50 modified_cells=3460749 native_cells=11716334 native_samples=740771 error=
[Super Big Map][LoadingTiming] STEP END surface prepare outer resource terrain {begin_session=1, destination_tiles=8192x8192, duration_ms=5577, environment=Surface, first_result=true, hex_size=820x946, map=BlankTerraceBig_05, map_ref=table: 00000292DC8D7248, mapdata_size=8192x8192, ok=true, sequence=327, session=1, since_previous_ms=1, slot=1, source_tiles=6144x6144, total_ms=81213}
[Super Big Map][LoadingTiming] STEP BEGIN surface outer resource dirty-region RebuildPassability (after outer resource terrain preparation) {dependency_margin=100, destination_tiles=8192x8192, environment=Surface, hex_size=820x946, map=BlankTerraceBig_05, map_ref=table: 00000292DC8D7248, mapdata_size=8192x8192, regions=50, sequence=328, session=1, since_previous_ms=0, slot=1, source_tiles=6144x6144, total_ms=81213}
							Lua 0:01:43:189
[Super Big Map][LoadingTiming] STEP END surface outer resource dirty-region RebuildPassability (after outer resource terrain preparation) {begin_session=1, destination_tiles=8192x8192, duration_ms=1249, environment=Surface, error=, hex_size=820x946, map=BlankTerraceBig_05, map_ref=table: 00000292DC8D7248, mapdata_size=8192x8192, ok=true, regions=50, sequence=329, session=1, since_previous_ms=1249, slot=1, source_tiles=6144x6144, total_ms=82462}
[Super Big Map][LoadingTiming] STEP BEGIN surface outer resource RebuildBuildableGrid (after outer resource terrain preparation) {destination_tiles=8192x8192, environment=Surface, hex_size=820x946, map=BlankTerraceBig_05, map_ref=table: 00000292DC8D7248, mapdata_size=8192x8192, sequence=330, session=1, since_previous_ms=0, slot=1, source_tiles=6144x6144, total_ms=82462}
							Lua 0:01:44:060
Buildable grid ready: 85/5149 valid zones.
							Lua 0:01:44:061
[Super Big Map][LoadingTiming] STEP END surface outer resource RebuildBuildableGrid (after outer resource terrain preparation) {begin_session=1, destination_tiles=8192x8192, duration_ms=872, environment=Surface, error=, hex_size=820x946, map=BlankTerraceBig_05, map_ref=table: 00000292DC8D7248, mapdata_size=8192x8192, ok=true, sequence=331, session=1, since_previous_ms=872, slot=1, source_tiles=6144x6144, total_ms=83334}
							Lua 0:01:44:067
[Super Big Map][LoadingTiming] STEP outer resource terrain final audit {cluster_anchor_failures=0, cluster_excess=0, cluster_extractor_excess=0, cluster_extractor_maximum=3, cluster_extractor_minimum=1, cluster_extractor_shortfall=0, cluster_maximum=12, cluster_minimum=8, cluster_premium_excess=0, cluster_resource_excess=0, cluster_resource_maximum=5, cluster_resource_minimum=1, cluster_resource_shortfall=0, cluster_shortfall=0, cluster_weighted_composition_failures=0, destination_tiles=8192x8192, environment=Surface, extractor_buildable=16, first_resource_failure=, first_rocket_failure=, hex_size=820x946, map=BlankTerraceBig_05, map_ref=table: 00000292DC8D7248, mapdata_size=8192x8192, maximum_cluster_extractors=2, maximum_cluster_resources=5, minimum_cluster_extractors=1, minimum_cluster_resources=3, passability_clears=0, reason=all outer resource terrain contracts verified, resource_clusters=11, resource_failure_breakdown=table: 00000292E474D9B8, resource_failures=0, resources=43, rocket_failure_breakdown=table: 00000292E909A9C0, rocket_failures=0, rocket_pads=11, sequence=332, session=1, since_previous_ms=6, slot=1, source_tiles=6144x6144, surface_passable=27, total_ms=83340, verified_modified_mountain_rocket_pads=11}
[Super Big Map][OuterResourceTerrainAudit] resources=43 surface_passable=27 extractor_buildable=16 resource_failures=0 rocket_pads=11 rocket_failures=0 passability_clears=0 resource_clusters=11 cluster_shortfall=0 cluster_excess=0 cluster_resources=3-5 cluster_resource_excess=0 cluster_min_extractors=1 cluster_max_extractors=2 cluster_extractor_shortfall=0 cluster_extractor_excess=0 weighted_failures=0 anchor_failures=0 premium_excess=0 first_resource_failure= first_rocket_failure= verified_mountain_effect_candidates=11
[Super Big Map][LoadingTiming] STEP BEGIN surface top-up anomalies {destination_tiles=8192x8192, environment=Surface, hex_size=820x946, map=BlankTerraceBig_05, map_ref=table: 00000292DC8D7248, mapdata_size=8192x8192, sequence=333, session=1, since_previous_ms=0, slot=1, source_tiles=6144x6144, total_ms=83340}
							Lua 0:01:44:094
[Super Big Map][OuterRingTopUpAnomalies] BEFORE count=28 sectors=144 bottom_sectors=40 right_sectors=40
							Lua 0:01:44:458
[Super Big Map][OuterRingTopUpAnomalies] AFTER count=28 sectors=144 bottom_sectors=40 right_sectors=40 inner_sectors=256 outer_count=28 inner_fallback_count=0 outer_reachable_candidates=167 inner_reachable_candidates=0 outer_random_samples=3040 inner_random_samples=0 inner_reused_candidates=0 buildable_filter=true buildable_outer_sectors=48 unbuildable_outer_sectors=96 unknown_buildable_sectors=0 planning_attempts=1 minimum_hex_distance=10 minimum_enrichment_hex_distance=3 maximum_per_sector=2 maximum_anomalies_in_resource_cluster=0
							Lua 0:01:44:459
[Super Big Map][AnomalyTopUp] source=breakthrough:9|complete:7|sequence:10|unlock:19 target=breakthrough:9|complete:12|sequence:18|unlock:34 final=breakthrough:9|complete:12|sequence:18|unlock:34 added=complete:5|sequence:8|unlock:15 added_total=28 remaining=0 candidates=0 sampled=0 mountain_base=0/21 base_quota_shortfall=21 reused=false sequential=false deferred_reachability=false reachability_checks=0 reachability_rejections=0
							Lua 0:01:44:460
[Super Big Map][LoadingTiming] STEP END surface top-up anomalies {begin_session=1, destination_tiles=8192x8192, duration_ms=392, environment=Surface, first_result=nil, hex_size=820x946, map=BlankTerraceBig_05, map_ref=table: 00000292DC8D7248, mapdata_size=8192x8192, ok=true, sequence=334, session=1, since_previous_ms=393, slot=1, source_tiles=6144x6144, total_ms=83733}
[Super Big Map][LoadingTiming] STEP BEGIN surface top-up effect deposits {destination_tiles=8192x8192, environment=Surface, hex_size=820x946, map=BlankTerraceBig_05, map_ref=table: 00000292DC8D7248, mapdata_size=8192x8192, sequence=335, session=1, since_previous_ms=0, slot=1, source_tiles=6144x6144, total_ms=83733}
							Lua 0:01:44:498
[Super Big Map][TopUpCandidatePool] kind=effects valid=8 sampled=55 reused=false sequential=true shared_samples=0 sector_samples=0 whole_map_samples=0 shared_published=0 deferred_reachability=false reachability_checks=0 reachability_rejections=0 exclusion_ring=2 ring_rejected=14 remaining=0
[Super Big Map][LoadingTiming] STEP END surface top-up effect deposits {begin_session=1, destination_tiles=8192x8192, duration_ms=38, environment=Surface, first_result=nil, hex_size=820x946, map=BlankTerraceBig_05, map_ref=table: 00000292DC8D7248, mapdata_size=8192x8192, ok=true, sequence=336, session=1, since_previous_ms=38, slot=1, source_tiles=6144x6144, total_ms=83771}
							Lua 0:01:44:499
[Super Big Map][LoadingTiming] STEP BEGIN surface register top-up markers {destination_tiles=8192x8192, environment=Surface, hex_size=820x946, map=BlankTerraceBig_05, map_ref=table: 00000292DC8D7248, mapdata_size=8192x8192, sequence=337, session=1, since_previous_ms=0, slot=1, source_tiles=6144x6144, total_ms=83771}
							Lua 0:01:44:504
[Super Big Map][LoadingTiming] STEP END surface register top-up markers {begin_session=1, destination_tiles=8192x8192, duration_ms=6, environment=Surface, first_result=nil, hex_size=820x946, map=BlankTerraceBig_05, map_ref=table: 00000292DC8D7248, mapdata_size=8192x8192, ok=true, sequence=338, session=1, since_previous_ms=6, slot=1, source_tiles=6144x6144, total_ms=83777}
[Super Big Map][LoadingTiming] STEP BEGIN surface resolve marker overlaps {destination_tiles=8192x8192, environment=Surface, hex_size=820x946, map=BlankTerraceBig_05, map_ref=table: 00000292DC8D7248, mapdata_size=8192x8192, sequence=339, session=1, since_previous_ms=0, slot=1, source_tiles=6144x6144, total_ms=83777}
							Lua 0:01:44:537
[Super Big Map][LoadingTiming] STEP END surface resolve marker overlaps {begin_session=1, destination_tiles=8192x8192, duration_ms=32, environment=Surface, first_result=0, hex_size=820x946, map=BlankTerraceBig_05, map_ref=table: 00000292DC8D7248, mapdata_size=8192x8192, ok=true, sequence=340, session=1, since_previous_ms=32, slot=1, source_tiles=6144x6144, total_ms=83809}
[Super Big Map][LoadingTiming] STEP BEGIN surface hard top-up spacing audit {destination_tiles=8192x8192, environment=Surface, hex_size=820x946, map=BlankTerraceBig_05, map_ref=table: 00000292DC8D7248, mapdata_size=8192x8192, sequence=341, session=1, since_previous_ms=1, slot=1, source_tiles=6144x6144, total_ms=83810}
							Lua 0:01:44:597
[Super Big Map][LoadingTiming] STEP END surface hard top-up spacing audit {begin_session=1, density_status=resources=true anomalies=true effects=true, destination_tiles=8192x8192, duplicate_hex_pairs=0, duration_ms=60, environment=Surface, first_duplicate_hex_pair=, first_repulsion_violation=, hex_size=820x946, map=BlankTerraceBig_05, map_ref=table: 00000292DC8D7248, mapdata_size=8192x8192, markers=583, ok=true, outer_ring_spacing_violations=0, sequence=342, session=1, since_previous_ms=60, slot=1, source_tiles=6144x6144, surface_quota_spacing_violations=0, surface_quota_topups=40, topups=251, total_ms=83870, violations=0}
[Super Big Map][LoadingTiming] STEP BEGIN surface top-up placement audit {destination_tiles=8192x8192, environment=Surface, hex_size=820x946, map=BlankTerraceBig_05, map_ref=table: 00000292DC8D7248, mapdata_size=8192x8192, sequence=343, session=1, since_previous_ms=0, slot=1, source_tiles=6144x6144, total_ms=83870}
[Super Big Map][LoadingTiming] STEP END surface top-up placement audit {begin_session=1, destination_tiles=8192x8192, duration_ms=0, environment=Surface, first_result=true, hex_size=820x946, map=BlankTerraceBig_05, map_ref=table: 00000292DC8D7248, mapdata_size=8192x8192, ok=true, sequence=344, session=1, since_previous_ms=0, slot=1, source_tiles=6144x6144, total_ms=83870}
							Lua 0:01:44:608
[Super Big Map][OuterResourceTopUpCensus] phase=pre-reveal marker census surface final ordinary_resource_topups=43 ordinary_resource_topups_placed=0 ordinary_resource_topups_visible=0 ordinary_resource_topups_outermost=24 guaranteed_resource_topups_outermost=23 guaranteed_resource_topups_inner_band=17 anomaly_topups=28 anomaly_topups_total=28 anomaly_topups_placed=0 anomaly_topups_outside_ring=0 maximum_anomalies_in_resource_cluster=0 anomaly_resource_cluster_overflow=0 maximum_total_members_in_resource_cluster=5 cluster_total_member_overflow=0 effect_topups=0 effect_topups_placed=0 verified_mountain_rocket_pad_effect_topups=0 unverified_outer_effect_topups=0 native_resources=0 resource_breakdown=Concrete:2|Metals:39|Polymers:2 anomaly_breakdown=complete:5|false:8|unlock:15 effect_breakdown=BeautyEffectDeposit:2|ResearchEffectDeposit:6 require_placed=false minimum=0 outermost_minimum=0 inner_band_minimum=0 shortfall=0 outermost_shortfall=0 inner_band_shortfall=0
[Super Big Map][LoadingTiming] STEP BEGIN diagnostic surface enrichment audit {destination_tiles=8192x8192, environment=Surface, hex_size=820x946, map=BlankTerraceBig_05, map_ref=table: 00000292DC8D7248, mapdata_size=8192x8192, sequence=345, session=1, since_previous_ms=11, slot=1, source_tiles=6144x6144, total_ms=83881}
[Super Big Map][LoadingTiming] STEP END diagnostic surface enrichment audit {audit_ok=true, begin_session=1, destination_tiles=8192x8192, duration_ms=0, environment=Surface, error=, hex_size=820x946, map=BlankTerraceBig_05, map_ref=table: 00000292DC8D7248, mapdata_size=8192x8192, ok=true, sequence=346, session=1, since_previous_ms=0, slot=1, source_tiles=6144x6144, total_ms=83881}
							Lua 0:01:45:198
[Super Big Map][LoadingTiming] PHASE_END Distributing surface resources and anomalies {destination_tiles=8192x8192, duration_ms=9401, environment=Surface, hex_size=820x946, map=BlankTerraceBig_05, map_ref=table: 00000292DC8D7248, mapdata_size=8192x8192, ok=true, sequence=347, session=1, slot=1, source_tiles=6144x6144, total_ms=84471}
[Super Big Map][LoadingTiming] PHASE_BEGIN Aligning the underground entrances {destination_tiles=8192x8192, environment=Surface, hex_size=820x946, map=BlankTerraceBig_05, map_ref=table: 00000292DC8D7248, mapdata_size=8192x8192, sequence=348, session=1, slot=1, source_tiles=6144x6144, total_ms=84471}
							Lua 0:01:45:869
[Super Big Map][LoadingTiming] PHASE_END Aligning the underground entrances {destination_tiles=8192x8192, duration_ms=671, environment=Surface, hex_size=820x946, map=BlankTerraceBig_05, map_ref=table: 00000292DC8D7248, mapdata_size=8192x8192, ok=true, sequence=349, session=1, slot=1, source_tiles=6144x6144, total_ms=85142}
[Super Big Map][LoadingTiming] PHASE_BEGIN Finalizing surface gameplay grids {destination_tiles=8192x8192, environment=Surface, hex_size=820x946, map=BlankTerraceBig_05, map_ref=table: 00000292DC8D7248, mapdata_size=8192x8192, sequence=350, session=1, slot=1, source_tiles=6144x6144, total_ms=85142}
							Lua 0:01:45:886
[Super Big Map][LoadingTiming] STEP BEGIN surface final RebuildPassability (after last object-grid transaction) {destination_tiles=8192x8192, environment=Surface, hex_size=820x946, map=BlankTerraceBig_05, map_ref=table: 00000292DC8D7248, mapdata_size=8192x8192, sequence=351, session=1, since_previous_ms=17, slot=1, source_tiles=6144x6144, total_ms=85159}
							Lua 0:01:51:716
[Super Big Map][LoadingTiming] STEP END surface final RebuildPassability (after last object-grid transaction) {begin_session=1, destination_tiles=8192x8192, duration_ms=5830, environment=Surface, error=, hex_size=820x946, map=BlankTerraceBig_05, map_ref=table: 00000292DC8D7248, mapdata_size=8192x8192, ok=true, sequence=352, session=1, since_previous_ms=5830, slot=1, source_tiles=6144x6144, total_ms=90989}
							Lua 0:01:51:732
[Super Big Map][LoadingTiming] PHASE_END Finalizing surface gameplay grids {destination_tiles=8192x8192, duration_ms=5863, environment=Surface, hex_size=820x946, map=BlankTerraceBig_05, map_ref=table: 00000292DC8D7248, mapdata_size=8192x8192, ok=true, sequence=353, session=1, slot=1, source_tiles=6144x6144, total_ms=91005}
[Super Big Map][LoadingTiming] PHASE_BEGIN Rebuilding the final surface build grid {destination_tiles=8192x8192, environment=Surface, hex_size=820x946, map=BlankTerraceBig_05, map_ref=table: 00000292DC8D7248, mapdata_size=8192x8192, sequence=354, session=1, slot=1, source_tiles=6144x6144, total_ms=91005}
[Super Big Map][LoadingTiming] STEP BEGIN surface final RebuildBuildableGrid (after last object-grid transaction) {destination_tiles=8192x8192, environment=Surface, hex_size=820x946, map=BlankTerraceBig_05, map_ref=table: 00000292DC8D7248, mapdata_size=8192x8192, sequence=355, session=1, since_previous_ms=0, slot=1, source_tiles=6144x6144, total_ms=91005}
							Lua 0:01:52:706
Buildable grid ready: 85/5149 valid zones.
[Super Big Map][LoadingTiming] STEP END surface final RebuildBuildableGrid (after last object-grid transaction) {begin_session=1, destination_tiles=8192x8192, duration_ms=974, environment=Surface, error=, hex_size=820x946, map=BlankTerraceBig_05, map_ref=table: 00000292DC8D7248, mapdata_size=8192x8192, ok=true, sequence=356, session=1, since_previous_ms=974, slot=1, source_tiles=6144x6144, total_ms=91979}
[Super Big Map][LoadingTiming] STEP END surface expansion pipeline {begin_session=1, destination_tiles=8192x8192, duration_ms=36576, environment=Surface, error=, hex_size=820x946, map=BlankTerraceBig_05, map_ref=table: 00000292DC8D7248, mapdata_size=8192x8192, ok=true, sequence=357, session=1, since_previous_ms=0, slot=1, source_tiles=6144x6144, terrain_grids=4, total_ms=91979}
							Lua 0:01:52:940
[Super Big Map][LoadingTiming] STEP derived object provenance recorded {derived=12, destination_tiles=8192x8192, environment=Surface, error=, hex_size=820x946, map=BlankTerraceBig_05, map_ref=table: 00000292DC8D7248, mapdata_size=8192x8192, reason=surface stretch complete, sequence=358, session=1, since_previous_ms=234, slot=1, source_tiles=6144x6144, total_ms=92213, unresolved=6515}
							Lua 0:01:52:942
[Super Big Map][LoadingTiming] PHASE_END Rebuilding the final surface build grid {destination_tiles=8192x8192, duration_ms=1209, environment=Surface, hex_size=820x946, map=BlankTerraceBig_05, map_ref=table: 00000292DC8D7248, mapdata_size=8192x8192, ok=true, sequence=359, session=1, slot=1, source_tiles=6144x6144, total_ms=92214}
[Super Big Map][LoadingTiming] SUMMARY surface expansion pipeline {calls=1, destination_tiles=8192x8192, environment=Surface, hex_size=820x946, map=BlankTerraceBig_05, map_ref=table: 00000292DC8D7248, mapdata_size=8192x8192, max_ms=36576, rank=1, session=1, slot=1, source_tiles=6144x6144, total_ms=36576}
[Super Big Map][LoadingTiming] SUMMARY phase: Finishing the expanded map... {calls=1, destination_tiles=8192x8192, environment=Surface, hex_size=820x946, map=BlankTerraceBig_05, map_ref=table: 00000292DC8D7248, mapdata_size=8192x8192, max_ms=24497, rank=2, session=1, slot=1, source_tiles=6144x6144, total_ms=24497}
[Super Big Map][LoadingTiming] SUMMARY phase: Restoring surface decoration density {calls=1, destination_tiles=8192x8192, environment=Surface, hex_size=820x946, map=BlankTerraceBig_05, map_ref=table: 00000292DC8D7248, mapdata_size=8192x8192, max_ms=15894, rank=3, session=1, slot=1, source_tiles=6144x6144, total_ms=15894}
[Super Big Map][LoadingTiming] SUMMARY phase: Generating the exact vanilla source terrain... {calls=1, destination_tiles=8192x8192, environment=Surface, hex_size=820x946, map=BlankTerraceBig_05, map_ref=table: 00000292DC8D7248, mapdata_size=8192x8192, max_ms=13305, rank=4, session=1, slot=1, source_tiles=6144x6144, total_ms=13305}
[Super Big Map][LoadingTiming] SUMMARY phase: Migrating the vanilla source into the expanded terrain... {calls=1, destination_tiles=8192x8192, environment=Surface, hex_size=820x946, map=BlankTerraceBig_05, map_ref=table: 00000292DC8D7248, mapdata_size=8192x8192, max_ms=10190, rank=5, session=1, slot=1, source_tiles=6144x6144, total_ms=10190}
[Super Big Map][LoadingTiming] SUMMARY source-view RandomMapGenerator.DoGenerate on expanded backing {calls=1, destination_tiles=8192x8192, environment=Surface, hex_size=820x946, map=BlankTerraceBig_05, map_ref=table: 00000292DC8D7248, mapdata_size=8192x8192, max_ms=9962, rank=6, session=1, slot=1, source_tiles=6144x6144, total_ms=9962}
							Lua 0:01:52:943
[Super Big Map][LoadingTiming] SUMMARY surface engine decor pass {calls=1, destination_tiles=8192x8192, environment=Surface, hex_size=820x946, map=BlankTerraceBig_05, map_ref=table: 00000292DC8D7248, mapdata_size=8192x8192, max_ms=9893, rank=7, session=1, slot=1, source_tiles=6144x6144, total_ms=9893}
[Super Big Map][LoadingTiming] SUMMARY phase: Distributing surface resources and anomalies {calls=1, destination_tiles=8192x8192, environment=Surface, hex_size=820x946, map=BlankTerraceBig_05, map_ref=table: 00000292DC8D7248, mapdata_size=8192x8192, max_ms=9401, rank=8, session=1, slot=1, source_tiles=6144x6144, total_ms=9401}
[Super Big Map][LoadingTiming] SUMMARY vanilla RandomMapGenerator.DoGenerate {calls=1, destination_tiles=8192x8192, environment=Surface, hex_size=820x946, map=BlankTerraceBig_05, map_ref=table: 00000292DC8D7248, mapdata_size=8192x8192, max_ms=6489, rank=9, session=1, slot=1, source_tiles=6144x6144, total_ms=6489}
[Super Big Map][LoadingTiming] SUMMARY surface resume combined pass edits {calls=1, destination_tiles=8192x8192, environment=Surface, hex_size=820x946, map=BlankTerraceBig_05, map_ref=table: 00000292DC8D7248, mapdata_size=8192x8192, max_ms=5941, rank=10, session=1, slot=1, source_tiles=6144x6144, total_ms=5941}
[Super Big Map][LoadingTiming] SUMMARY phase: Finalizing surface gameplay grids {calls=1, destination_tiles=8192x8192, environment=Surface, hex_size=820x946, map=BlankTerraceBig_05, map_ref=table: 00000292DC8D7248, mapdata_size=8192x8192, max_ms=5863, rank=11, session=1, slot=1, source_tiles=6144x6144, total_ms=5863}
[Super Big Map][LoadingTiming] SUMMARY surface final RebuildPassability (after last object-grid transaction) {calls=1, destination_tiles=8192x8192, environment=Surface, hex_size=820x946, map=BlankTerraceBig_05, map_ref=table: 00000292DC8D7248, mapdata_size=8192x8192, max_ms=5830, rank=12, session=1, slot=1, source_tiles=6144x6144, total_ms=5830}
[Super Big Map][LoadingTiming] SUMMARY stretch temporary source terrain directly to destination {calls=1, destination_tiles=8192x8192, environment=Surface, hex_size=820x946, map=BlankTerraceBig_05, map_ref=table: 00000292DC8D7248, mapdata_size=8192x8192, max_ms=5731, rank=13, session=1, slot=1, source_tiles=6144x6144, total_ms=5731}
[Super Big Map][LoadingTiming] SUMMARY surface prepare outer resource terrain {calls=1, destination_tiles=8192x8192, environment=Surface, hex_size=820x946, map=BlankTerraceBig_05, map_ref=table: 00000292DC8D7248, mapdata_size=8192x8192, max_ms=5577, rank=14, session=1, slot=1, source_tiles=6144x6144, total_ms=5577}
[Super Big Map][LoadingTiming] SUMMARY terrain grid stretch: height {calls=1, destination_tiles=8192x8192, environment=Surface, hex_size=820x946, map=BlankTerraceBig_05, map_ref=table: 00000292DC8D7248, mapdata_size=8192x8192, max_ms=5112, rank=15, session=1, slot=1, source_tiles=6144x6144, total_ms=5112}
[Super Big Map][LoadingTiming] SUMMARY RandomMapGenerator.OnGenerateLogic {calls=2, destination_tiles=8192x8192, environment=Surface, hex_size=820x946, map=BlankTerraceBig_05, map_ref=table: 00000292DC8D7248, mapdata_size=8192x8192, max_ms=2712, rank=16, session=1, slot=1, source_tiles=6144x6144, total_ms=3293}
							Lua 0:01:52:944
[Super Big Map][LoadingTiming] SUMMARY allocate temporary vanilla backing {calls=1, destination_tiles=8192x8192, environment=Surface, hex_size=820x946, map=BlankTerraceBig_05, map_ref=table: 00000292DC8D7248, mapdata_size=8192x8192, max_ms=3007, rank=17, session=1, slot=1, source_tiles=6144x6144, total_ms=3007}
[Super Big Map][LoadingTiming] SUMMARY capture transferred decor relief from temporary terrain {calls=1, destination_tiles=8192x8192, environment=Surface, hex_size=820x946, map=BlankTerraceBig_05, map_ref=table: 00000292DC8D7248, mapdata_size=8192x8192, max_ms=2888, rank=18, session=1, slot=1, source_tiles=6144x6144, total_ms=2888}
[Super Big Map][LoadingTiming] SUMMARY phase: Please wait. {calls=1, destination_tiles=8192x8192, environment=Surface, hex_size=820x946, map=BlankTerraceBig_05, map_ref=table: 00000292DC8D7248, mapdata_size=8192x8192, max_ms=2015, rank=19, session=1, slot=1, source_tiles=6144x6144, total_ms=2015}
[Super Big Map][LoadingTiming] SUMMARY finalize temporary source pass edits {calls=1, destination_tiles=8192x8192, environment=Surface, hex_size=820x946, map=BlankTerraceBig_05, map_ref=table: 00000292DC8D7248, mapdata_size=8192x8192, max_ms=1953, rank=20, session=1, slot=1, source_tiles=6144x6144, total_ms=1953}
[Super Big Map][LoadingTiming] SUMMARY switch temporary generator current slot {calls=2, destination_tiles=8192x8192, environment=Surface, hex_size=820x946, map=BlankTerraceBig_05, map_ref=table: 00000292DC8D7248, mapdata_size=8192x8192, max_ms=1175, rank=21, session=1, slot=1, source_tiles=6144x6144, total_ms=1743}
[Super Big Map][LoadingTiming] SUMMARY deferred underground passage bootstrap {calls=1, destination_tiles=8192x8192, environment=Surface, hex_size=820x946, map=BlankTerraceBig_05, map_ref=table: 00000292DC8D7248, mapdata_size=8192x8192, max_ms=1718, rank=22, session=1, slot=1, source_tiles=6144x6144, total_ms=1718}
[Super Big Map][LoadingTiming] SUMMARY transfer generated non-enrichment objects {calls=1, destination_tiles=8192x8192, environment=Surface, hex_size=820x946, map=BlankTerraceBig_05, map_ref=table: 00000292DC8D7248, mapdata_size=8192x8192, max_ms=1561, rank=23, session=1, slot=1, source_tiles=6144x6144, total_ms=1561}
[Super Big Map][LoadingTiming] SUMMARY RandomMap procedure: ResolveBuildable {calls=2, destination_tiles=8192x8192, environment=Surface, hex_size=820x946, map=BlankTerraceBig_05, map_ref=table: 00000292DC8D7248, mapdata_size=8192x8192, max_ms=930, rank=24, session=1, slot=1, source_tiles=6144x6144, total_ms=1345}
[Super Big Map][LoadingTiming] SUMMARY surface outer resource dirty-region RebuildPassability (after outer resource terrain preparation) {calls=1, destination_tiles=8192x8192, environment=Surface, hex_size=820x946, map=BlankTerraceBig_05, map_ref=table: 00000292DC8D7248, mapdata_size=8192x8192, max_ms=1249, rank=25, session=1, slot=1, source_tiles=6144x6144, total_ms=1249}
							Lua 0:01:52:945
[Super Big Map][LoadingTiming] SUMMARY phase: Rebuilding the final surface build grid {calls=1, destination_tiles=8192x8192, environment=Surface, hex_size=820x946, map=BlankTerraceBig_05, map_ref=table: 00000292DC8D7248, mapdata_size=8192x8192, max_ms=1209, rank=26, session=1, slot=1, source_tiles=6144x6144, total_ms=1209}
[Super Big Map][LoadingTiming] SUMMARY surface final RebuildBuildableGrid (after last object-grid transaction) {calls=1, destination_tiles=8192x8192, environment=Surface, hex_size=820x946, map=BlankTerraceBig_05, map_ref=table: 00000292DC8D7248, mapdata_size=8192x8192, max_ms=974, rank=27, session=1, slot=1, source_tiles=6144x6144, total_ms=974}
[Super Big Map][LoadingTiming] SUMMARY phase: Rebuilding the surface build grid {calls=1, destination_tiles=8192x8192, environment=Surface, hex_size=820x946, map=BlankTerraceBig_05, map_ref=table: 00000292DC8D7248, mapdata_size=8192x8192, max_ms=929, rank=28, session=1, slot=1, source_tiles=6144x6144, total_ms=929}
[Super Big Map][LoadingTiming] SUMMARY surface final RebuildBuildableGrid {calls=1, destination_tiles=8192x8192, environment=Surface, hex_size=820x946, map=BlankTerraceBig_05, map_ref=table: 00000292DC8D7248, mapdata_size=8192x8192, max_ms=923, rank=29, session=1, slot=1, source_tiles=6144x6144, total_ms=923}
[Super Big Map][LoadingTiming] SUMMARY terrain map grid stretch: BiomeGrid {calls=1, destination_tiles=8192x8192, environment=Surface, hex_size=820x946, map=BlankTerraceBig_05, map_ref=table: 00000292DC8D7248, mapdata_size=8192x8192, max_ms=913, rank=30, session=1, slot=1, source_tiles=6144x6144, total_ms=913}
[Super Big Map][LoadingTiming] SUMMARY surface outer resource RebuildBuildableGrid (after outer resource terrain preparation) {calls=1, destination_tiles=8192x8192, environment=Surface, hex_size=820x946, map=BlankTerraceBig_05, map_ref=table: 00000292DC8D7248, mapdata_size=8192x8192, max_ms=872, rank=31, session=1, slot=1, source_tiles=6144x6144, total_ms=872}
[Super Big Map][LoadingTiming] SUMMARY terrain map grid stretch: colorize {calls=1, destination_tiles=8192x8192, environment=Surface, hex_size=820x946, map=BlankTerraceBig_05, map_ref=table: 00000292DC8D7248, mapdata_size=8192x8192, max_ms=807, rank=32, session=1, slot=1, source_tiles=6144x6144, total_ms=807}
[Super Big Map][LoadingTiming] SUMMARY phase: Repositioning surface rocks and decorations {calls=1, destination_tiles=8192x8192, environment=Surface, hex_size=820x946, map=BlankTerraceBig_05, map_ref=table: 00000292DC8D7248, mapdata_size=8192x8192, max_ms=725, rank=33, session=1, slot=1, source_tiles=6144x6144, total_ms=725}
[Super Big Map][LoadingTiming] SUMMARY phase: Aligning the underground entrances {calls=1, destination_tiles=8192x8192, environment=Surface, hex_size=820x946, map=BlankTerraceBig_05, map_ref=table: 00000292DC8D7248, mapdata_size=8192x8192, max_ms=671, rank=34, session=1, slot=1, source_tiles=6144x6144, total_ms=671}
[Super Big Map][LoadingTiming] SUMMARY terrain map grid colorize: destination write {calls=1, destination_tiles=8192x8192, environment=Surface, hex_size=820x946, map=BlankTerraceBig_05, map_ref=table: 00000292DC8D7248, mapdata_size=8192x8192, max_ms=617, rank=35, session=1, slot=1, source_tiles=6144x6144, total_ms=617}
							Lua 0:01:52:946
[Super Big Map][LoadingTiming] SUMMARY terrain grid stretch: type {calls=1, destination_tiles=8192x8192, environment=Surface, hex_size=820x946, map=BlankTerraceBig_05, map_ref=table: 00000292DC8D7248, mapdata_size=8192x8192, max_ms=616, rank=36, session=1, slot=1, source_tiles=6144x6144, total_ms=616}
[Super Big Map][LoadingTiming] SUMMARY surface top-up resources {calls=1, destination_tiles=8192x8192, environment=Surface, hex_size=820x946, map=BlankTerraceBig_05, map_ref=table: 00000292DC8D7248, mapdata_size=8192x8192, max_ms=566, rank=37, session=1, slot=1, source_tiles=6144x6144, total_ms=566}
[Super Big Map][LoadingTiming] SUMMARY terrain map grid BiomeGrid: resample {calls=1, destination_tiles=8192x8192, environment=Surface, hex_size=820x946, map=BlankTerraceBig_05, map_ref=table: 00000292DC8D7248, mapdata_size=8192x8192, max_ms=508, rank=38, session=1, slot=1, source_tiles=6144x6144, total_ms=508}
[Super Big Map][LoadingTiming] SUMMARY surface top-up anomalies {calls=1, destination_tiles=8192x8192, environment=Surface, hex_size=820x946, map=BlankTerraceBig_05, map_ref=table: 00000292DC8D7248, mapdata_size=8192x8192, max_ms=392, rank=39, session=1, slot=1, source_tiles=6144x6144, total_ms=392}
[Super Big Map][LoadingTiming] SUMMARY unload retained vanilla source backing {calls=1, destination_tiles=8192x8192, environment=Surface, hex_size=820x946, map=BlankTerraceBig_05, map_ref=table: 00000292DC8D7248, mapdata_size=8192x8192, max_ms=327, rank=40, session=1, slot=1, source_tiles=6144x6144, total_ms=327}
[Super Big Map][LoadingTiming] SUMMARY terrain map grid BiomeGrid: destination write {calls=1, destination_tiles=8192x8192, environment=Surface, hex_size=820x946, map=BlankTerraceBig_05, map_ref=table: 00000292DC8D7248, mapdata_size=8192x8192, max_ms=264, rank=41, session=1, slot=1, source_tiles=6144x6144, total_ms=264}
[Super Big Map][LoadingTiming] SUMMARY RandomMap procedure: PlaceAnomalies {calls=2, destination_tiles=8192x8192, environment=Surface, hex_size=820x946, map=BlankTerraceBig_05, map_ref=table: 00000292DC8D7248, mapdata_size=8192x8192, max_ms=162, rank=42, session=1, slot=1, source_tiles=6144x6144, total_ms=197}
[Super Big Map][LoadingTiming] SUMMARY terrain map grid colorize: resample {calls=1, destination_tiles=8192x8192, environment=Surface, hex_size=820x946, map=BlankTerraceBig_05, map_ref=table: 00000292DC8D7248, mapdata_size=8192x8192, max_ms=126, rank=43, session=1, slot=1, source_tiles=6144x6144, total_ms=126}
[Super Big Map][LoadingTiming] SUMMARY terrain map grid BiomeGrid: compute conversion {calls=1, destination_tiles=8192x8192, environment=Surface, hex_size=820x946, map=BlankTerraceBig_05, map_ref=table: 00000292DC8D7248, mapdata_size=8192x8192, max_ms=124, rank=44, session=1, slot=1, source_tiles=6144x6144, total_ms=124}
							Lua 0:01:52:947
[Super Big Map][LoadingTiming] SUMMARY capture native enrichment value records {calls=1, destination_tiles=8192x8192, environment=Surface, hex_size=820x946, map=BlankTerraceBig_05, map_ref=table: 00000292DC8D7248, mapdata_size=8192x8192, max_ms=76, rank=45, session=1, slot=1, source_tiles=6144x6144, total_ms=76}
[Super Big Map][LoadingTiming] SUMMARY RandomMap procedure: PlaceAnomalies_FindFeatures {calls=2, destination_tiles=8192x8192, environment=Surface, hex_size=820x946, map=BlankTerraceBig_05, map_ref=table: 00000292DC8D7248, mapdata_size=8192x8192, max_ms=65, rank=46, session=1, slot=1, source_tiles=6144x6144, total_ms=70}
[Super Big Map][LoadingTiming] SUMMARY phase: Restoring the vanilla resources and anomalies {calls=1, destination_tiles=8192x8192, environment=Surface, hex_size=820x946, map=BlankTerraceBig_05, map_ref=table: 00000292DC8D7248, mapdata_size=8192x8192, max_ms=66, rank=47, session=1, slot=1, source_tiles=6144x6144, total_ms=66}
[Super Big Map][LoadingTiming] SUMMARY surface hard top-up spacing audit {calls=1, destination_tiles=8192x8192, environment=Surface, hex_size=820x946, map=BlankTerraceBig_05, map_ref=table: 00000292DC8D7248, mapdata_size=8192x8192, max_ms=60, rank=48, session=1, slot=1, source_tiles=6144x6144, total_ms=60}
[Super Big Map][LoadingTiming] SUMMARY surface select stretched vanilla initial reveal {calls=1, destination_tiles=8192x8192, environment=Surface, hex_size=820x946, map=BlankTerraceBig_05, map_ref=table: 00000292DC8D7248, mapdata_size=8192x8192, max_ms=58, rank=49, session=1, slot=1, source_tiles=6144x6144, total_ms=58}
[Super Big Map][LoadingTiming] SUMMARY terrain map grid colorize: compute conversion {calls=1, destination_tiles=8192x8192, environment=Surface, hex_size=820x946, map=BlankTerraceBig_05, map_ref=table: 00000292DC8D7248, mapdata_size=8192x8192, max_ms=51, rank=50, session=1, slot=1, source_tiles=6144x6144, total_ms=51}
[Super Big Map][LoadingTiming] SUMMARY RandomMap procedure: PlaceAnomalies_FindFeatures_Deposits {calls=2, destination_tiles=8192x8192, environment=Surface, hex_size=820x946, map=BlankTerraceBig_05, map_ref=table: 00000292DC8D7248, mapdata_size=8192x8192, max_ms=46, rank=51, session=1, slot=1, source_tiles=6144x6144, total_ms=47}
[Super Big Map][LoadingTiming] SUMMARY RandomMap procedure: PlaceAnomalies_FindAnomalies_Breakthrough {calls=2, destination_tiles=8192x8192, environment=Surface, hex_size=820x946, map=BlankTerraceBig_05, map_ref=table: 00000292DC8D7248, mapdata_size=8192x8192, max_ms=44, rank=52, session=1, slot=1, source_tiles=6144x6144, total_ms=44}
							Lua 0:01:52:948
[Super Big Map][LoadingTiming] SUMMARY invalidate expanded terrain {calls=1, destination_tiles=8192x8192, environment=Surface, hex_size=820x946, map=BlankTerraceBig_05, map_ref=table: 00000292DC8D7248, mapdata_size=8192x8192, max_ms=40, rank=53, session=1, slot=1, source_tiles=6144x6144, total_ms=40}
[Super Big Map][LoadingTiming] SUMMARY surface top-up effect deposits {calls=1, destination_tiles=8192x8192, environment=Surface, hex_size=820x946, map=BlankTerraceBig_05, map_ref=table: 00000292DC8D7248, mapdata_size=8192x8192, max_ms=38, rank=54, session=1, slot=1, source_tiles=6144x6144, total_ms=38}
[Super Big Map][LoadingTiming] SUMMARY RandomMap procedure: PlaceAnomalies_PlaceDeposits {calls=2, destination_tiles=8192x8192, environment=Surface, hex_size=820x946, map=BlankTerraceBig_05, map_ref=table: 00000292DC8D7248, mapdata_size=8192x8192, max_ms=28, rank=55, session=1, slot=1, source_tiles=6144x6144, total_ms=37}
[Super Big Map][LoadingTiming] SUMMARY surface resolve marker overlaps {calls=1, destination_tiles=8192x8192, environment=Surface, hex_size=820x946, map=BlankTerraceBig_05, map_ref=table: 00000292DC8D7248, mapdata_size=8192x8192, max_ms=32, rank=56, session=1, slot=1, source_tiles=6144x6144, total_ms=32}
[Super Big Map][LoadingTiming] SUMMARY phase: Repositioning surface resource deposits {calls=1, destination_tiles=8192x8192, environment=Surface, hex_size=820x946, map=BlankTerraceBig_05, map_ref=table: 00000292DC8D7248, mapdata_size=8192x8192, max_ms=29, rank=57, session=1, slot=1, source_tiles=6144x6144, total_ms=29}
[Super Big Map][LoadingTiming] SUMMARY RandomMap procedure: PlaceObstructions {calls=2, destination_tiles=8192x8192, environment=Surface, hex_size=820x946, map=BlankTerraceBig_05, map_ref=table: 00000292DC8D7248, mapdata_size=8192x8192, max_ms=26, rank=58, session=1, slot=1, source_tiles=6144x6144, total_ms=26}
[Super Big Map][LoadingTiming] SUMMARY surface scale marker objects {calls=1, destination_tiles=8192x8192, environment=Surface, hex_size=820x946, map=BlankTerraceBig_05, map_ref=table: 00000292DC8D7248, mapdata_size=8192x8192, max_ms=22, rank=59, session=1, slot=1, source_tiles=6144x6144, total_ms=22}
[Super Big Map][LoadingTiming] SUMMARY refresh temporary source object radius {calls=1, destination_tiles=8192x8192, environment=Surface, hex_size=820x946, map=BlankTerraceBig_05, map_ref=table: 00000292DC8D7248, mapdata_size=8192x8192, max_ms=20, rank=60, session=1, slot=1, source_tiles=6144x6144, total_ms=20}
[Super Big Map][LoadingTiming] SUMMARY RandomMap procedure: PlaceAnomalies_FindDeposits {calls=2, destination_tiles=8192x8192, environment=Surface, hex_size=820x946, map=BlankTerraceBig_05, map_ref=table: 00000292DC8D7248, mapdata_size=8192x8192, max_ms=9, rank=61, session=1, slot=1, source_tiles=6144x6144, total_ms=15}
[Super Big Map][LoadingTiming] SUMMARY RandomMap procedure: PlaceAnomalies_FindFeatures_EffectDeposits {calls=2, destination_tiles=8192x8192, environment=Surface, hex_size=820x946, map=BlankTerraceBig_05, map_ref=table: 00000292DC8D7248, mapdata_size=8192x8192, max_ms=8, rank=62, session=1, slot=1, source_tiles=6144x6144, total_ms=8}
							Lua 0:01:52:949
[Super Big Map][LoadingTiming] SUMMARY RandomMap procedure: PlaceAnomalies_FindAnomalies {calls=2, destination_tiles=8192x8192, environment=Surface, hex_size=820x946, map=BlankTerraceBig_05, map_ref=table: 00000292DC8D7248, mapdata_size=8192x8192, max_ms=5, rank=63, session=1, slot=1, source_tiles=6144x6144, total_ms=7}
[Super Big Map][LoadingTiming] SUMMARY capture vanilla initial sector {calls=1, destination_tiles=8192x8192, environment=Surface, hex_size=820x946, map=BlankTerraceBig_05, map_ref=table: 00000292DC8D7248, mapdata_size=8192x8192, max_ms=7, rank=64, session=1, slot=1, source_tiles=6144x6144, total_ms=7}
[Super Big Map][LoadingTiming] SUMMARY surface verify native enrichment transform {calls=1, destination_tiles=8192x8192, environment=Surface, hex_size=820x946, map=BlankTerraceBig_05, map_ref=table: 00000292DC8D7248, mapdata_size=8192x8192, max_ms=7, rank=65, session=1, slot=1, source_tiles=6144x6144, total_ms=7}
[Super Big Map][LoadingTiming] SUMMARY surface register top-up markers {calls=1, destination_tiles=8192x8192, environment=Surface, hex_size=820x946, map=BlankTerraceBig_05, map_ref=table: 00000292DC8D7248, mapdata_size=8192x8192, max_ms=6, rank=66, session=1, slot=1, source_tiles=6144x6144, total_ms=6}
[Super Big Map][LoadingTiming] SUMMARY surface enforce scan gate {calls=1, destination_tiles=8192x8192, environment=Surface, hex_size=820x946, map=BlankTerraceBig_05, map_ref=table: 00000292DC8D7248, mapdata_size=8192x8192, max_ms=5, rank=67, session=1, slot=1, source_tiles=6144x6144, total_ms=5}
[Super Big Map][LoadingTiming] SUMMARY terrain map grid colorize: source extraction {calls=1, destination_tiles=8192x8192, environment=Surface, hex_size=820x946, map=BlankTerraceBig_05, map_ref=table: 00000292DC8D7248, mapdata_size=8192x8192, max_ms=5, rank=68, session=1, slot=1, source_tiles=6144x6144, total_ms=5}
[Super Big Map][LoadingTiming] SUMMARY RandomMap procedure: PlaceAnomalies_FindClusters {calls=2, destination_tiles=8192x8192, environment=Surface, hex_size=820x946, map=BlankTerraceBig_05, map_ref=table: 00000292DC8D7248, mapdata_size=8192x8192, max_ms=4, rank=69, session=1, slot=1, source_tiles=6144x6144, total_ms=4}
[Super Big Map][LoadingTiming] SUMMARY capture native enrichment coordinates {calls=1, destination_tiles=8192x8192, environment=Surface, hex_size=820x946, map=BlankTerraceBig_05, map_ref=table: 00000292DC8D7248, mapdata_size=8192x8192, max_ms=4, rank=70, session=1, slot=1, source_tiles=6144x6144, total_ms=4}
[Super Big Map][LoadingTiming] SUMMARY RandomMap procedure: PlaceAnomalies_FindAnomalies_Event {calls=2, destination_tiles=8192x8192, environment=Surface, hex_size=820x946, map=BlankTerraceBig_05, map_ref=table: 00000292DC8D7248, mapdata_size=8192x8192, max_ms=2, rank=71, session=1, slot=1, source_tiles=6144x6144, total_ms=3}
							Lua 0:01:52:950
[Super Big Map][LoadingTiming] SUMMARY RandomMap procedure: PlaceAnomalies_FindDeposits_subs_Metals {calls=2, destination_tiles=8192x8192, environment=Surface, hex_size=820x946, map=BlankTerraceBig_05, map_ref=table: 00000292DC8D7248, mapdata_size=8192x8192, max_ms=2, rank=72, session=1, slot=1, source_tiles=6144x6144, total_ms=3}
[Super Big Map][LoadingTiming] SUMMARY RandomMap procedure: PlaceAnomalies_FindDeposits_terr_Concrete {calls=2, destination_tiles=8192x8192, environment=Surface, hex_size=820x946, map=BlankTerraceBig_05, map_ref=table: 00000292DC8D7248, mapdata_size=8192x8192, max_ms=2, rank=73, session=1, slot=1, source_tiles=6144x6144, total_ms=3}
[Super Big Map][LoadingTiming] SUMMARY RandomMap procedure: PlaceAnomalies_PlaceTechUnlockAnomalies {calls=2, destination_tiles=8192x8192, environment=Surface, hex_size=820x946, map=BlankTerraceBig_05, map_ref=table: 00000292DC8D7248, mapdata_size=8192x8192, max_ms=2, rank=74, session=1, slot=1, source_tiles=6144x6144, total_ms=3}
[Super Big Map][LoadingTiming] SUMMARY RandomMap procedure: PlaceColdAreas {calls=2, destination_tiles=8192x8192, environment=Surface, hex_size=820x946, map=BlankTerraceBig_05, map_ref=table: 00000292DC8D7248, mapdata_size=8192x8192, max_ms=3, rank=75, session=1, slot=1, source_tiles=6144x6144, total_ms=3}
[Super Big Map][LoadingTiming] SUMMARY RandomMap procedure: PlaceAnomalies_FindAnomalies_TechUnlock {calls=2, destination_tiles=8192x8192, environment=Surface, hex_size=820x946, map=BlankTerraceBig_05, map_ref=table: 00000292DC8D7248, mapdata_size=8192x8192, max_ms=1, rank=76, session=1, slot=1, source_tiles=6144x6144, total_ms=2}
[Super Big Map][LoadingTiming] SUMMARY RandomMap procedure: PlaceAnomalies_FindDeposits_subs_PreciousMetals {calls=2, destination_tiles=8192x8192, environment=Surface, hex_size=820x946, map=BlankTerraceBig_05, map_ref=table: 00000292DC8D7248, mapdata_size=8192x8192, max_ms=1, rank=77, session=1, slot=1, source_tiles=6144x6144, total_ms=2}
[Super Big Map][LoadingTiming] SUMMARY RandomMap procedure: PlaceAnomalies_FindDeposits_subs_Water {calls=2, destination_tiles=8192x8192, environment=Surface, hex_size=820x946, map=BlankTerraceBig_05, map_ref=table: 00000292DC8D7248, mapdata_size=8192x8192, max_ms=1, rank=78, session=1, slot=1, source_tiles=6144x6144, total_ms=2}
[Super Big Map][LoadingTiming] SUMMARY RandomMap procedure: PlaceAnomalies_FindDeposits_surf_Metals {calls=1, destination_tiles=8192x8192, environment=Surface, hex_size=820x946, map=BlankTerraceBig_05, map_ref=table: 00000292DC8D7248, mapdata_size=8192x8192, max_ms=2, rank=79, session=1, slot=1, source_tiles=6144x6144, total_ms=2}
[Super Big Map][LoadingTiming] SUMMARY RandomMap procedure: PlaceAnomalies_PlaceEventAnomalies {calls=2, destination_tiles=8192x8192, environment=Surface, hex_size=820x946, map=BlankTerraceBig_05, map_ref=table: 00000292DC8D7248, mapdata_size=8192x8192, max_ms=1, rank=80, session=1, slot=1, source_tiles=6144x6144, total_ms=2}
[Super Big Map][LoadingTiming] SUMMARY RandomMap procedure: PlaceAnomalies_AlignToHexGrid {calls=2, destination_tiles=8192x8192, environment=Surface, hex_size=820x946, map=BlankTerraceBig_05, map_ref=table: 00000292DC8D7248, mapdata_size=8192x8192, max_ms=1, rank=81, session=1, slot=1, source_tiles=6144x6144, total_ms=1}
							Lua 0:01:52:951
[Super Big Map][LoadingTiming] SUMMARY RandomMap procedure: PlaceAnomalies_FindAnomalies_FreeTech {calls=1, destination_tiles=8192x8192, environment=Surface, hex_size=820x946, map=BlankTerraceBig_05, map_ref=table: 00000292DC8D7248, mapdata_size=8192x8192, max_ms=1, rank=82, session=1, slot=1, source_tiles=6144x6144, total_ms=1}
[Super Big Map][LoadingTiming] SUMMARY RandomMap procedure: PlaceAnomalies_FindDeposits_surf_Polymers {calls=1, destination_tiles=8192x8192, environment=Surface, hex_size=820x946, map=BlankTerraceBig_05, map_ref=table: 00000292DC8D7248, mapdata_size=8192x8192, max_ms=1, rank=83, session=1, slot=1, source_tiles=6144x6144, total_ms=1}
[Super Big Map][LoadingTiming] SUMMARY RandomMap procedure: PlaceAnomalies_FindEffectDeposits {calls=2, destination_tiles=8192x8192, environment=Surface, hex_size=820x946, map=BlankTerraceBig_05, map_ref=table: 00000292DC8D7248, mapdata_size=8192x8192, max_ms=1, rank=84, session=1, slot=1, source_tiles=6144x6144, total_ms=1}
[Super Big Map][LoadingTiming] SUMMARY RandomMap procedure: PlaceAnomalies_FindEffectDeposits_ResearchEffectDeposit {calls=1, destination_tiles=8192x8192, environment=Surface, hex_size=820x946, map=BlankTerraceBig_05, map_ref=table: 00000292DC8D7248, mapdata_size=8192x8192, max_ms=1, rank=85, session=1, slot=1, source_tiles=6144x6144, total_ms=1}
[Super Big Map][LoadingTiming] SUMMARY RandomMap procedure: PlaceAnomalies_FindFeatures_Anomalies {calls=2, destination_tiles=8192x8192, environment=Surface, hex_size=820x946, map=BlankTerraceBig_05, map_ref=table: 00000292DC8D7248, mapdata_size=8192x8192, max_ms=1, rank=86, session=1, slot=1, source_tiles=6144x6144, total_ms=1}
[Super Big Map][LoadingTiming] SUMMARY RandomMap procedure: PlaceAnomalies_PlaceBreakthroughAnomalies {calls=2, destination_tiles=8192x8192, environment=Surface, hex_size=820x946, map=BlankTerraceBig_05, map_ref=table: 00000292DC8D7248, mapdata_size=8192x8192, max_ms=1, rank=87, session=1, slot=1, source_tiles=6144x6144, total_ms=1}
[Super Big Map][LoadingTiming] SUMMARY RandomMap procedure: PlaceAnomalies_PlaceEffectDeposits {calls=2, destination_tiles=8192x8192, environment=Surface, hex_size=820x946, map=BlankTerraceBig_05, map_ref=table: 00000292DC8D7248, mapdata_size=8192x8192, max_ms=1, rank=88, session=1, slot=1, source_tiles=6144x6144, total_ms=1}
[Super Big Map][LoadingTiming] SUMMARY copy generated map state {calls=1, destination_tiles=8192x8192, environment=Surface, hex_size=820x946, map=BlankTerraceBig_05, map_ref=table: 00000292DC8D7248, mapdata_size=8192x8192, max_ms=1, rank=89, session=1, slot=1, source_tiles=6144x6144, total_ms=1}
[Super Big Map][LoadingTiming] SUMMARY rebuild destination grids after source migration {calls=1, destination_tiles=8192x8192, environment=Surface, hex_size=820x946, map=BlankTerraceBig_05, map_ref=table: 00000292DC8D7248, mapdata_size=8192x8192, max_ms=1, rank=90, session=1, slot=1, source_tiles=6144x6144, total_ms=1}
							Lua 0:01:52:952
[Super Big Map][LoadingTiming] SUMMARY RandomMap procedure: ClearLandingZones {calls=2, destination_tiles=8192x8192, environment=Surface, hex_size=820x946, map=BlankTerraceBig_05, map_ref=table: 00000292DC8D7248, mapdata_size=8192x8192, max_ms=0, rank=91, session=1, slot=1, source_tiles=6144x6144, total_ms=0}
[Super Big Map][LoadingTiming] SUMMARY RandomMap procedure: PlaceAnomalies_FindFeatures_RepulseDeposits {calls=2, destination_tiles=8192x8192, environment=Surface, hex_size=820x946, map=BlankTerraceBig_05, map_ref=table: 00000292DC8D7248, mapdata_size=8192x8192, max_ms=0, rank=92, session=1, slot=1, source_tiles=6144x6144, total_ms=0}
[Super Big Map][LoadingTiming] SUMMARY RandomMap procedure: PlaceAnomalies_PlaceFreeTechAnomalies {calls=2, destination_tiles=8192x8192, environment=Surface, hex_size=820x946, map=BlankTerraceBig_05, map_ref=table: 00000292DC8D7248, mapdata_size=8192x8192, max_ms=0, rank=93, session=1, slot=1, source_tiles=6144x6144, total_ms=0}
[Super Big Map][LoadingTiming] SUMMARY RandomMap procedure: PlaceArtefacts {calls=1, destination_tiles=8192x8192, environment=Surface, hex_size=820x946, map=BlankTerraceBig_05, map_ref=table: 00000292DC8D7248, mapdata_size=8192x8192, max_ms=0, rank=94, session=1, slot=1, source_tiles=6144x6144, total_ms=0}
[Super Big Map][LoadingTiming] SUMMARY diagnostic surface enrichment audit {calls=1, destination_tiles=8192x8192, environment=Surface, hex_size=820x946, map=BlankTerraceBig_05, map_ref=table: 00000292DC8D7248, mapdata_size=8192x8192, max_ms=0, rank=95, session=1, slot=1, source_tiles=6144x6144, total_ms=0}
[Super Big Map][LoadingTiming] SUMMARY surface top-up placement audit {calls=1, destination_tiles=8192x8192, environment=Surface, hex_size=820x946, map=BlankTerraceBig_05, map_ref=table: 00000292DC8D7248, mapdata_size=8192x8192, max_ms=0, rank=96, session=1, slot=1, source_tiles=6144x6144, total_ms=0}
[Super Big Map][LoadingTiming] SUMMARY terrain clutter grid stretch {calls=2, destination_tiles=8192x8192, environment=Surface, hex_size=820x946, map=BlankTerraceBig_05, map_ref=table: 00000292DC8D7248, mapdata_size=8192x8192, max_ms=0, rank=97, session=1, slot=1, source_tiles=6144x6144, total_ms=0}
[Super Big Map][LoadingTiming] SUMMARY terrain map grid BiomeGrid: destination metadata {calls=1, destination_tiles=8192x8192, environment=Surface, hex_size=820x946, map=BlankTerraceBig_05, map_ref=table: 00000292DC8D7248, mapdata_size=8192x8192, max_ms=0, rank=98, session=1, slot=1, source_tiles=6144x6144, total_ms=0}
							Lua 0:01:52:953
[Super Big Map][LoadingTiming] SUMMARY terrain map grid BiomeGrid: source extraction {calls=1, destination_tiles=8192x8192, environment=Surface, hex_size=820x946, map=BlankTerraceBig_05, map_ref=table: 00000292DC8D7248, mapdata_size=8192x8192, max_ms=0, rank=99, session=1, slot=1, source_tiles=6144x6144, total_ms=0}
[Super Big Map][LoadingTiming] SUMMARY terrain map grid colorize: destination metadata {calls=1, destination_tiles=8192x8192, environment=Surface, hex_size=820x946, map=BlankTerraceBig_05, map_ref=table: 00000292DC8D7248, mapdata_size=8192x8192, max_ms=0, rank=100, session=1, slot=1, source_tiles=6144x6144, total_ms=0}
[Super Big Map][LoadingTiming] SESSION_END {destination_tiles=8192x8192, diagnostic_print_ms=62, environment=Surface, error=, hex_size=820x946, map=BlankTerraceBig_05, map_ref=table: 00000292DC8D7248, mapdata_size=8192x8192, ok=true, reason=surface expansion complete, session=1, session_duration_ms=92214, slot=1, source_tiles=6144x6144, terrain_grids=4}
							Lua 0:01:52:969
[Super Big Map][LoadingTiming] SESSION_BEGIN {destination_tiles=8192x8192, environment=Surface, hex_size=820x946, map=BlankTerraceBig_05, map_ref=table: 00000292DC8D7248, mapdata_size=8192x8192, reason=surface final RebuildPassability (post-pipeline scheduled revalidation), session=2, slot=1, source_tiles=6144x6144}
[Super Big Map][LoadingTiming] STEP BEGIN surface final RebuildPassability (post-pipeline scheduled revalidation) {destination_tiles=8192x8192, environment=Surface, hex_size=820x946, map=BlankTerraceBig_05, map_ref=table: 00000292DC8D7248, mapdata_size=8192x8192, sequence=1, session=2, since_previous_ms=0, slot=1, source_tiles=6144x6144, total_ms=0}
							Lua 0:01:58:690
[Super Big Map][LoadingTiming] STEP END surface final RebuildPassability (post-pipeline scheduled revalidation) {begin_session=2, destination_tiles=8192x8192, duration_ms=5721, environment=Surface, error=, hex_size=820x946, map=BlankTerraceBig_05, map_ref=table: 00000292DC8D7248, mapdata_size=8192x8192, ok=true, sequence=2, session=2, since_previous_ms=5721, slot=1, source_tiles=6144x6144, total_ms=5721}
							Lua 0:01:58:706
[Super Big Map][LoadingTiming] PHASE_BEGIN Rebuilding the final surface build grid {destination_tiles=8192x8192, environment=Surface, hex_size=820x946, map=BlankTerraceBig_05, map_ref=table: 00000292DC8D7248, mapdata_size=8192x8192, sequence=3, session=2, slot=1, source_tiles=6144x6144, total_ms=5736}
[Super Big Map][LoadingTiming] STEP BEGIN surface final RebuildBuildableGrid (post-pipeline scheduled revalidation) {destination_tiles=8192x8192, environment=Surface, hex_size=820x946, map=BlankTerraceBig_05, map_ref=table: 00000292DC8D7248, mapdata_size=8192x8192, sequence=4, session=2, since_previous_ms=1, slot=1, source_tiles=6144x6144, total_ms=5737}
							Lua 0:01:59:645
Buildable grid ready: 85/5149 valid zones.
[Super Big Map][LoadingTiming] STEP END surface final RebuildBuildableGrid (post-pipeline scheduled revalidation) {begin_session=2, destination_tiles=8192x8192, duration_ms=939, environment=Surface, error=, hex_size=820x946, map=BlankTerraceBig_05, map_ref=table: 00000292DC8D7248, mapdata_size=8192x8192, ok=true, sequence=5, session=2, since_previous_ms=939, slot=1, source_tiles=6144x6144, total_ms=6676}
							Lua 0:02:00:694
[RULES] surface half complete; starting first access
[RULES] scan test: no TerrainDeposit in an unexplored sector to scan sector=nil status nil->nil deposit vis nil->nil gate nil->nil
							Lua 0:02:01:004
Missing spot 'Top' in 'MapSharedDepot' state 'idle'
							Lua 0:02:01:037
[DebugAdapter] New connection to DebugAddapter 127.0.0.1:50143
[DebugAdapter] New connection to DebugAddapter 127.0.0.1:50161
[DebugAdapter] Connection lost to 127.0.0.1:50143 
							Lua 0:02:01:040

!!! Quick Build !!!
							Lua 0:02:01:107
[Super Big Map][OuterResourceTopUpCensus] phase=post-deferred-GameInit surface final density suite ordinary_resource_topups=43 ordinary_resource_topups_placed=0 ordinary_resource_topups_visible=0 ordinary_resource_topups_outermost=24 guaranteed_resource_topups_outermost=23 guaranteed_resource_topups_inner_band=17 anomaly_topups=28 anomaly_topups_total=28 anomaly_topups_placed=0 anomaly_topups_outside_ring=0 maximum_anomalies_in_resource_cluster=0 anomaly_resource_cluster_overflow=0 maximum_total_members_in_resource_cluster=5 cluster_total_member_overflow=0 effect_topups=0 effect_topups_placed=0 verified_mountain_rocket_pad_effect_topups=0 unverified_outer_effect_topups=0 native_resources=0 resource_breakdown=Concrete:2|Metals:39|Polymers:2 anomaly_breakdown=complete:5|false:8|unlock:15 effect_breakdown=BeautyEffectDeposit:2|ResearchEffectDeposit:6 require_placed=false minimum=0 outermost_minimum=0 inner_band_minimum=0 shortfall=0 outermost_shortfall=0 inner_band_shortfall=0
							Lua 0:02:01:489
[DebugAdapter] Connection lost to 127.0.0.1:50161 
							Lua 0:02:01:581
[Super Big Map][LoadingTiming] PHASE_END Rebuilding the final surface build grid {destination_tiles=8192x8192, duration_ms=2876, environment=Surface, hex_size=820x946, map=BlankTerraceBig_05, map_ref=table: 00000292DC8D7248, mapdata_size=8192x8192, ok=true, sequence=6, session=2, slot=1, source_tiles=6144x6144, total_ms=8612}
[Super Big Map][LoadingTiming] PHASE_BEGIN Preparing the underground map for first access {destination_tiles=8192x8192, environment=Surface, hex_size=820x946, map=BlankTerraceBig_05, map_ref=table: 00000292DC8D7248, mapdata_size=8192x8192, sequence=7, session=2, slot=1, source_tiles=6144x6144, total_ms=8612}
							Lua 0:02:01:582
[Super Big Map][LoadingTiming] STEP session continues: underground expansion first access {destination_tiles=8192x8192, environment=Underground, force_now=true, hex_size=820x946, map=BlankUnderground_03, map_ref=table: 00000292E8745338, mapdata_size=8192x8192, sequence=8, session=2, since_previous_ms=0, slot=2, source_tiles=6144x6144, total_ms=8612}
							Lua 0:02:01:589
[Super Big Map][LoadingTiming] PHASE_END Preparing the underground map for first access {destination_tiles=8192x8192, duration_ms=8, environment=Surface, hex_size=820x946, map=BlankTerraceBig_05, map_ref=table: 00000292DC8D7248, mapdata_size=8192x8192, ok=true, sequence=9, session=2, slot=1, source_tiles=6144x6144, total_ms=8620}
[Super Big Map][LoadingTiming] PHASE_BEGIN Expanding the underground map {destination_tiles=8192x8192, environment=Surface, hex_size=820x946, map=BlankTerraceBig_05, map_ref=table: 00000292DC8D7248, mapdata_size=8192x8192, sequence=10, session=2, slot=1, source_tiles=6144x6144, total_ms=8620}
[Super Big Map][LoadingTiming] STEP BEGIN underground expansion pipeline {destination_tiles=8192x8192, environment=Underground, hex_size=820x946, map=BlankUnderground_03, map_ref=table: 00000292E8745338, mapdata_size=8192x8192, sequence=11, session=2, since_previous_ms=0, slot=2, source_tiles=6144x6144, total_ms=8620}
							Lua 0:02:01:590
[Super Big Map][LoadingTiming] PHASE_END Expanding the underground map {destination_tiles=8192x8192, duration_ms=1, environment=Surface, hex_size=820x946, map=BlankTerraceBig_05, map_ref=table: 00000292DC8D7248, mapdata_size=8192x8192, ok=true, sequence=12, session=2, slot=1, source_tiles=6144x6144, total_ms=8621}
[Super Big Map][LoadingTiming] PHASE_BEGIN Preparing native underground wonder footprints {destination_tiles=8192x8192, environment=Surface, hex_size=820x946, map=BlankTerraceBig_05, map_ref=table: 00000292DC8D7248, mapdata_size=8192x8192, sequence=13, session=2, slot=1, source_tiles=6144x6144, total_ms=8621}
							Lua 0:02:01:592
[Super Big Map][LoadingTiming] STEP deferred underground wonder markers recreated for first access {destination_tiles=8192x8192, environment=Underground, hex_size=820x946, map=BlankUnderground_03, map_ref=table: 00000292E8745338, mapdata_size=8192x8192, recreated=2, sequence=14, session=2, since_previous_ms=2, slot=2, source_tiles=6144x6144, total_ms=8623}
							Lua 0:02:01:900
[Super Big Map][LoadingTiming] STEP underground renderer resources settled {destination_tiles=8192x8192, environment=Underground, hex_size=820x946, map=BlankUnderground_03, map_ref=table: 00000292E8745338, mapdata_size=8192x8192, reason=buried-wonder texture prewarm batch, running_after=false, running_before=false, sequence=15, session=2, since_previous_ms=307, slot=2, source_tiles=6144x6144, total_ms=8930, wait_ms=305, wait_ok=true}
[Super Big Map][LoadingTiming] STEP underground buried-wonder texture ready {batch_wait_ms=305, cached=false, classes=CaveOfWonders,AncientArtifact, destination_tiles=8192x8192, environment=Underground, hex_size=820x946, map=BlankUnderground_03, map_ref=table: 00000292E8745338, mapdata_size=8192x8192, pins=5, sequence=16, session=2, since_previous_ms=1, slot=2, source_tiles=6144x6144, texture=Textures/1304000.dds, total_ms=8931}
[Super Big Map][LoadingTiming] STEP underground buried-wonder texture ready {batch_wait_ms=305, cached=false, classes=CaveOfWonders,AncientArtifact, destination_tiles=8192x8192, environment=Underground, hex_size=820x946, map=BlankUnderground_03, map_ref=table: 00000292E8745338, mapdata_size=8192x8192, pins=5, sequence=17, session=2, since_previous_ms=0, slot=2, source_tiles=6144x6144, texture=Textures/1304001.dds, total_ms=8931}
							Lua 0:02:01:901
[Super Big Map][LoadingTiming] STEP underground buried-wonder texture ready {batch_wait_ms=305, cached=false, classes=CaveOfWonders,AncientArtifact, destination_tiles=8192x8192, environment=Underground, hex_size=820x946, map=BlankUnderground_03, map_ref=table: 00000292E8745338, mapdata_size=8192x8192, pins=5, sequence=18, session=2, since_previous_ms=0, slot=2, source_tiles=6144x6144, texture=Textures/1304002.dds, total_ms=8931}
[Super Big Map][LoadingTiming] STEP underground buried-wonder texture ready {batch_wait_ms=305, cached=false, classes=CaveOfWonders,AncientArtifact, destination_tiles=8192x8192, environment=Underground, hex_size=820x946, map=BlankUnderground_03, map_ref=table: 00000292E8745338, mapdata_size=8192x8192, pins=5, sequence=19, session=2, since_previous_ms=1, slot=2, source_tiles=6144x6144, texture=Textures/3547000.dds, total_ms=8932}
[Super Big Map][LoadingTiming] STEP underground buried-wonder texture ready {batch_wait_ms=305, cached=false, classes=CaveOfWonders,AncientArtifact, destination_tiles=8192x8192, environment=Underground, hex_size=820x946, map=BlankUnderground_03, map_ref=table: 00000292E8745338, mapdata_size=8192x8192, pins=5, sequence=20, session=2, since_previous_ms=0, slot=2, source_tiles=6144x6144, texture=Textures/3547001.dds, total_ms=8932}
[Super Big Map][LoadingTiming] STEP underground buried-wonder textures ready {cached=false, classes=CaveOfWonders,AncientArtifact, destination_tiles=8192x8192, environment=Underground, hex_size=820x946, map=BlankUnderground_03, map_ref=table: 00000292E8745338, mapdata_size=8192x8192, pins=5, sequence=21, session=2, since_previous_ms=0, slot=2, source_tiles=6144x6144, textures=Textures/1304000.dds,Textures/1304001.dds,Textures/1304002.dds,Textures/3547000.dds,Textures/3547001.dds, total_ms=8932, wait_ms=305}
							Lua 0:02:01:902
[Super Big Map][LoadingTiming] STEP underground buried wonder cleared on native source {class=CaveOfWonders, clearance_mode=native_bootstrap_clearance_no_replay, destination_tiles=8192x8192, environment=Underground, flatten_source=native_bootstrap_clearance_floor, flatten_z=10000, grids_detached=false, hex_size=820x946, map=BlankUnderground_03, map_ref=table: 00000292E8745338, mapdata_size=8192x8192, sequence=22, session=2, since_previous_ms=1, slot=2, source_tiles=6144x6144, total_ms=8933}
							Lua 0:02:01:903
[Super Big Map][LoadingTiming] STEP underground buried wonder cleared on native source {class=AncientArtifact, clearance_mode=native_bootstrap_clearance_no_replay, destination_tiles=8192x8192, environment=Underground, flatten_source=native_bootstrap_clearance_floor, flatten_z=10000, grids_detached=false, hex_size=820x946, map=BlankUnderground_03, map_ref=table: 00000292E8745338, mapdata_size=8192x8192, sequence=23, session=2, since_previous_ms=1, slot=2, source_tiles=6144x6144, total_ms=8934}
							Lua 0:02:02:072
[Super Big Map][LoadingTiming] STEP underground buried wonders cleared on native source {destination_tiles=8192x8192, environment=Underground, hex_size=820x946, map=BlankUnderground_03, map_ref=table: 00000292E8745338, mapdata_size=8192x8192, materialized=2, sequence=24, session=2, since_previous_ms=169, slot=2, source_tiles=6144x6144, total_ms=9103}
							Lua 0:02:02:959
[Super Big Map][LoadingTiming] STEP decoration relief capture complete {audit_candidates=0, destination_tiles=8192x8192, eligible=6212, environment=Underground, explicit_z=518, height_failures=0, hex_size=820x946, map=BlankUnderground_03, map_ref=table: 00000292E8745338, mapdata_size=8192x8192, max_abs_relief=10948, out_of_box_despawned=0, out_of_box_stamped=350, scanned=6863, sequence=25, session=2, since_previous_ms=887, slot=2, source_tiles=6144x6144, terrain_glued=5694, terrain_source_is_destination=true, total_ms=9990}
[Super Big Map][LoadingTiming] PHASE_END Preparing native underground wonder footprints {destination_tiles=8192x8192, duration_ms=1369, environment=Surface, hex_size=820x946, map=BlankTerraceBig_05, map_ref=table: 00000292DC8D7248, mapdata_size=8192x8192, ok=true, sequence=26, session=2, slot=1, source_tiles=6144x6144, total_ms=9990}
							Lua 0:02:02:960
[Super Big Map][LoadingTiming] PHASE_BEGIN Preserving vanilla underground resources and anomalies {destination_tiles=8192x8192, environment=Surface, hex_size=820x946, map=BlankTerraceBig_05, map_ref=table: 00000292DC8D7248, mapdata_size=8192x8192, sequence=27, session=2, slot=1, source_tiles=6144x6144, total_ms=9990}
							Lua 0:02:02:994
[Super Big Map][LoadingTiming] PHASE_END Preserving vanilla underground resources and anomalies {destination_tiles=8192x8192, duration_ms=34, environment=Surface, hex_size=820x946, map=BlankTerraceBig_05, map_ref=table: 00000292DC8D7248, mapdata_size=8192x8192, ok=true, sequence=28, session=2, slot=1, source_tiles=6144x6144, total_ms=10024}
[Super Big Map][LoadingTiming] PHASE_BEGIN Stretching the underground terrain {destination_tiles=8192x8192, environment=Surface, hex_size=820x946, map=BlankTerraceBig_05, map_ref=table: 00000292DC8D7248, mapdata_size=8192x8192, sequence=29, session=2, slot=1, source_tiles=6144x6144, total_ms=10024}
[Super Big Map][LoadingTiming] STEP BEGIN terrain grid stretch: height {destination_tiles=8192x8192, environment=Underground, hex_size=820x946, interpolate=true, map=BlankUnderground_03, map_ref=table: 00000292E8745338, mapdata_size=8192x8192, scale_values=true, sequence=30, session=2, since_previous_ms=1, slot=2, source_tiles=6144x6144, total_ms=10025}
							Lua 0:02:05:384
[Super Big Map][LoadingTiming] STEP terrain height similarity transform {destination_tiles=8192x8192, environment=Underground, final_max=18049, final_min=1000, hex_size=820x946, map=BlankUnderground_03, map_ref=table: 00000292E8745338, mapdata_size=8192x8192, projected_max=18057, sequence=31, session=2, since_previous_ms=2389, slot=2, source_min=10000, source_tiles=6144x6144, terrain_max=22793, total_ms=12414, uniform_applied=true, uniform_required=true, whole_map_normalized=false, xy_scale_div=6144, xy_scale_mul=8192, z_scale_add=-12333, z_scale_div=6144, z_scale_mul=8192}
							Lua 0:02:05:418
[Super Big Map][LoadingTiming] STEP END terrain grid stretch: height {begin_session=2, destination_tiles=8192x8192, duration_ms=2424, environment=Underground, error=, extraction_path=native_corner_then_compute, full_cells=8192x8192, hex_size=820x946, internal_step_modified=0, internal_step_repair=not requested, internal_step_rows=0, map=BlankUnderground_03, map_ref=table: 00000292E8745338, mapdata_size=8192x8192, ok=true, sequence=32, session=2, since_previous_ms=35, slot=2, source_tiles=6144x6144, total_ms=12449}
[Super Big Map][LoadingTiming] STEP BEGIN terrain grid stretch: type {destination_tiles=8192x8192, environment=Underground, hex_size=820x946, interpolate=false, map=BlankUnderground_03, map_ref=table: 00000292E8745338, mapdata_size=8192x8192, scale_values=false, sequence=33, session=2, since_previous_ms=0, slot=2, source_tiles=6144x6144, total_ms=12449}
							Lua 0:02:06:857
[Super Big Map][LoadingTiming] STEP END terrain grid stretch: type {begin_session=2, destination_tiles=8192x8192, duration_ms=1438, environment=Underground, error=, extraction_path=native_corner_then_compute, full_cells=8192x8192, hex_size=820x946, internal_step_modified=0, internal_step_repair=not requested, internal_step_rows=0, map=BlankUnderground_03, map_ref=table: 00000292E8745338, mapdata_size=8192x8192, ok=true, sequence=34, session=2, since_previous_ms=1438, slot=2, source_tiles=6144x6144, total_ms=13887}
[Super Big Map][LoadingTiming] STEP BEGIN terrain clutter grid stretch {destination_tiles=8192x8192, direct_source=false, environment=Underground, hex_size=820x946, map=BlankUnderground_03, map_ref=table: 00000292E8745338, mapdata_size=8192x8192, sequence=35, session=2, since_previous_ms=1, slot=2, source_tiles=6144x6144, total_ms=13888}
[Super Big Map][LoadingTiming] STEP ERROR terrain clutter grid stretch {begin_session=2, destination_alias=none, destination_tiles=8192x8192, duration_ms=0, environment=Underground, error=captured/native clutter source unavailable, hex_size=820x946, map=BlankUnderground_03, map_ref=table: 00000292E8745338, mapdata_size=8192x8192, ok=false, sequence=36, session=2, since_previous_ms=0, slot=2, source_alias=none, source_tiles=6144x6144, total_ms=13888}
[Super Big Map][LoadingTiming] STEP terrain clutter grid unavailable; continuing diagnostic generation {destination_tiles=8192x8192, direct_source=false, environment=Underground, hex_size=820x946, map=BlankUnderground_03, map_ref=table: 00000292E8745338, mapdata_size=8192x8192, sequence=37, session=2, since_previous_ms=0, slot=2, source_tiles=6144x6144, total_ms=13888}
[Super Big Map][LoadingTiming] STEP BEGIN terrain map grid stretch: colorize {destination_tiles=8192x8192, environment=Underground, hex_size=820x946, interpolate=false, map=BlankUnderground_03, map_ref=table: 00000292E8745338, mapdata_size=8192x8192, sequence=38, session=2, since_previous_ms=0, slot=2, source_tiles=6144x6144, total_ms=13888}
[Super Big Map][LoadingTiming] STEP BEGIN terrain map grid colorize: source extraction {destination_tiles=8192x8192, environment=Underground, hex_size=820x946, map=BlankUnderground_03, map_ref=table: 00000292E8745338, mapdata_size=8192x8192, sequence=39, session=2, since_previous_ms=0, slot=2, source_tiles=6144x6144, total_ms=13888}
							Lua 0:02:06:865
[Super Big Map][LoadingTiming] STEP END terrain map grid colorize: source extraction {begin_session=2, destination_tiles=8192x8192, duration_ms=7, environment=Underground, hex_size=820x946, map=BlankUnderground_03, map_ref=table: 00000292E8745338, mapdata_size=8192x8192, ok=true, sequence=40, session=2, since_previous_ms=7, slot=2, source_cells=3072x3072, source_tiles=6144x6144, total_ms=13895}
[Super Big Map][LoadingTiming] STEP BEGIN terrain map grid colorize: destination metadata {destination_tiles=8192x8192, environment=Underground, hex_size=820x946, map=BlankUnderground_03, map_ref=table: 00000292E8745338, mapdata_size=8192x8192, sequence=41, session=2, since_previous_ms=1, slot=2, source_tiles=6144x6144, total_ms=13896}
[Super Big Map][LoadingTiming] STEP END terrain map grid colorize: destination metadata {begin_session=2, destination_cells=4096x4096, destination_tiles=8192x8192, duration_ms=0, environment=Underground, hex_size=820x946, map=BlankUnderground_03, map_ref=table: 00000292E8745338, mapdata_size=8192x8192, ok=true, sequence=42, session=2, since_previous_ms=0, slot=2, source_tiles=6144x6144, target_bits=?, target_format=hierarchical, total_ms=13896}
[Super Big Map][LoadingTiming] STEP BEGIN terrain map grid colorize: compute conversion {destination_tiles=8192x8192, environment=Underground, hex_size=820x946, map=BlankUnderground_03, map_ref=table: 00000292E8745338, mapdata_size=8192x8192, sequence=43, session=2, since_previous_ms=0, slot=2, source_tiles=6144x6144, total_ms=13896}
							Lua 0:02:06:918
[Super Big Map][LoadingTiming] STEP END terrain map grid colorize: compute conversion {begin_session=2, destination_tiles=8192x8192, duration_ms=52, environment=Underground, hex_size=820x946, map=BlankUnderground_03, map_ref=table: 00000292E8745338, mapdata_size=8192x8192, ok=true, sequence=44, session=2, since_previous_ms=52, slot=2, source_tiles=6144x6144, total_ms=13948}
[Super Big Map][LoadingTiming] STEP BEGIN terrain map grid colorize: resample {destination_cells=4096x4096, destination_tiles=8192x8192, environment=Underground, hex_size=820x946, interpolate=false, map=BlankUnderground_03, map_ref=table: 00000292E8745338, mapdata_size=8192x8192, sequence=45, session=2, since_previous_ms=1, slot=2, source_tiles=6144x6144, total_ms=13949}
							Lua 0:02:07:045
[Super Big Map][LoadingTiming] STEP END terrain map grid colorize: resample {begin_session=2, destination_tiles=8192x8192, duration_ms=126, environment=Underground, hex_size=820x946, map=BlankUnderground_03, map_ref=table: 00000292E8745338, mapdata_size=8192x8192, ok=true, sequence=46, session=2, since_previous_ms=126, slot=2, source_tiles=6144x6144, total_ms=14075}
[Super Big Map][LoadingTiming] STEP BEGIN terrain map grid colorize: destination write {destination_tiles=8192x8192, environment=Underground, hex_size=820x946, map=BlankUnderground_03, map_ref=table: 00000292E8745338, mapdata_size=8192x8192, sequence=47, session=2, since_previous_ms=1, slot=2, source_tiles=6144x6144, total_ms=14076}
							Lua 0:02:07:702
[Super Big Map][LoadingTiming] STEP END terrain map grid colorize: destination write {begin_session=2, destination_tiles=8192x8192, duration_ms=656, environment=Underground, hex_size=820x946, map=BlankUnderground_03, map_ref=table: 00000292E8745338, mapdata_size=8192x8192, mode=editor_set_grid, ok=true, sequence=48, session=2, since_previous_ms=657, slot=2, source_tiles=6144x6144, total_ms=14733}
							Lua 0:02:07:709
[Super Big Map][LoadingTiming] STEP END terrain map grid stretch: colorize {begin_session=2, destination_tiles=8192x8192, duration_ms=852, environment=Underground, hex_size=820x946, map=BlankUnderground_03, map_ref=table: 00000292E8745338, mapdata_size=8192x8192, ok=true, sequence=49, session=2, since_previous_ms=7, slot=2, source_tiles=6144x6144, total_ms=14740}
[Super Big Map][LoadingTiming] STEP BEGIN terrain map grid stretch: BiomeGrid {destination_tiles=8192x8192, environment=Underground, hex_size=820x946, interpolate=false, map=BlankUnderground_03, map_ref=table: 00000292E8745338, mapdata_size=8192x8192, sequence=50, session=2, since_previous_ms=0, slot=2, source_tiles=6144x6144, total_ms=14740}
[Super Big Map][LoadingTiming] STEP BEGIN terrain map grid BiomeGrid: source extraction {destination_tiles=8192x8192, environment=Underground, hex_size=820x946, map=BlankUnderground_03, map_ref=table: 00000292E8745338, mapdata_size=8192x8192, sequence=51, session=2, since_previous_ms=0, slot=2, source_tiles=6144x6144, total_ms=14740}
							Lua 0:02:07:710
[Super Big Map][LoadingTiming] STEP END terrain map grid BiomeGrid: source extraction {begin_session=2, destination_tiles=8192x8192, duration_ms=1, environment=Underground, hex_size=820x946, map=BlankUnderground_03, map_ref=table: 00000292E8745338, mapdata_size=8192x8192, ok=true, sequence=52, session=2, since_previous_ms=1, slot=2, source_cells=6144x6144, source_tiles=6144x6144, total_ms=14741}
[Super Big Map][LoadingTiming] STEP BEGIN terrain map grid BiomeGrid: destination metadata {destination_tiles=8192x8192, environment=Underground, hex_size=820x946, map=BlankUnderground_03, map_ref=table: 00000292E8745338, mapdata_size=8192x8192, sequence=53, session=2, since_previous_ms=0, slot=2, source_tiles=6144x6144, total_ms=14741}
[Super Big Map][LoadingTiming] STEP END terrain map grid BiomeGrid: destination metadata {begin_session=2, destination_cells=8192x8192, destination_tiles=8192x8192, duration_ms=0, environment=Underground, hex_size=820x946, map=BlankUnderground_03, map_ref=table: 00000292E8745338, mapdata_size=8192x8192, ok=true, sequence=54, session=2, since_previous_ms=0, slot=2, source_tiles=6144x6144, target_bits=?, target_format=hierarchical, total_ms=14741}
[Super Big Map][LoadingTiming] STEP BEGIN terrain map grid BiomeGrid: compute conversion {destination_tiles=8192x8192, environment=Underground, hex_size=820x946, map=BlankUnderground_03, map_ref=table: 00000292E8745338, mapdata_size=8192x8192, sequence=55, session=2, since_previous_ms=0, slot=2, source_tiles=6144x6144, total_ms=14741}
							Lua 0:02:07:843
[Super Big Map][LoadingTiming] STEP END terrain map grid BiomeGrid: compute conversion {begin_session=2, destination_tiles=8192x8192, duration_ms=133, environment=Underground, hex_size=820x946, map=BlankUnderground_03, map_ref=table: 00000292E8745338, mapdata_size=8192x8192, ok=true, sequence=56, session=2, since_previous_ms=133, slot=2, source_tiles=6144x6144, total_ms=14874}
							Lua 0:02:07:844
[Super Big Map][LoadingTiming] STEP BEGIN terrain map grid BiomeGrid: resample {destination_cells=8192x8192, destination_tiles=8192x8192, environment=Underground, hex_size=820x946, interpolate=false, map=BlankUnderground_03, map_ref=table: 00000292E8745338, mapdata_size=8192x8192, sequence=57, session=2, since_previous_ms=1, slot=2, source_tiles=6144x6144, total_ms=14875}
							Lua 0:02:08:367
[Super Big Map][LoadingTiming] STEP END terrain map grid BiomeGrid: resample {begin_session=2, destination_tiles=8192x8192, duration_ms=523, environment=Underground, hex_size=820x946, map=BlankUnderground_03, map_ref=table: 00000292E8745338, mapdata_size=8192x8192, ok=true, sequence=58, session=2, since_previous_ms=523, slot=2, source_tiles=6144x6144, total_ms=15398}
[Super Big Map][LoadingTiming] STEP BEGIN terrain map grid BiomeGrid: destination write {destination_tiles=8192x8192, environment=Underground, hex_size=820x946, map=BlankUnderground_03, map_ref=table: 00000292E8745338, mapdata_size=8192x8192, sequence=59, session=2, since_previous_ms=0, slot=2, source_tiles=6144x6144, total_ms=15398}
							Lua 0:02:08:637
[Super Big Map][LoadingTiming] STEP END terrain map grid BiomeGrid: destination write {begin_session=2, destination_tiles=8192x8192, duration_ms=270, environment=Underground, hex_size=820x946, map=BlankUnderground_03, map_ref=table: 00000292E8745338, mapdata_size=8192x8192, mode=vanilla_map_import_direct_copy, ok=true, sequence=60, session=2, since_previous_ms=270, slot=2, source_tiles=6144x6144, total_ms=15668}
							Lua 0:02:08:653
[Super Big Map][LoadingTiming] STEP END terrain map grid stretch: BiomeGrid {begin_session=2, destination_tiles=8192x8192, duration_ms=944, environment=Underground, hex_size=820x946, map=BlankUnderground_03, map_ref=table: 00000292E8745338, mapdata_size=8192x8192, ok=true, sequence=61, session=2, since_previous_ms=16, slot=2, source_tiles=6144x6144, total_ms=15684}
[Super Big Map][LoadingTiming] STEP BEGIN invalidate expanded terrain {destination_tiles=8192x8192, environment=Underground, hex_size=820x946, map=BlankUnderground_03, map_ref=table: 00000292E8745338, mapdata_size=8192x8192, sequence=62, session=2, since_previous_ms=0, slot=2, source_tiles=6144x6144, total_ms=15684}
							Lua 0:02:08:688
[Super Big Map][LoadingTiming] STEP END invalidate expanded terrain {begin_session=2, deferred_gameplay_rebuild=true, destination_tiles=8192x8192, duration_ms=34, environment=Underground, hex_size=820x946, map=BlankUnderground_03, map_ref=table: 00000292E8745338, mapdata_size=8192x8192, ok=true, sequence=63, session=2, since_previous_ms=34, slot=2, source_tiles=6144x6144, total_ms=15718}
[Super Big Map][LoadingTiming] STEP terrain stretch grid suite complete {completed_grids=4, destination_tiles=8192x8192, environment=Underground, hex_size=820x946, map=BlankUnderground_03, map_ref=table: 00000292E8745338, mapdata_size=8192x8192, sequence=64, session=2, since_previous_ms=1, slot=2, source_tiles=6144x6144, total_ms=15719}
[Super Big Map][LoadingTiming] PHASE_END Stretching the underground terrain {destination_tiles=8192x8192, duration_ms=5695, environment=Surface, hex_size=820x946, map=BlankTerraceBig_05, map_ref=table: 00000292DC8D7248, mapdata_size=8192x8192, ok=true, sequence=65, session=2, slot=1, source_tiles=6144x6144, total_ms=15719}
[Super Big Map][LoadingTiming] PHASE_BEGIN Repositioning underground rocks and decorations {destination_tiles=8192x8192, environment=Surface, hex_size=820x946, map=BlankTerraceBig_05, map_ref=table: 00000292DC8D7248, mapdata_size=8192x8192, sequence=66, session=2, slot=1, source_tiles=6144x6144, total_ms=15719}
							Lua 0:02:11:545
[Super Big Map][LoadingTiming] STEP native rock support grounding complete {apply_ms=0, capture_ms=185, contacts=1780, destination_tiles=8192x8192, eligible=558, environment=Underground, failures=0, hex_size=820x946, lowered=0, map=BlankUnderground_03, map_ref=table: 00000292E8745338, mapdata_size=8192x8192, max_lowering=0, probes=28327, rays=15979, sequence=67, session=2, since_previous_ms=2856, slot=2, source_tiles=6144x6144, total_lowering=0, total_ms=18575, unchanged=298}
[Super Big Map][LoadingTiming] STEP decoration stretch placement complete {cave_in_expanded_shape_hexes=13783, cave_in_rubble=33, cave_in_source_shape_hexes=7689, cave_ins_transformed=55, destination_tiles=8192x8192, environment=Underground, explicit_z_captured=518, hex_size=820x946, map=BlankUnderground_03, map_ref=table: 00000292E8745338, mapdata_size=8192x8192, moved=5925, placement_inputs=6233, preclassified=true, relief_placed=518, reused_collection=true, rubble_walls_transformed=55, scanned=6863, sequence=68, session=2, setpos_failures=0, since_previous_ms=1, slot=2, source_tiles=6144x6144, terrain_glued_captured=5694, terrain_snapped=5407, topup_clones=0, total_ms=18576, tunnel_blocker_rubble=22, unresolved_z=0}
							Lua 0:02:11:551
[Super Big Map][LoadingTiming] STEP prefab feature game logic correspondence {actual_safari=0, created_safari=0, destination_tiles=8192x8192, environment=Underground, expected_safari=0, hex_size=820x946, map=BlankUnderground_03, map_ref=table: 00000292E8745338, mapdata_size=8192x8192, markers=0, matched_safari=0, removed_orphan_safari=0, replayed_markers=0, sequence=69, session=2, since_previous_ms=6, slot=2, source_tiles=6144x6144, total_ms=18582}
							Lua 0:02:11:552
[Super Big Map][LoadingTiming] PHASE_END Repositioning underground rocks and decorations {destination_tiles=8192x8192, duration_ms=2863, environment=Surface, hex_size=820x946, map=BlankTerraceBig_05, map_ref=table: 00000292DC8D7248, mapdata_size=8192x8192, ok=true, sequence=70, session=2, slot=1, source_tiles=6144x6144, total_ms=18582}
[Super Big Map][LoadingTiming] PHASE_BEGIN Reserving underground wonder footprints {destination_tiles=8192x8192, environment=Surface, hex_size=820x946, map=BlankTerraceBig_05, map_ref=table: 00000292DC8D7248, mapdata_size=8192x8192, sequence=71, session=2, slot=1, source_tiles=6144x6144, total_ms=18582}
							Lua 0:02:11:707
[Super Big Map][LoadingTiming] STEP underground buried wonder enrichment reservation {classes=AncientArtifact=1,CaveOfWonders=1, destination_tiles=8192x8192, environment=Underground, hex_size=820x946, map=BlankUnderground_03, map_ref=table: 00000292E8745338, mapdata_size=8192x8192, reserved_hexes=6772, scaled_shape_hexes=6772, sequence=72, session=2, since_previous_ms=156, slot=2, source_shape_hexes=3818, source_tiles=6144x6144, total_ms=18738, wonders=2}
[Super Big Map][LoadingTiming] PHASE_END Reserving underground wonder footprints {destination_tiles=8192x8192, duration_ms=156, environment=Surface, hex_size=820x946, map=BlankTerraceBig_05, map_ref=table: 00000292DC8D7248, mapdata_size=8192x8192, ok=true, sequence=73, session=2, slot=1, source_tiles=6144x6144, total_ms=18738}
[Super Big Map][LoadingTiming] PHASE_BEGIN Restoring vanilla underground resources and anomalies {destination_tiles=8192x8192, environment=Surface, hex_size=820x946, map=BlankTerraceBig_05, map_ref=table: 00000292DC8D7248, mapdata_size=8192x8192, sequence=74, session=2, slot=1, source_tiles=6144x6144, total_ms=18738}
							Lua 0:02:11:759
[Super Big Map][LoadingTiming] PHASE_END Restoring vanilla underground resources and anomalies {destination_tiles=8192x8192, duration_ms=51, environment=Surface, hex_size=820x946, map=BlankTerraceBig_05, map_ref=table: 00000292DC8D7248, mapdata_size=8192x8192, ok=true, sequence=75, session=2, slot=1, source_tiles=6144x6144, total_ms=18789}
[Super Big Map][LoadingTiming] PHASE_BEGIN Repositioning underground resource deposits {destination_tiles=8192x8192, environment=Surface, hex_size=820x946, map=BlankTerraceBig_05, map_ref=table: 00000292DC8D7248, mapdata_size=8192x8192, sequence=76, session=2, slot=1, source_tiles=6144x6144, total_ms=18789}
							Lua 0:02:11:777
[Super Big Map][LoadingTiming] PHASE_END Repositioning underground resource deposits {destination_tiles=8192x8192, duration_ms=18, environment=Surface, hex_size=820x946, map=BlankTerraceBig_05, map_ref=table: 00000292DC8D7248, mapdata_size=8192x8192, ok=true, sequence=77, session=2, slot=1, source_tiles=6144x6144, total_ms=18807}
[Super Big Map][LoadingTiming] PHASE_BEGIN Restoring underground decoration density {destination_tiles=8192x8192, environment=Surface, hex_size=820x946, map=BlankTerraceBig_05, map_ref=table: 00000292DC8D7248, mapdata_size=8192x8192, sequence=78, session=2, slot=1, source_tiles=6144x6144, total_ms=18807}
[Super Big Map][LoadingTiming] STEP BEGIN underground engine decor pass {destination_tiles=8192x8192, environment=Underground, hex_size=820x946, map=BlankUnderground_03, map_ref=table: 00000292E8745338, mapdata_size=8192x8192, sequence=79, session=2, since_previous_ms=1, slot=2, source_tiles=6144x6144, total_ms=18808}
							Lua 0:02:11:834
[Super Big Map][LoadingTiming] STEP END underground engine decor pass {area_factor=1.778, begin_session=2, decor_sites=0, decorated_circles=0, decoration_passes=0, decoration_ratio=25, destination_tiles=8192x8192, duration_ms=57, enabled=true, environment=Underground, fallback_sites=0, generator_present=true, hex_size=820x946, map=BlankUnderground_03, map_ref=table: 00000292E8745338, mapdata_size=8192x8192, markers_resolved=4915, markers_unresolved=349, objects=0, obstruct_circles=0, ok=true, placed=0, preset=Underground, reason=vanilla placed no decor groups, seed=5144878461829043810, seed_source=generator, sequence=80, session=2, since_previous_ms=57, sites_prestretched=0, sites_relocated=0, slot=2, source_tiles=6144x6144, target=0, total_ms=18865, vanilla_decor_groups=0, version=10}
							Lua 0:02:11:835
[Super Big Map][LoadingTiming] PHASE_END Restoring underground decoration density {destination_tiles=8192x8192, duration_ms=58, environment=Surface, hex_size=820x946, map=BlankTerraceBig_05, map_ref=table: 00000292DC8D7248, mapdata_size=8192x8192, ok=true, sequence=81, session=2, slot=1, source_tiles=6144x6144, total_ms=18865}
[Super Big Map][LoadingTiming] PHASE_BEGIN Creating underground wonders {destination_tiles=8192x8192, environment=Surface, hex_size=820x946, map=BlankTerraceBig_05, map_ref=table: 00000292DC8D7248, mapdata_size=8192x8192, sequence=82, session=2, slot=1, source_tiles=6144x6144, total_ms=18865}
							Lua 0:02:11:925
[Super Big Map][LoadingTiming] STEP underground buried wonder stretched {class=CaveOfWonders, clearance_mode=native_clearance_before_stretch_no_replay, destination_tiles=8192x8192, environment=Underground, expanded_scale=133, expanded_shape_hexes=2751, final_x=397333, final_y=401824, flatten_source=transformed_native_clearance_floor, flatten_z=1000, hex_size=820x946, map=BlankUnderground_03, map_ref=table: 00000292E8745338, mapdata_size=8192x8192, sequence=83, session=2, since_previous_ms=90, slot=2, source_flatten_z=10000, source_tiles=6144x6144, source_x=298000, source_y=301368, total_ms=18955}
							Lua 0:02:12:019
[Super Big Map][LoadingTiming] STEP underground buried wonder stretched {class=AncientArtifact, clearance_mode=native_clearance_before_stretch_no_replay, destination_tiles=8192x8192, environment=Underground, expanded_scale=133, expanded_shape_hexes=3011, final_x=477333, final_y=565787, flatten_source=transformed_native_clearance_floor, flatten_z=1000, hex_size=820x946, map=BlankUnderground_03, map_ref=table: 00000292E8745338, mapdata_size=8192x8192, sequence=84, session=2, since_previous_ms=95, slot=2, source_flatten_z=10000, source_tiles=6144x6144, source_x=358000, source_y=424340, total_ms=19050}
							Lua 0:02:12:257
[Super Big Map][LoadingTiming] STEP underground buried wonders stretched {bottomless_pits=0, bottomless_pits_stretched=0, destination_tiles=8192x8192, environment=Underground, expanded_shape_hexes=5762, hex_size=820x946, map=BlankUnderground_03, map_ref=table: 00000292E8745338, mapdata_size=8192x8192, scale_x=1.3333333333333, scale_y=1.3333333333333, sequence=85, session=2, since_previous_ms=238, slot=2, source_tiles=6144x6144, spawned=2, stretched=2, total_ms=19288}
[Super Big Map][LoadingTiming] PHASE_END Creating underground wonders {destination_tiles=8192x8192, duration_ms=423, environment=Surface, hex_size=820x946, map=BlankTerraceBig_05, map_ref=table: 00000292DC8D7248, mapdata_size=8192x8192, ok=true, sequence=86, session=2, slot=1, source_tiles=6144x6144, total_ms=19288}
[Super Big Map][LoadingTiming] PHASE_BEGIN Finalizing reachable underground terrain {destination_tiles=8192x8192, environment=Surface, hex_size=820x946, map=BlankTerraceBig_05, map_ref=table: 00000292DC8D7248, mapdata_size=8192x8192, sequence=87, session=2, slot=1, source_tiles=6144x6144, total_ms=19288}
							Lua 0:02:12:269
[Super Big Map][LoadingTiming] STEP BEGIN underground final RebuildPassability (before reachability and density) {destination_tiles=8192x8192, environment=Underground, hex_size=820x946, map=BlankUnderground_03, map_ref=table: 00000292E8745338, mapdata_size=8192x8192, sequence=88, session=2, since_previous_ms=12, slot=2, source_tiles=6144x6144, total_ms=19300}
							Lua 0:02:18:130
[Super Big Map][LoadingTiming] STEP END underground final RebuildPassability (before reachability and density) {begin_session=2, destination_tiles=8192x8192, duration_ms=5861, environment=Underground, error=, hex_size=820x946, map=BlankUnderground_03, map_ref=table: 00000292E8745338, mapdata_size=8192x8192, ok=true, sequence=89, session=2, since_previous_ms=5861, slot=2, source_tiles=6144x6144, total_ms=25161}
							Lua 0:02:18:140
[Super Big Map][LoadingTiming] PHASE_END Finalizing reachable underground terrain {destination_tiles=8192x8192, duration_ms=5883, environment=Surface, hex_size=820x946, map=BlankTerraceBig_05, map_ref=table: 00000292DC8D7248, mapdata_size=8192x8192, ok=true, sequence=90, session=2, slot=1, source_tiles=6144x6144, total_ms=25171}
[Super Big Map][LoadingTiming] PHASE_BEGIN Rebuilding the final underground build grid {destination_tiles=8192x8192, environment=Surface, hex_size=820x946, map=BlankTerraceBig_05, map_ref=table: 00000292DC8D7248, mapdata_size=8192x8192, sequence=91, session=2, slot=1, source_tiles=6144x6144, total_ms=25171}
							Lua 0:02:18:141
[Super Big Map][LoadingTiming] STEP BEGIN underground final RebuildBuildableGrid (before reachability and density) {destination_tiles=8192x8192, environment=Underground, hex_size=820x946, map=BlankUnderground_03, map_ref=table: 00000292E8745338, mapdata_size=8192x8192, sequence=92, session=2, since_previous_ms=0, slot=2, source_tiles=6144x6144, total_ms=25171}
							Lua 0:02:18:535
Buildable grid ready: 1/15 valid zones.
							Lua 0:02:18:536
[Super Big Map][LoadingTiming] STEP END underground final RebuildBuildableGrid (before reachability and density) {begin_session=2, destination_tiles=8192x8192, duration_ms=395, environment=Underground, error=, hex_size=820x946, map=BlankUnderground_03, map_ref=table: 00000292E8745338, mapdata_size=8192x8192, ok=true, sequence=93, session=2, since_previous_ms=395, slot=2, source_tiles=6144x6144, total_ms=25566}
[Super Big Map][LoadingTiming] PHASE_END Rebuilding the final underground build grid {destination_tiles=8192x8192, duration_ms=396, environment=Surface, hex_size=820x946, map=BlankTerraceBig_05, map_ref=table: 00000292DC8D7248, mapdata_size=8192x8192, ok=true, sequence=94, session=2, slot=1, source_tiles=6144x6144, total_ms=25567}
[Super Big Map][LoadingTiming] PHASE_BEGIN Aligning surface and underground passage entrances {destination_tiles=8192x8192, environment=Surface, hex_size=820x946, map=BlankTerraceBig_05, map_ref=table: 00000292DC8D7248, mapdata_size=8192x8192, sequence=95, session=2, slot=1, source_tiles=6144x6144, total_ms=25567}
							Lua 0:02:18:643
[Super Big Map][LoadingTiming] PHASE_END Aligning surface and underground passage entrances {destination_tiles=8192x8192, duration_ms=107, environment=Surface, hex_size=820x946, map=BlankTerraceBig_05, map_ref=table: 00000292DC8D7248, mapdata_size=8192x8192, ok=true, sequence=96, session=2, slot=1, source_tiles=6144x6144, total_ms=25674}
[Super Big Map][LoadingTiming] PHASE_BEGIN Activating underground passage markers {destination_tiles=8192x8192, environment=Surface, hex_size=820x946, map=BlankTerraceBig_05, map_ref=table: 00000292DC8D7248, mapdata_size=8192x8192, sequence=97, session=2, slot=1, source_tiles=6144x6144, total_ms=25674}
							Lua 0:02:19:146
[Super Big Map][LoadingTiming] PHASE_END Activating underground passage markers {destination_tiles=8192x8192, duration_ms=503, environment=Surface, hex_size=820x946, map=BlankTerraceBig_05, map_ref=table: 00000292DC8D7248, mapdata_size=8192x8192, ok=true, sequence=98, session=2, slot=1, source_tiles=6144x6144, total_ms=26177}
							Lua 0:02:19:147
[Super Big Map][LoadingTiming] PHASE_BEGIN Restoring buried-wonder positions {destination_tiles=8192x8192, environment=Surface, hex_size=820x946, map=BlankTerraceBig_05, map_ref=table: 00000292DC8D7248, mapdata_size=8192x8192, sequence=99, session=2, slot=1, source_tiles=6144x6144, total_ms=26177}
[Super Big Map][LoadingTiming] STEP BEGIN underground reseat wonders before rare anomalies {destination_tiles=8192x8192, environment=Underground, hex_size=820x946, map=BlankUnderground_03, map_ref=table: 00000292E8745338, mapdata_size=8192x8192, sequence=100, session=2, since_previous_ms=1, slot=2, source_tiles=6144x6144, total_ms=26178}
							Lua 0:02:19:437
[Super Big Map][LoadingTiming] STEP underground pre-anomaly wonder reseat {checked=2, corrected=2, destination_tiles=8192x8192, details=CaveOfWonders@529777,535765,6836->397333,401824,1000:target=397333,401824,1000:valid=true;AncientArtifact@636444,754383,18036->477333,565787,1000:target=477333,565787,1000:valid=true, environment=Underground, failures=0, grid_migrations=0, hex_size=820x946, map=BlankUnderground_03, map_ref=table: 00000292E8745338, mapdata_size=8192x8192, reason=after final grids immediately before rare-anomaly spawn, sequence=101, session=2, since_previous_ms=290, slot=2, source_tiles=6144x6144, total_ms=26468}
[Super Big Map][LoadingTiming] STEP END underground reseat wonders before rare anomalies {begin_session=2, checked=2, corrected=2, destination_tiles=8192x8192, details=CaveOfWonders@529777,535765,6836->397333,401824,1000:target=397333,401824,1000:valid=true;AncientArtifact@636444,754383,18036->477333,565787,1000:target=477333,565787,1000:valid=true, duration_ms=290, environment=Underground, failures=0, grid_migrations=0, hex_size=820x946, map=BlankUnderground_03, map_ref=table: 00000292E8745338, mapdata_size=8192x8192, ok=true, reason=after final grids immediately before rare-anomaly spawn, sequence=102, session=2, since_previous_ms=0, slot=2, source_tiles=6144x6144, total_ms=26468}
[Super Big Map][LoadingTiming] PHASE_END Restoring buried-wonder positions {destination_tiles=8192x8192, duration_ms=291, environment=Surface, hex_size=820x946, map=BlankTerraceBig_05, map_ref=table: 00000292DC8D7248, mapdata_size=8192x8192, ok=true, sequence=103, session=2, slot=1, source_tiles=6144x6144, total_ms=26468}
[Super Big Map][LoadingTiming] PHASE_BEGIN Settling underground grids before the wonder anomaly spawn {destination_tiles=8192x8192, environment=Surface, hex_size=820x946, map=BlankTerraceBig_05, map_ref=table: 00000292DC8D7248, mapdata_size=8192x8192, sequence=104, session=2, slot=1, source_tiles=6144x6144, total_ms=26468}
							Lua 0:02:19:448
[Super Big Map][LoadingTiming] STEP BEGIN underground final RebuildPassability (before deferred wonder anomaly spawn) {destination_tiles=8192x8192, environment=Underground, hex_size=820x946, map=BlankUnderground_03, map_ref=table: 00000292E8745338, mapdata_size=8192x8192, sequence=105, session=2, since_previous_ms=11, slot=2, source_tiles=6144x6144, total_ms=26479}
							Lua 0:02:25:366
[Super Big Map][LoadingTiming] STEP END underground final RebuildPassability (before deferred wonder anomaly spawn) {begin_session=2, destination_tiles=8192x8192, duration_ms=5918, environment=Underground, error=, hex_size=820x946, map=BlankUnderground_03, map_ref=table: 00000292E8745338, mapdata_size=8192x8192, ok=true, sequence=106, session=2, since_previous_ms=5918, slot=2, source_tiles=6144x6144, total_ms=32397}
							Lua 0:02:25:376
[Super Big Map][LoadingTiming] PHASE_END Settling underground grids before the wonder anomaly spawn {destination_tiles=8192x8192, duration_ms=5939, environment=Surface, hex_size=820x946, map=BlankTerraceBig_05, map_ref=table: 00000292DC8D7248, mapdata_size=8192x8192, ok=true, sequence=107, session=2, slot=1, source_tiles=6144x6144, total_ms=32407}
[Super Big Map][LoadingTiming] PHASE_BEGIN Rebuilding the final underground build grid {destination_tiles=8192x8192, environment=Surface, hex_size=820x946, map=BlankTerraceBig_05, map_ref=table: 00000292DC8D7248, mapdata_size=8192x8192, sequence=108, session=2, slot=1, source_tiles=6144x6144, total_ms=32407}
[Super Big Map][LoadingTiming] STEP BEGIN underground final RebuildBuildableGrid (before deferred wonder anomaly spawn) {destination_tiles=8192x8192, environment=Underground, hex_size=820x946, map=BlankUnderground_03, map_ref=table: 00000292E8745338, mapdata_size=8192x8192, sequence=109, session=2, since_previous_ms=0, slot=2, source_tiles=6144x6144, total_ms=32407}
							Lua 0:02:25:756
Buildable grid ready: 1/15 valid zones.
[Super Big Map][LoadingTiming] STEP END underground final RebuildBuildableGrid (before deferred wonder anomaly spawn) {begin_session=2, destination_tiles=8192x8192, duration_ms=380, environment=Underground, error=, hex_size=820x946, map=BlankUnderground_03, map_ref=table: 00000292E8745338, mapdata_size=8192x8192, ok=true, sequence=110, session=2, since_previous_ms=380, slot=2, source_tiles=6144x6144, total_ms=32787}
[Super Big Map][LoadingTiming] PHASE_END Rebuilding the final underground build grid {destination_tiles=8192x8192, duration_ms=380, environment=Surface, hex_size=820x946, map=BlankTerraceBig_05, map_ref=table: 00000292DC8D7248, mapdata_size=8192x8192, ok=true, sequence=111, session=2, slot=1, source_tiles=6144x6144, total_ms=32787}
[Super Big Map][LoadingTiming] PHASE_BEGIN Activating underground wonder anomalies {destination_tiles=8192x8192, environment=Surface, hex_size=820x946, map=BlankTerraceBig_05, map_ref=table: 00000292DC8D7248, mapdata_size=8192x8192, sequence=112, session=2, slot=1, source_tiles=6144x6144, total_ms=32787}
							Lua 0:02:25:757
[Super Big Map][LoadingTiming] STEP BEGIN underground activate buried wonder anomalies {destination_tiles=8192x8192, environment=Underground, hex_size=820x946, map=BlankUnderground_03, map_ref=table: 00000292E8745338, mapdata_size=8192x8192, sequence=113, session=2, since_previous_ms=0, slot=2, source_tiles=6144x6144, total_ms=32787}
							Lua 0:02:25:762
[Super Big Map][LoadingTiming] STEP underground buried wonder anomaly audit {city_labels_pending_gameinit=2, city_labels_ready=0, classes=AncientArtifact=1,CaveOfWonders=1, destination_tiles=8192x8192, environment=Underground, error=, existing=0, expected=2, failures=0, hex_size=820x946, linked_markers=2, map=BlankUnderground_03, map_ref=table: 00000292E8745338, mapdata_size=8192x8192, markers=AncientArtifact@477333,565787;CaveOfWonders@397333,401824, reason=after final grids and passage activation, sequence=114, session=2, since_previous_ms=6, slot=2, source_tiles=6144x6144, spawned=2, total_ms=32793, wonders=2}
[Super Big Map][LoadingTiming] STEP END underground activate buried wonder anomalies {begin_session=2, city_labels_pending_gameinit=2, city_labels_ready=0, classes=AncientArtifact=1,CaveOfWonders=1, destination_tiles=8192x8192, duration_ms=6, environment=Underground, error=, existing=0, expected=2, failures=0, hex_size=820x946, linked_markers=2, map=BlankUnderground_03, map_ref=table: 00000292E8745338, mapdata_size=8192x8192, markers=AncientArtifact@477333,565787;CaveOfWonders@397333,401824, ok=true, reason=after final grids and passage activation, sequence=115, session=2, since_previous_ms=0, slot=2, source_tiles=6144x6144, spawned=2, total_ms=32793, wonders=2}
							Lua 0:02:25:763
[Super Big Map][LoadingTiming] PHASE_END Activating underground wonder anomalies {destination_tiles=8192x8192, duration_ms=7, environment=Surface, hex_size=820x946, map=BlankTerraceBig_05, map_ref=table: 00000292DC8D7248, mapdata_size=8192x8192, ok=true, sequence=116, session=2, slot=1, source_tiles=6144x6144, total_ms=32794}
[Super Big Map][LoadingTiming] PHASE_BEGIN Positioning buried-wonder anomalies on reachable terrain {destination_tiles=8192x8192, environment=Surface, hex_size=820x946, map=BlankTerraceBig_05, map_ref=table: 00000292DC8D7248, mapdata_size=8192x8192, sequence=117, session=2, slot=1, source_tiles=6144x6144, total_ms=32794}
							Lua 0:02:25:764
[Super Big Map][LoadingTiming] STEP BEGIN underground repair buried wonder anomaly reachability {destination_tiles=8192x8192, environment=Underground, hex_size=820x946, map=BlankUnderground_03, map_ref=table: 00000292E8745338, mapdata_size=8192x8192, sequence=118, session=2, since_previous_ms=1, slot=2, source_tiles=6144x6144, total_ms=32795}
							Lua 0:02:25:795
[Super Big Map][LoadingTiming] STEP END underground repair buried wonder anomaly reachability {begin_session=2, candidate_badge_occupied=0, candidate_impassable=0, candidate_nonflat=0, candidate_obstructed=0, candidate_out_of_bounds=0, candidate_reserved=0, candidate_strict_valid=0, candidate_terrain_valid=0, candidate_unbuildable=0, candidates_tested=0, checked=2, connectivity_cache_checks=2, connectivity_cache_rejected=1, connectivity_checks=0, connectivity_failures=0, destination_tiles=8192x8192, details=CaveOfWonders=valid:marker_world=397333,401824:spawner_world=397333,401824:marker_hex=165,464:spawner_hex=165,464:distance=0:terrain_ok=true:buildable=true:buildable_z=1000:unbuildable_z=65535:passable=true:flatness=4096:flat_min=4080:unobstructed=true:reserved=true:badge_overlap=false:entrance_connected=false:base_ok=true:local_ok=true:accepted_fallback=false:fresh_terrain_ok=true:fresh_base_ok=true:fresh_buildable=true:fresh_buildable_z=1000:fresh_passable=true:fresh_flatness=4096:fresh_unobstructed=true;AncientArtifact=valid:marker_world=477333,565787:spawner_world=477333,565787:marker_hex=151,653:spawner_hex=151,653:distance=0:terrain_ok=true:buildable=true:buildable_z=1000:unbuildable_z=65535:passable=true:flatness=4096:flat_min=4080:unobstructed=true:reserved=true:badge_overlap=false:entrance_connected=true:base_ok=true:local_ok=true:accepted_fallback=false:fresh_terrain_ok=true:fresh_base_ok=true:fresh_buildable=true:fresh_buildable_z=1000:fresh_passable=true:fresh_flatness=4096:fresh_unobstructed=true, duration_ms=30, entrance_disconnected=1, environment=Underground, hex_size=820x946, invalid=0, map=BlankUnderground_03, map_ref=table: 00000292E8745338, mapdata_size=8192x8192, markers=2, max_search_radius=160, moved=0, ok=true, overlaps=0, ring_diagnostics=, sequence=119, session=2, since_previous_ms=30, slot=2, source_tiles=6144x6144, terrain_fallbacks=0, terrain_invalid=0, too_far=0, total_ms=32825, unreachable=0, unresolved=0, valid=2}
[Super Big Map][LoadingTiming] STEP BEGIN underground suspend removable rubble walls {destination_tiles=8192x8192, environment=Underground, hex_size=820x946, map=BlankUnderground_03, map_ref=table: 00000292E8745338, mapdata_size=8192x8192, sequence=120, session=2, since_previous_ms=1, slot=2, source_tiles=6144x6144, total_ms=32826}
							Lua 0:02:25:833
[Super Big Map][LoadingTiming] STEP END underground suspend removable rubble walls {active=true, begin_session=2, destination_tiles=8192x8192, discovered=55, duration_ms=38, environment=Underground, hex_size=820x946, map=BlankUnderground_03, map_ref=table: 00000292E8745338, mapdata_size=8192x8192, ok=true, sequence=121, session=2, since_previous_ms=38, slot=2, source_tiles=6144x6144, total_ms=32864, walls=55}
[Super Big Map][LoadingTiming] PHASE_END Positioning buried-wonder anomalies on reachable terrain {destination_tiles=8192x8192, duration_ms=70, environment=Surface, hex_size=820x946, map=BlankTerraceBig_05, map_ref=table: 00000292DC8D7248, mapdata_size=8192x8192, ok=true, sequence=122, session=2, slot=1, source_tiles=6144x6144, total_ms=32864}
[Super Big Map][LoadingTiming] PHASE_BEGIN Distributing underground resources and anomalies {destination_tiles=8192x8192, environment=Surface, hex_size=820x946, map=BlankTerraceBig_05, map_ref=table: 00000292DC8D7248, mapdata_size=8192x8192, sequence=123, session=2, slot=1, source_tiles=6144x6144, total_ms=32864}
							Lua 0:02:25:834
[Super Big Map][LoadingTiming] STEP BEGIN underground top-up resources {destination_tiles=8192x8192, environment=Underground, hex_size=820x946, map=BlankUnderground_03, map_ref=table: 00000292E8745338, mapdata_size=8192x8192, sequence=124, session=2, since_previous_ms=0, slot=2, source_tiles=6144x6144, total_ms=32864}
							Lua 0:02:25:856
[Super Big Map][UndergroundTopUpCandidateCache] sectors=119 buildable=119 empty=281 unknown=0 active=true
							Lua 0:02:30:024
[Super Big Map][UndergroundTopUpFallback] kind=resources count=11 strategy=maximin_spacing_with_sector_diversity eligible_sectors=8 selected_sectors=7 max_per_sector=2 min_spacing_world=2273 min_spacing_hex=3 required_spacing_hex=6 clearance_rejections=5 relaxed_selected=3
							Lua 0:02:30:025
[Super Big Map][TopUpCandidatePool] kind=resources target=0 valid=63 sampled=1662 deferred=277 promoted=18 added=58 sequential=true surface_sector_filter=false buildable_sectors=0 unbuildable_sectors=0 unknown_sectors=0 selector_load_cache_reuses=0 planned_sector_fast_path=1662 deferred_reachability=false reachability_checks=0 reachability_rejections=0 remaining=0
[Super Big Map][LoadingTiming] STEP END underground top-up resources {begin_session=2, destination_tiles=8192x8192, duration_ms=4192, environment=Underground, first_result=nil, hex_size=820x946, map=BlankUnderground_03, map_ref=table: 00000292E8745338, mapdata_size=8192x8192, ok=true, sequence=125, session=2, since_previous_ms=4192, slot=2, source_tiles=6144x6144, total_ms=37056}
[Super Big Map][LoadingTiming] STEP BEGIN underground top-up anomalies {destination_tiles=8192x8192, environment=Underground, hex_size=820x946, map=BlankUnderground_03, map_ref=table: 00000292E8745338, mapdata_size=8192x8192, sequence=126, session=2, since_previous_ms=0, slot=2, source_tiles=6144x6144, total_ms=37056}
							Lua 0:02:32:823
[Super Big Map][AnomalyTopUp] source=breakthrough:2|complete:2|other:21|sequence:8|unlock:5 target=breakthrough:2|complete:4|other:21|sequence:12|unlock:9 final=breakthrough:2|complete:4|other:21|sequence:12|unlock:9 added=complete:2|sequence:4|unlock:4 added_total=10 remaining=0 candidates=71 sampled=738 mountain_base=0/0 base_quota_shortfall=0 reused=true sequential=true deferred_reachability=false reachability_checks=0 reachability_rejections=0
[Super Big Map][UndergroundTopUpFallback] kind=anomalies count=5 strategy=maximin_spacing_with_sector_diversity eligible_sectors=30 selected_sectors=1 max_per_sector=1 min_spacing_world=23979 min_spacing_hex=24 required_spacing_hex=6 clearance_rejections=0 relaxed_selected=0
[Super Big Map][LoadingTiming] STEP END underground top-up anomalies {begin_session=2, destination_tiles=8192x8192, duration_ms=2798, environment=Underground, first_result=nil, hex_size=820x946, map=BlankUnderground_03, map_ref=table: 00000292E8745338, mapdata_size=8192x8192, ok=true, sequence=127, session=2, since_previous_ms=2798, slot=2, source_tiles=6144x6144, total_ms=39854}
[Super Big Map][LoadingTiming] STEP BEGIN underground top-up effect deposits {destination_tiles=8192x8192, environment=Underground, hex_size=820x946, map=BlankUnderground_03, map_ref=table: 00000292E8745338, mapdata_size=8192x8192, sequence=128, session=2, since_previous_ms=0, slot=2, source_tiles=6144x6144, total_ms=39854}
							Lua 0:02:32:855
[Super Big Map][TopUpCandidatePool] kind=effects valid=61 sampled=0 reused=true sequential=true shared_samples=2400 sector_samples=2400 whole_map_samples=0 shared_published=129 deferred_reachability=false reachability_checks=0 reachability_rejections=0 exclusion_ring=0 ring_rejected=0 remaining=0
[Super Big Map][LoadingTiming] STEP END underground top-up effect deposits {begin_session=2, destination_tiles=8192x8192, duration_ms=32, environment=Underground, first_result=nil, hex_size=820x946, map=BlankUnderground_03, map_ref=table: 00000292E8745338, mapdata_size=8192x8192, ok=true, sequence=129, session=2, since_previous_ms=32, slot=2, source_tiles=6144x6144, total_ms=39886}
[Super Big Map][LoadingTiming] STEP BEGIN underground restore removable rubble walls {destination_tiles=8192x8192, environment=Underground, hex_size=820x946, map=BlankUnderground_03, map_ref=table: 00000292E8745338, mapdata_size=8192x8192, sequence=130, session=2, since_previous_ms=0, slot=2, source_tiles=6144x6144, total_ms=39886}
							Lua 0:02:32:875
[Super Big Map][LoadingTiming] STEP END underground restore removable rubble walls {active=true, begin_session=2, destination_tiles=8192x8192, duration_ms=20, environment=Underground, error=, hex_size=820x946, map=BlankUnderground_03, map_ref=table: 00000292E8745338, mapdata_size=8192x8192, ok=true, relocation_handoff_candidates=58, sequence=131, session=2, since_previous_ms=20, slot=2, source_tiles=6144x6144, total_ms=39906, wall_aware_shared_candidates=0, walls=55}
							Lua 0:02:32:876
[Super Big Map][LoadingTiming] STEP BEGIN underground register top-up markers {destination_tiles=8192x8192, environment=Underground, hex_size=820x946, map=BlankUnderground_03, map_ref=table: 00000292E8745338, mapdata_size=8192x8192, sequence=132, session=2, since_previous_ms=1, slot=2, source_tiles=6144x6144, total_ms=39907}
[Super Big Map][LoadingTiming] STEP END underground register top-up markers {begin_session=2, destination_tiles=8192x8192, duration_ms=0, environment=Underground, first_result=nil, hex_size=820x946, map=BlankUnderground_03, map_ref=table: 00000292E8745338, mapdata_size=8192x8192, ok=true, sequence=133, session=2, since_previous_ms=0, slot=2, source_tiles=6144x6144, total_ms=39907}
[Super Big Map][LoadingTiming] PHASE_END Distributing underground resources and anomalies {destination_tiles=8192x8192, duration_ms=7043, environment=Surface, hex_size=820x946, map=BlankTerraceBig_05, map_ref=table: 00000292DC8D7248, mapdata_size=8192x8192, ok=true, sequence=134, session=2, slot=1, source_tiles=6144x6144, total_ms=39907}
[Super Big Map][LoadingTiming] PHASE_BEGIN Moving underground enrichments onto reachable terrain {destination_tiles=8192x8192, environment=Surface, hex_size=820x946, map=BlankTerraceBig_05, map_ref=table: 00000292DC8D7248, mapdata_size=8192x8192, sequence=135, session=2, slot=1, source_tiles=6144x6144, total_ms=39907}
[Super Big Map][LoadingTiming] STEP BEGIN underground relocate unreachable enrichments {destination_tiles=8192x8192, environment=Underground, hex_size=820x946, map=BlankUnderground_03, map_ref=table: 00000292E8745338, mapdata_size=8192x8192, sequence=136, session=2, since_previous_ms=0, slot=2, source_tiles=6144x6144, total_ms=39907}
							Lua 0:02:34:012
[Super Big Map][LoadingTiming] STEP END underground relocate unreachable enrichments {begin_session=2, candidates_built=96, candidates_reused=55, destination_tiles=8192x8192, duration_ms=1136, environment=Underground, fallback_clearance_minimum_move=48, fallback_clearance_relaxed_moves=0, hex_size=820x946, invalid_by_class=SubsurfaceDepositMarker=3, invalid_by_resource=Metals=1 PreciousMetals=2, invalid_details=SubsurfaceDepositMarker/PreciousMetals:world=369000,393164,1000:hex=142,454:sector=A9:reason=entrance_unreachable:flags=wonder_conflict:buildable=true:passable=true:flatness=4096:unobstructed=true:reachable=false:reserved=false;SubsurfaceDepositMarker/Metals:world=401000,393164,1000:hex=174,454:sector=A9:reason=entrance_unreachable:flags=wonder_conflict:buildable=true:passable=true:flatness=4096:unobstructed=true:reachable=false:reserved=false;SubsurfaceDepositMarker/PreciousMetals:world=414000,393164,1000:hex=187,454:sector=@9:reason=entrance_unreachable:flags=wonder_conflict:buildable=true:passable=true:flatness=4096:unobstructed=true:reachable=false:reserved=false, map=BlankUnderground_03, map_ref=table: 00000292E8745338, mapdata_size=8192x8192, missing_repulsion_profile=0, moved=3, moved_by_class=SubsurfaceDepositMarker=3, ok=true, relocation_attempts=40, relocation_details=SubsurfaceDepositMarker/PreciousMetals:world=369000,393164,1000:hex=142,454:sector=A9:reason=entrance_unreachable:flags=wonder_conflict:buildable=true:passable=true:flatness=4096:unobstructed=true:reachable=false:reserved=false:result=moved:attempts=7:to_world=516058,558375:snapped_rejected=0:repulsion_rejected=6:setpos_failed=0:postmove_rejected=0:fallback_clearance_hex=71;SubsurfaceDepositMarker/Metals:world=401000,393164,1000:hex=174,454:sector=A9:reason=entrance_unreachable:flags=wonder_conflict:buildable=true:passable=true:flatness=4096:unobstructed=true:reachable=false:reserved=false:result=moved:attempts=14:to_world=500647,556865:snapped_rejected=0:repulsion_rejected=13:setpos_failed=0:postmove_rejected=0:fallback_clearance_hex=54;SubsurfaceDepositMarker/PreciousMetals:world=414000,393164,1000:hex=187,454:sector=@9:reason=entrance_unreachable:flags=wonder_conflict:buildable=true:passable=true:flatness=4096:unobstructed=true:reachable=false:reserved=false:result=moved:attempts=19:to_world=475546,568434:snapped_rejected=0:repulsion_rejected=18:setpos_failed=0:postmove_rejected=0:fallback_clearance_hex=48, repulsion_rejected=37, sequence=137, session=2, since_previous_ms=1136, slot=2, source_tiles=6144x6144, strict_first_rejection=, strict_last_rejection=, topup_only_first_rejection=repulsion:candidate=subs/PreciousMetals@4314792313:blocker=SubsurfaceDepositMarker/PreciousMetals/topup@4311384458:required=38400:actual=23010, topup_only_last_rejection=repulsion:candidate=subs/PreciousMetals@4322918983:blocker=SubsurfaceDepositMarker/Metals/topup@4323443272:required=9600:actual=4482, total_ms=41043, unresolved=0, unresolved_by_class=, unresolved_by_resource=, unresolved_details=}
[Super Big Map][LoadingTiming] STEP BEGIN underground resolve marker overlaps {destination_tiles=8192x8192, environment=Underground, hex_size=820x946, map=BlankUnderground_03, map_ref=table: 00000292E8745338, mapdata_size=8192x8192, sequence=138, session=2, since_previous_ms=0, slot=2, source_tiles=6144x6144, total_ms=41043}
							Lua 0:02:34:028
[Super Big Map][LoadingTiming] STEP END underground resolve marker overlaps {begin_session=2, destination_tiles=8192x8192, duration_ms=16, environment=Underground, first_result=0, hex_size=820x946, map=BlankUnderground_03, map_ref=table: 00000292E8745338, mapdata_size=8192x8192, ok=true, sequence=139, session=2, since_previous_ms=16, slot=2, source_tiles=6144x6144, total_ms=41059}
							Lua 0:02:34:029
[Super Big Map][LoadingTiming] STEP BEGIN underground verify wonder-enrichment exclusion {destination_tiles=8192x8192, environment=Underground, hex_size=820x946, map=BlankUnderground_03, map_ref=table: 00000292E8745338, mapdata_size=8192x8192, sequence=140, session=2, since_previous_ms=0, slot=2, source_tiles=6144x6144, total_ms=41059}
							Lua 0:02:34:032
[Super Big Map][LoadingTiming] STEP END underground verify wonder-enrichment exclusion {begin_session=2, checked=186, destination_tiles=8192x8192, duration_ms=4, environment=Underground, hex_size=820x946, map=BlankUnderground_03, map_ref=table: 00000292E8745338, mapdata_size=8192x8192, native=115, ok=true, overlaps=0, sequence=141, session=2, since_previous_ms=4, slot=2, source_tiles=6144x6144, topups=71, total_ms=41063, wonder_owned_rare_anomalies=2}
[Super Big Map][LoadingTiming] STEP BEGIN underground final buried wonder anomaly reachability audit {destination_tiles=8192x8192, environment=Underground, hex_size=820x946, map=BlankUnderground_03, map_ref=table: 00000292E8745338, mapdata_size=8192x8192, sequence=142, session=2, since_previous_ms=0, slot=2, source_tiles=6144x6144, total_ms=41063}
							Lua 0:02:34:065
[Super Big Map][LoadingTiming] STEP END underground final buried wonder anomaly reachability audit {begin_session=2, candidate_badge_occupied=0, candidate_impassable=0, candidate_nonflat=0, candidate_obstructed=0, candidate_out_of_bounds=0, candidate_reserved=0, candidate_strict_valid=0, candidate_terrain_valid=0, candidate_unbuildable=0, candidates_tested=0, checked=2, connectivity_cache_checks=156, connectivity_cache_rejected=57, connectivity_checks=0, connectivity_failures=0, destination_tiles=8192x8192, details=CaveOfWonders=valid:marker_world=397333,401824:spawner_world=397333,401824:marker_hex=165,464:spawner_hex=165,464:distance=0:terrain_ok=true:buildable=true:buildable_z=1000:unbuildable_z=65535:passable=true:flatness=4096:flat_min=4080:unobstructed=true:reserved=true:badge_overlap=false:entrance_connected=false:base_ok=true:local_ok=true:accepted_fallback=false:fresh_terrain_ok=true:fresh_base_ok=true:fresh_buildable=true:fresh_buildable_z=1000:fresh_passable=true:fresh_flatness=4096:fresh_unobstructed=true;AncientArtifact=valid:marker_world=477333,565787:spawner_world=477333,565787:marker_hex=151,653:spawner_hex=151,653:distance=0:terrain_ok=true:buildable=true:buildable_z=1000:unbuildable_z=65535:passable=true:flatness=4096:flat_min=4080:unobstructed=true:reserved=true:badge_overlap=false:entrance_connected=true:base_ok=true:local_ok=true:accepted_fallback=false:fresh_terrain_ok=true:fresh_base_ok=true:fresh_buildable=true:fresh_buildable_z=1000:fresh_passable=true:fresh_flatness=4096:fresh_unobstructed=true, duration_ms=32, entrance_disconnected=1, environment=Underground, hex_size=820x946, invalid=0, map=BlankUnderground_03, map_ref=table: 00000292E8745338, mapdata_size=8192x8192, markers=2, max_search_radius=160, moved=0, ok=true, overlaps=0, ring_diagnostics=, sequence=143, session=2, since_previous_ms=32, slot=2, source_tiles=6144x6144, terrain_fallbacks=0, terrain_invalid=0, too_far=0, total_ms=41095, unreachable=0, unresolved=0, valid=2}
[Super Big Map][LoadingTiming] STEP BEGIN underground final buried wonder anomaly audit {destination_tiles=8192x8192, environment=Underground, hex_size=820x946, map=BlankUnderground_03, map_ref=table: 00000292E8745338, mapdata_size=8192x8192, sequence=144, session=2, since_previous_ms=1, slot=2, source_tiles=6144x6144, total_ms=41096}
							Lua 0:02:34:067
[Super Big Map][LoadingTiming] STEP underground buried wonder anomaly audit {city_labels_pending_gameinit=2, city_labels_ready=0, classes=AncientArtifact=1,CaveOfWonders=1, destination_tiles=8192x8192, environment=Underground, error=, existing=2, expected=2, failures=0, hex_size=820x946, linked_markers=2, map=BlankUnderground_03, map_ref=table: 00000292E8745338, mapdata_size=8192x8192, markers=AncientArtifact@477333,565787;CaveOfWonders@397333,401824, reason=after final enrichment relocation, sequence=145, session=2, since_previous_ms=1, slot=2, source_tiles=6144x6144, spawned=0, total_ms=41097, wonders=2}
[Super Big Map][LoadingTiming] STEP END underground final buried wonder anomaly audit {begin_session=2, city_labels_pending_gameinit=2, city_labels_ready=0, classes=AncientArtifact=1,CaveOfWonders=1, destination_tiles=8192x8192, duration_ms=2, environment=Underground, error=, existing=2, expected=2, failures=0, hex_size=820x946, linked_markers=2, map=BlankUnderground_03, map_ref=table: 00000292E8745338, mapdata_size=8192x8192, markers=AncientArtifact@477333,565787;CaveOfWonders@397333,401824, ok=true, reason=after final enrichment relocation, sequence=146, session=2, since_previous_ms=1, slot=2, source_tiles=6144x6144, spawned=0, total_ms=41098, wonders=2}
[Super Big Map][LoadingTiming] STEP BEGIN underground hard repulsion audit {destination_tiles=8192x8192, environment=Underground, hex_size=820x946, map=BlankUnderground_03, map_ref=table: 00000292E8745338, mapdata_size=8192x8192, sequence=147, session=2, since_previous_ms=0, slot=2, source_tiles=6144x6144, total_ms=41098}
							Lua 0:02:34:147
[Super Big Map][LoadingTiming] STEP END underground hard repulsion audit {anomaly_shortfall=0, begin_session=2, density_status=resources=true anomalies=true effects=true, destination_tiles=8192x8192, duplicate_hex_pairs=0, duration_ms=79, effect_shortfall=0, environment=Underground, first_duplicate_hex_pair=, first_underground_fallback_spacing_violation=SubsurfaceDepositMarker|353:371|SurfaceDepositMarker|351:376|preferred=6|actual=5, first_violation=, hex_size=820x946, map=BlankUnderground_03, map_ref=table: 00000292E8745338, mapdata_size=8192x8192, markers=188, ok=true, resource_ignored_rubble_walls=55, resource_shortfall=0, sequence=148, session=2, since_previous_ms=79, slot=2, source_tiles=6144x6144, topups=71, total_ms=41177, underground_density_fallback_topups=16, underground_fallback_actual_min_hex_distance=3, underground_fallback_actual_min_spacing_world=2273, underground_fallback_max_per_sector=2, underground_fallback_min_selected_spacing_world=2273, underground_fallback_relaxed_topups=3, underground_fallback_required_min_hex_distance=6, underground_fallback_sectors=12, underground_fallback_spacing_violations=3, underground_well_spaced_fallback_topups=16, violations=0, wall_aware_shared_candidates=0}
[Super Big Map][LoadingTiming] STEP BEGIN diagnostic underground enrichment audit {destination_tiles=8192x8192, environment=Underground, hex_size=820x946, map=BlankUnderground_03, map_ref=table: 00000292E8745338, mapdata_size=8192x8192, sequence=149, session=2, since_previous_ms=1, slot=2, source_tiles=6144x6144, total_ms=41178}
[Super Big Map][LoadingTiming] STEP END diagnostic underground enrichment audit {audit_ok=true, begin_session=2, destination_tiles=8192x8192, duration_ms=0, environment=Underground, error=, hex_size=820x946, map=BlankUnderground_03, map_ref=table: 00000292E8745338, mapdata_size=8192x8192, ok=true, sequence=150, session=2, since_previous_ms=0, slot=2, source_tiles=6144x6144, total_ms=41178}
[Super Big Map][LoadingTiming] PHASE_END Moving underground enrichments onto reachable terrain {destination_tiles=8192x8192, duration_ms=1271, environment=Surface, hex_size=820x946, map=BlankTerraceBig_05, map_ref=table: 00000292DC8D7248, mapdata_size=8192x8192, ok=true, sequence=151, session=2, slot=1, source_tiles=6144x6144, total_ms=41178}
[Super Big Map][LoadingTiming] PHASE_BEGIN Completing buried-wonder spawn effects {destination_tiles=8192x8192, environment=Surface, hex_size=820x946, map=BlankTerraceBig_05, map_ref=table: 00000292DC8D7248, mapdata_size=8192x8192, sequence=152, session=2, slot=1, source_tiles=6144x6144, total_ms=41178}
[Super Big Map][LoadingTiming] STEP BEGIN underground run buried wonder GameInit {destination_tiles=8192x8192, environment=Underground, hex_size=820x946, map=BlankUnderground_03, map_ref=table: 00000292E8745338, mapdata_size=8192x8192, sequence=153, session=2, since_previous_ms=0, slot=2, source_tiles=6144x6144, total_ms=41178}
							Lua 0:02:34:156
[Super Big Map][LoadingTiming] STEP underground buried wonder spawn lifecycle completed {already_initialized=0, attaches_added=0, destination_tiles=8192x8192, environment=Underground, error=, failures=0, hex_size=820x946, map=BlankUnderground_03, map_ref=table: 00000292E8745338, mapdata_size=8192x8192, ran=2, reason=after final grids, anomalies and enrichment placement, sequence=154, session=2, since_previous_ms=9, slot=2, source_tiles=6144x6144, total_ms=41187, wonders=2}
[Super Big Map][LoadingTiming] STEP END underground run buried wonder GameInit {already_initialized=0, attaches_added=0, begin_session=2, destination_tiles=8192x8192, duration_ms=9, environment=Underground, error=, failures=0, hex_size=820x946, map=BlankUnderground_03, map_ref=table: 00000292E8745338, mapdata_size=8192x8192, ok=true, ran=2, reason=after final grids, anomalies and enrichment placement, sequence=155, session=2, since_previous_ms=0, slot=2, source_tiles=6144x6144, total_ms=41187, wonders=2}
							Lua 0:02:34:157
[Super Big Map][LoadingTiming] PHASE_END Completing buried-wonder spawn effects {destination_tiles=8192x8192, duration_ms=9, environment=Surface, hex_size=820x946, map=BlankTerraceBig_05, map_ref=table: 00000292DC8D7248, mapdata_size=8192x8192, ok=true, sequence=156, session=2, slot=1, source_tiles=6144x6144, total_ms=41187}
[Super Big Map][LoadingTiming] PHASE_BEGIN Finalizing underground gameplay grids {destination_tiles=8192x8192, environment=Surface, hex_size=820x946, map=BlankTerraceBig_05, map_ref=table: 00000292DC8D7248, mapdata_size=8192x8192, sequence=157, session=2, slot=1, source_tiles=6144x6144, total_ms=41187}
							Lua 0:02:34:167
[Super Big Map][LoadingTiming] STEP BEGIN underground final RebuildPassability (after last object-grid transaction) {destination_tiles=8192x8192, environment=Underground, hex_size=820x946, map=BlankUnderground_03, map_ref=table: 00000292E8745338, mapdata_size=8192x8192, sequence=158, session=2, since_previous_ms=10, slot=2, source_tiles=6144x6144, total_ms=41197}
							Lua 0:02:40:053
[Super Big Map][LoadingTiming] STEP END underground final RebuildPassability (after last object-grid transaction) {begin_session=2, destination_tiles=8192x8192, duration_ms=5887, environment=Underground, error=, hex_size=820x946, map=BlankUnderground_03, map_ref=table: 00000292E8745338, mapdata_size=8192x8192, ok=true, sequence=159, session=2, since_previous_ms=5887, slot=2, source_tiles=6144x6144, total_ms=47084}
							Lua 0:02:40:063
[Super Big Map][LoadingTiming] PHASE_END Finalizing underground gameplay grids {destination_tiles=8192x8192, duration_ms=5907, environment=Surface, hex_size=820x946, map=BlankTerraceBig_05, map_ref=table: 00000292DC8D7248, mapdata_size=8192x8192, ok=true, sequence=160, session=2, slot=1, source_tiles=6144x6144, total_ms=47094}
[Super Big Map][LoadingTiming] PHASE_BEGIN Rebuilding the final underground build grid {destination_tiles=8192x8192, environment=Surface, hex_size=820x946, map=BlankTerraceBig_05, map_ref=table: 00000292DC8D7248, mapdata_size=8192x8192, sequence=161, session=2, slot=1, source_tiles=6144x6144, total_ms=47094}
							Lua 0:02:40:064
[Super Big Map][LoadingTiming] STEP BEGIN underground final RebuildBuildableGrid (after last object-grid transaction) {destination_tiles=8192x8192, environment=Underground, hex_size=820x946, map=BlankUnderground_03, map_ref=table: 00000292E8745338, mapdata_size=8192x8192, sequence=162, session=2, since_previous_ms=0, slot=2, source_tiles=6144x6144, total_ms=47094}
							Lua 0:02:40:452
Buildable grid ready: 1/15 valid zones.
							Lua 0:02:40:453
[Super Big Map][LoadingTiming] STEP END underground final RebuildBuildableGrid (after last object-grid transaction) {begin_session=2, destination_tiles=8192x8192, duration_ms=389, environment=Underground, error=, hex_size=820x946, map=BlankUnderground_03, map_ref=table: 00000292E8745338, mapdata_size=8192x8192, ok=true, sequence=163, session=2, since_previous_ms=389, slot=2, source_tiles=6144x6144, total_ms=47483}
[Super Big Map][LoadingTiming] STEP END underground expansion pipeline {begin_session=2, destination_tiles=8192x8192, duration_ms=38864, elevator_migrations=0, environment=Underground, error=, hex_size=820x946, map=BlankUnderground_03, map_ref=table: 00000292E8745338, mapdata_size=8192x8192, ok=true, sequence=164, session=2, since_previous_ms=1, slot=2, source_tiles=6144x6144, total_ms=47484}
							Lua 0:02:40:549
[Super Big Map][LoadingTiming] STEP derived object provenance recorded {derived=5, destination_tiles=8192x8192, environment=Underground, error=, hex_size=820x946, map=BlankUnderground_03, map_ref=table: 00000292E8745338, mapdata_size=8192x8192, reason=underground preparation complete, sequence=165, session=2, since_previous_ms=96, slot=2, source_tiles=6144x6144, total_ms=47580, unresolved=1082}
							Lua 0:02:40:559
[Super Big Map][LoadingTiming] PHASE_END Rebuilding the final underground build grid {destination_tiles=8192x8192, duration_ms=495, environment=Surface, hex_size=820x946, map=BlankTerraceBig_05, map_ref=table: 00000292DC8D7248, mapdata_size=8192x8192, ok=true, sequence=166, session=2, slot=1, source_tiles=6144x6144, total_ms=47589}
[Super Big Map][LoadingTiming] PHASE_BEGIN Opening the completed underground map {destination_tiles=8192x8192, environment=Surface, hex_size=820x946, map=BlankTerraceBig_05, map_ref=table: 00000292DC8D7248, mapdata_size=8192x8192, sequence=167, session=2, slot=1, source_tiles=6144x6144, total_ms=47589}
							Lua 0:02:40:562
[DebugAdapter] New connection to DebugAddapter 127.0.0.1:60587
[DebugAdapter] Connection lost to 127.0.0.1:60587 
							Lua 0:02:40:767
[Super Big Map][LoadingTiming] STEP lifecycle: CurrentMapChangeDone {destination_tiles=8192x8192, environment=Underground, hex_size=820x946, map=BlankUnderground_03, map_ref=table: 00000292E8745338, map_slot=2, mapdata_size=8192x8192, sequence=168, session=2, since_previous_ms=209, slot=2, source_tiles=6144x6144, total_ms=47798}
							Lua 0:02:40:771
[Super Big Map][LoadingTiming] STEP prefab feature game logic correspondence {actual_safari=0, created_safari=0, destination_tiles=8192x8192, environment=Underground, expected_safari=0, hex_size=820x946, map=BlankUnderground_03, map_ref=table: 00000292E8745338, mapdata_size=8192x8192, markers=0, matched_safari=0, removed_orphan_safari=0, replayed_markers=0, sequence=169, session=2, since_previous_ms=4, slot=2, source_tiles=6144x6144, total_ms=47802}
							Lua 0:02:40:772
[Super Big Map][LoadingTiming] STEP lifecycle: UndergroundDarknessState {after=90, before=90, destination_tiles=8192x8192, environment=Underground, forced_reveal=false, hex_size=820x946, map=BlankUnderground_03, map_ref=table: 00000292E8745338, mapdata_size=8192x8192, sequence=170, session=2, since_previous_ms=0, slot=2, source_tiles=6144x6144, total_ms=47802}
							Lua 0:02:42:125
[Super Big Map][LoadingTiming] STEP underground buried wonder lifecycle reseat instance {class=CaveOfWonders, destination_tiles=8192x8192, environment=Underground, footprint_samples=1010, hex_size=820x946, map=BlankUnderground_03, map_ref=table: 00000292E8745338, mapdata_size=8192x8192, object_ok=true, object_x=397333, object_y=401824, object_z=1000, reason=CurrentMapChangeDone after Lifecycle.Apply, sequence=171, session=2, since_previous_ms=1354, slot=2, source_tiles=6144x6144, target_x=397333, target_y=401824, target_z=1000, terrain_above_target=0, terrain_at_target=1010, terrain_below_target=0, terrain_max_z=1000, terrain_min_z=1000, terrain_ok=true, total_ms=49156, xy_ok=true}
							Lua 0:02:42:131
[Super Big Map][LoadingTiming] STEP underground buried wonder lifecycle reseat instance {class=AncientArtifact, destination_tiles=8192x8192, environment=Underground, footprint_samples=2286, hex_size=820x946, map=BlankUnderground_03, map_ref=table: 00000292E8745338, mapdata_size=8192x8192, object_ok=true, object_x=477333, object_y=565787, object_z=1000, reason=CurrentMapChangeDone after Lifecycle.Apply, sequence=172, session=2, since_previous_ms=6, slot=2, source_tiles=6144x6144, target_x=477333, target_y=565787, target_z=1000, terrain_above_target=0, terrain_at_target=2286, terrain_below_target=0, terrain_max_z=1000, terrain_min_z=1000, terrain_ok=true, total_ms=49162, xy_ok=true}
[Super Big Map][LoadingTiming] STEP underground buried wonder lifecycle reseat {corrected_terrain=2, corrected_xy=0, corrected_z=0, destination_tiles=8192x8192, environment=Underground, hex_size=820x946, map=BlankUnderground_03, map_ref=table: 00000292E8745338, mapdata_size=8192x8192, reason=CurrentMapChangeDone after Lifecycle.Apply, sequence=173, session=2, since_previous_ms=0, slot=2, source_tiles=6144x6144, total_ms=49162, verified=2, wonders=2}
							Lua 0:02:42:176
[Super Big Map][LoadingTiming] STEP lifecycle: UndergroundDarknessState {after=90, before=90, destination_tiles=8192x8192, environment=Underground, forced_reveal=false, hex_size=820x946, map=BlankUnderground_03, map_ref=table: 00000292E8745338, mapdata_size=8192x8192, sequence=174, session=2, since_previous_ms=45, slot=2, source_tiles=6144x6144, total_ms=49207}
							Lua 0:02:42:207
[DebugAdapter] New connection to DebugAddapter 127.0.0.1:60169
							Lua 0:02:43:263
[DebugAdapter] Connection lost to 127.0.0.1:60169 
							Lua 0:02:43:502
[Super Big Map][LoadingTiming] STEP underground renderer resources settled {destination_tiles=8192x8192, environment=Underground, hex_size=820x946, map=BlankUnderground_03, map_ref=table: 00000292E8745338, mapdata_size=8192x8192, reason=completed underground map became visible, running_after=false, running_before=false, sequence=175, session=2, since_previous_ms=1326, slot=2, source_tiles=6144x6144, total_ms=50533, wait_ms=309, wait_ok=true}
							Lua 0:02:43:580
[Super Big Map][LoadingTiming] PHASE_END Opening the completed underground map {destination_tiles=8192x8192, duration_ms=3022, environment=Underground, hex_size=820x946, map=BlankUnderground_03, map_ref=table: 00000292E8745338, mapdata_size=8192x8192, ok=true, sequence=176, session=2, slot=2, source_tiles=6144x6144, total_ms=50611}
[Super Big Map][LoadingTiming] SUMMARY underground expansion pipeline {calls=1, destination_tiles=8192x8192, environment=Underground, hex_size=820x946, map=BlankUnderground_03, map_ref=table: 00000292E8745338, mapdata_size=8192x8192, max_ms=38864, rank=1, session=2, slot=2, source_tiles=6144x6144, total_ms=38864}
[Super Big Map][LoadingTiming] SUMMARY phase: Distributing underground resources and anomalies {calls=1, destination_tiles=8192x8192, environment=Underground, hex_size=820x946, map=BlankUnderground_03, map_ref=table: 00000292E8745338, mapdata_size=8192x8192, max_ms=7043, rank=2, session=2, slot=2, source_tiles=6144x6144, total_ms=7043}
[Super Big Map][LoadingTiming] SUMMARY phase: Settling underground grids before the wonder anomaly spawn {calls=1, destination_tiles=8192x8192, environment=Underground, hex_size=820x946, map=BlankUnderground_03, map_ref=table: 00000292E8745338, mapdata_size=8192x8192, max_ms=5939, rank=3, session=2, slot=2, source_tiles=6144x6144, total_ms=5939}
[Super Big Map][LoadingTiming] SUMMARY underground final RebuildPassability (before deferred wonder anomaly spawn) {calls=1, destination_tiles=8192x8192, environment=Underground, hex_size=820x946, map=BlankUnderground_03, map_ref=table: 00000292E8745338, mapdata_size=8192x8192, max_ms=5918, rank=4, session=2, slot=2, source_tiles=6144x6144, total_ms=5918}
[Super Big Map][LoadingTiming] SUMMARY phase: Finalizing underground gameplay grids {calls=1, destination_tiles=8192x8192, environment=Underground, hex_size=820x946, map=BlankUnderground_03, map_ref=table: 00000292E8745338, mapdata_size=8192x8192, max_ms=5907, rank=5, session=2, slot=2, source_tiles=6144x6144, total_ms=5907}
							Lua 0:02:43:581
[Super Big Map][LoadingTiming] SUMMARY underground final RebuildPassability (after last object-grid transaction) {calls=1, destination_tiles=8192x8192, environment=Underground, hex_size=820x946, map=BlankUnderground_03, map_ref=table: 00000292E8745338, mapdata_size=8192x8192, max_ms=5887, rank=6, session=2, slot=2, source_tiles=6144x6144, total_ms=5887}
[Super Big Map][LoadingTiming] SUMMARY phase: Finalizing reachable underground terrain {calls=1, destination_tiles=8192x8192, environment=Underground, hex_size=820x946, map=BlankUnderground_03, map_ref=table: 00000292E8745338, mapdata_size=8192x8192, max_ms=5883, rank=7, session=2, slot=2, source_tiles=6144x6144, total_ms=5883}
[Super Big Map][LoadingTiming] SUMMARY underground final RebuildPassability (before reachability and density) {calls=1, destination_tiles=8192x8192, environment=Underground, hex_size=820x946, map=BlankUnderground_03, map_ref=table: 00000292E8745338, mapdata_size=8192x8192, max_ms=5861, rank=8, session=2, slot=2, source_tiles=6144x6144, total_ms=5861}
[Super Big Map][LoadingTiming] SUMMARY surface final RebuildPassability (post-pipeline scheduled revalidation) {calls=1, destination_tiles=8192x8192, environment=Underground, hex_size=820x946, map=BlankUnderground_03, map_ref=table: 00000292E8745338, mapdata_size=8192x8192, max_ms=5721, rank=9, session=2, slot=2, source_tiles=6144x6144, total_ms=5721}
[Super Big Map][LoadingTiming] SUMMARY phase: Stretching the underground terrain {calls=1, destination_tiles=8192x8192, environment=Underground, hex_size=820x946, map=BlankUnderground_03, map_ref=table: 00000292E8745338, mapdata_size=8192x8192, max_ms=5695, rank=10, session=2, slot=2, source_tiles=6144x6144, total_ms=5695}
[Super Big Map][LoadingTiming] SUMMARY underground top-up resources {calls=1, destination_tiles=8192x8192, environment=Underground, hex_size=820x946, map=BlankUnderground_03, map_ref=table: 00000292E8745338, mapdata_size=8192x8192, max_ms=4192, rank=11, session=2, slot=2, source_tiles=6144x6144, total_ms=4192}
[Super Big Map][LoadingTiming] SUMMARY phase: Opening the completed underground map {calls=1, destination_tiles=8192x8192, environment=Underground, hex_size=820x946, map=BlankUnderground_03, map_ref=table: 00000292E8745338, mapdata_size=8192x8192, max_ms=3022, rank=12, session=2, slot=2, source_tiles=6144x6144, total_ms=3022}
[Super Big Map][LoadingTiming] SUMMARY phase: Rebuilding the final surface build grid {calls=1, destination_tiles=8192x8192, environment=Underground, hex_size=820x946, map=BlankUnderground_03, map_ref=table: 00000292E8745338, mapdata_size=8192x8192, max_ms=2876, rank=13, session=2, slot=2, source_tiles=6144x6144, total_ms=2876}
[Super Big Map][LoadingTiming] SUMMARY phase: Repositioning underground rocks and decorations {calls=1, destination_tiles=8192x8192, environment=Underground, hex_size=820x946, map=BlankUnderground_03, map_ref=table: 00000292E8745338, mapdata_size=8192x8192, max_ms=2863, rank=14, session=2, slot=2, source_tiles=6144x6144, total_ms=2863}
[Super Big Map][LoadingTiming] SUMMARY underground top-up anomalies {calls=1, destination_tiles=8192x8192, environment=Underground, hex_size=820x946, map=BlankUnderground_03, map_ref=table: 00000292E8745338, mapdata_size=8192x8192, max_ms=2798, rank=15, session=2, slot=2, source_tiles=6144x6144, total_ms=2798}
							Lua 0:02:43:582
[Super Big Map][LoadingTiming] SUMMARY terrain grid stretch: height {calls=1, destination_tiles=8192x8192, environment=Underground, hex_size=820x946, map=BlankUnderground_03, map_ref=table: 00000292E8745338, mapdata_size=8192x8192, max_ms=2424, rank=16, session=2, slot=2, source_tiles=6144x6144, total_ms=2424}
[Super Big Map][LoadingTiming] SUMMARY terrain grid stretch: type {calls=1, destination_tiles=8192x8192, environment=Underground, hex_size=820x946, map=BlankUnderground_03, map_ref=table: 00000292E8745338, mapdata_size=8192x8192, max_ms=1438, rank=17, session=2, slot=2, source_tiles=6144x6144, total_ms=1438}
[Super Big Map][LoadingTiming] SUMMARY phase: Preparing native underground wonder footprints {calls=1, destination_tiles=8192x8192, environment=Underground, hex_size=820x946, map=BlankUnderground_03, map_ref=table: 00000292E8745338, mapdata_size=8192x8192, max_ms=1369, rank=18, session=2, slot=2, source_tiles=6144x6144, total_ms=1369}
[Super Big Map][LoadingTiming] SUMMARY phase: Moving underground enrichments onto reachable terrain {calls=1, destination_tiles=8192x8192, environment=Underground, hex_size=820x946, map=BlankUnderground_03, map_ref=table: 00000292E8745338, mapdata_size=8192x8192, max_ms=1271, rank=19, session=2, slot=2, source_tiles=6144x6144, total_ms=1271}
[Super Big Map][LoadingTiming] SUMMARY phase: Rebuilding the final underground build grid {calls=3, destination_tiles=8192x8192, environment=Underground, hex_size=820x946, map=BlankUnderground_03, map_ref=table: 00000292E8745338, mapdata_size=8192x8192, max_ms=495, rank=20, session=2, slot=2, source_tiles=6144x6144, total_ms=1271}
[Super Big Map][LoadingTiming] SUMMARY underground relocate unreachable enrichments {calls=1, destination_tiles=8192x8192, environment=Underground, hex_size=820x946, map=BlankUnderground_03, map_ref=table: 00000292E8745338, mapdata_size=8192x8192, max_ms=1136, rank=21, session=2, slot=2, source_tiles=6144x6144, total_ms=1136}
[Super Big Map][LoadingTiming] SUMMARY terrain map grid stretch: BiomeGrid {calls=1, destination_tiles=8192x8192, environment=Underground, hex_size=820x946, map=BlankUnderground_03, map_ref=table: 00000292E8745338, mapdata_size=8192x8192, max_ms=944, rank=22, session=2, slot=2, source_tiles=6144x6144, total_ms=944}
[Super Big Map][LoadingTiming] SUMMARY surface final RebuildBuildableGrid (post-pipeline scheduled revalidation) {calls=1, destination_tiles=8192x8192, environment=Underground, hex_size=820x946, map=BlankUnderground_03, map_ref=table: 00000292E8745338, mapdata_size=8192x8192, max_ms=939, rank=23, session=2, slot=2, source_tiles=6144x6144, total_ms=939}
							Lua 0:02:43:583
[Super Big Map][LoadingTiming] SUMMARY terrain map grid stretch: colorize {calls=1, destination_tiles=8192x8192, environment=Underground, hex_size=820x946, map=BlankUnderground_03, map_ref=table: 00000292E8745338, mapdata_size=8192x8192, max_ms=852, rank=24, session=2, slot=2, source_tiles=6144x6144, total_ms=852}
[Super Big Map][LoadingTiming] SUMMARY terrain map grid colorize: destination write {calls=1, destination_tiles=8192x8192, environment=Underground, hex_size=820x946, map=BlankUnderground_03, map_ref=table: 00000292E8745338, mapdata_size=8192x8192, max_ms=656, rank=25, session=2, slot=2, source_tiles=6144x6144, total_ms=656}
[Super Big Map][LoadingTiming] SUMMARY terrain map grid BiomeGrid: resample {calls=1, destination_tiles=8192x8192, environment=Underground, hex_size=820x946, map=BlankUnderground_03, map_ref=table: 00000292E8745338, mapdata_size=8192x8192, max_ms=523, rank=26, session=2, slot=2, source_tiles=6144x6144, total_ms=523}
[Super Big Map][LoadingTiming] SUMMARY phase: Activating underground passage markers {calls=1, destination_tiles=8192x8192, environment=Underground, hex_size=820x946, map=BlankUnderground_03, map_ref=table: 00000292E8745338, mapdata_size=8192x8192, max_ms=503, rank=27, session=2, slot=2, source_tiles=6144x6144, total_ms=503}
[Super Big Map][LoadingTiming] SUMMARY phase: Creating underground wonders {calls=1, destination_tiles=8192x8192, environment=Underground, hex_size=820x946, map=BlankUnderground_03, map_ref=table: 00000292E8745338, mapdata_size=8192x8192, max_ms=423, rank=28, session=2, slot=2, source_tiles=6144x6144, total_ms=423}
[Super Big Map][LoadingTiming] SUMMARY underground final RebuildBuildableGrid (before reachability and density) {calls=1, destination_tiles=8192x8192, environment=Underground, hex_size=820x946, map=BlankUnderground_03, map_ref=table: 00000292E8745338, mapdata_size=8192x8192, max_ms=395, rank=29, session=2, slot=2, source_tiles=6144x6144, total_ms=395}
[Super Big Map][LoadingTiming] SUMMARY underground final RebuildBuildableGrid (after last object-grid transaction) {calls=1, destination_tiles=8192x8192, environment=Underground, hex_size=820x946, map=BlankUnderground_03, map_ref=table: 00000292E8745338, mapdata_size=8192x8192, max_ms=389, rank=30, session=2, slot=2, source_tiles=6144x6144, total_ms=389}
[Super Big Map][LoadingTiming] SUMMARY underground final RebuildBuildableGrid (before deferred wonder anomaly spawn) {calls=1, destination_tiles=8192x8192, environment=Underground, hex_size=820x946, map=BlankUnderground_03, map_ref=table: 00000292E8745338, mapdata_size=8192x8192, max_ms=380, rank=31, session=2, slot=2, source_tiles=6144x6144, total_ms=380}
[Super Big Map][LoadingTiming] SUMMARY phase: Restoring buried-wonder positions {calls=1, destination_tiles=8192x8192, environment=Underground, hex_size=820x946, map=BlankUnderground_03, map_ref=table: 00000292E8745338, mapdata_size=8192x8192, max_ms=291, rank=32, session=2, slot=2, source_tiles=6144x6144, total_ms=291}
[Super Big Map][LoadingTiming] SUMMARY underground reseat wonders before rare anomalies {calls=1, destination_tiles=8192x8192, environment=Underground, hex_size=820x946, map=BlankUnderground_03, map_ref=table: 00000292E8745338, mapdata_size=8192x8192, max_ms=290, rank=33, session=2, slot=2, source_tiles=6144x6144, total_ms=290}
							Lua 0:02:43:584
[Super Big Map][LoadingTiming] SUMMARY terrain map grid BiomeGrid: destination write {calls=1, destination_tiles=8192x8192, environment=Underground, hex_size=820x946, map=BlankUnderground_03, map_ref=table: 00000292E8745338, mapdata_size=8192x8192, max_ms=270, rank=34, session=2, slot=2, source_tiles=6144x6144, total_ms=270}
[Super Big Map][LoadingTiming] SUMMARY phase: Reserving underground wonder footprints {calls=1, destination_tiles=8192x8192, environment=Underground, hex_size=820x946, map=BlankUnderground_03, map_ref=table: 00000292E8745338, mapdata_size=8192x8192, max_ms=156, rank=35, session=2, slot=2, source_tiles=6144x6144, total_ms=156}
[Super Big Map][LoadingTiming] SUMMARY terrain map grid BiomeGrid: compute conversion {calls=1, destination_tiles=8192x8192, environment=Underground, hex_size=820x946, map=BlankUnderground_03, map_ref=table: 00000292E8745338, mapdata_size=8192x8192, max_ms=133, rank=36, session=2, slot=2, source_tiles=6144x6144, total_ms=133}
[Super Big Map][LoadingTiming] SUMMARY terrain map grid colorize: resample {calls=1, destination_tiles=8192x8192, environment=Underground, hex_size=820x946, map=BlankUnderground_03, map_ref=table: 00000292E8745338, mapdata_size=8192x8192, max_ms=126, rank=37, session=2, slot=2, source_tiles=6144x6144, total_ms=126}
[Super Big Map][LoadingTiming] SUMMARY phase: Aligning surface and underground passage entrances {calls=1, destination_tiles=8192x8192, environment=Underground, hex_size=820x946, map=BlankUnderground_03, map_ref=table: 00000292E8745338, mapdata_size=8192x8192, max_ms=107, rank=38, session=2, slot=2, source_tiles=6144x6144, total_ms=107}
[Super Big Map][LoadingTiming] SUMMARY underground hard repulsion audit {calls=1, destination_tiles=8192x8192, environment=Underground, hex_size=820x946, map=BlankUnderground_03, map_ref=table: 00000292E8745338, mapdata_size=8192x8192, max_ms=79, rank=39, session=2, slot=2, source_tiles=6144x6144, total_ms=79}
[Super Big Map][LoadingTiming] SUMMARY phase: Positioning buried-wonder anomalies on reachable terrain {calls=1, destination_tiles=8192x8192, environment=Underground, hex_size=820x946, map=BlankUnderground_03, map_ref=table: 00000292E8745338, mapdata_size=8192x8192, max_ms=70, rank=40, session=2, slot=2, source_tiles=6144x6144, total_ms=70}
[Super Big Map][LoadingTiming] SUMMARY phase: Restoring underground decoration density {calls=1, destination_tiles=8192x8192, environment=Underground, hex_size=820x946, map=BlankUnderground_03, map_ref=table: 00000292E8745338, mapdata_size=8192x8192, max_ms=58, rank=41, session=2, slot=2, source_tiles=6144x6144, total_ms=58}
[Super Big Map][LoadingTiming] SUMMARY underground engine decor pass {calls=1, destination_tiles=8192x8192, environment=Underground, hex_size=820x946, map=BlankUnderground_03, map_ref=table: 00000292E8745338, mapdata_size=8192x8192, max_ms=57, rank=42, session=2, slot=2, source_tiles=6144x6144, total_ms=57}
							Lua 0:02:43:585
[Super Big Map][LoadingTiming] SUMMARY terrain map grid colorize: compute conversion {calls=1, destination_tiles=8192x8192, environment=Underground, hex_size=820x946, map=BlankUnderground_03, map_ref=table: 00000292E8745338, mapdata_size=8192x8192, max_ms=52, rank=43, session=2, slot=2, source_tiles=6144x6144, total_ms=52}
[Super Big Map][LoadingTiming] SUMMARY phase: Restoring vanilla underground resources and anomalies {calls=1, destination_tiles=8192x8192, environment=Underground, hex_size=820x946, map=BlankUnderground_03, map_ref=table: 00000292E8745338, mapdata_size=8192x8192, max_ms=51, rank=44, session=2, slot=2, source_tiles=6144x6144, total_ms=51}
[Super Big Map][LoadingTiming] SUMMARY underground suspend removable rubble walls {calls=1, destination_tiles=8192x8192, environment=Underground, hex_size=820x946, map=BlankUnderground_03, map_ref=table: 00000292E8745338, mapdata_size=8192x8192, max_ms=38, rank=45, session=2, slot=2, source_tiles=6144x6144, total_ms=38}
[Super Big Map][LoadingTiming] SUMMARY invalidate expanded terrain {calls=1, destination_tiles=8192x8192, environment=Underground, hex_size=820x946, map=BlankUnderground_03, map_ref=table: 00000292E8745338, mapdata_size=8192x8192, max_ms=34, rank=46, session=2, slot=2, source_tiles=6144x6144, total_ms=34}
[Super Big Map][LoadingTiming] SUMMARY phase: Preserving vanilla underground resources and anomalies {calls=1, destination_tiles=8192x8192, environment=Underground, hex_size=820x946, map=BlankUnderground_03, map_ref=table: 00000292E8745338, mapdata_size=8192x8192, max_ms=34, rank=47, session=2, slot=2, source_tiles=6144x6144, total_ms=34}
[Super Big Map][LoadingTiming] SUMMARY underground final buried wonder anomaly reachability audit {calls=1, destination_tiles=8192x8192, environment=Underground, hex_size=820x946, map=BlankUnderground_03, map_ref=table: 00000292E8745338, mapdata_size=8192x8192, max_ms=32, rank=48, session=2, slot=2, source_tiles=6144x6144, total_ms=32}
[Super Big Map][LoadingTiming] SUMMARY underground top-up effect deposits {calls=1, destination_tiles=8192x8192, environment=Underground, hex_size=820x946, map=BlankUnderground_03, map_ref=table: 00000292E8745338, mapdata_size=8192x8192, max_ms=32, rank=49, session=2, slot=2, source_tiles=6144x6144, total_ms=32}
[Super Big Map][LoadingTiming] SUMMARY underground repair buried wonder anomaly reachability {calls=1, destination_tiles=8192x8192, environment=Underground, hex_size=820x946, map=BlankUnderground_03, map_ref=table: 00000292E8745338, mapdata_size=8192x8192, max_ms=30, rank=50, session=2, slot=2, source_tiles=6144x6144, total_ms=30}
[Super Big Map][LoadingTiming] SUMMARY underground restore removable rubble walls {calls=1, destination_tiles=8192x8192, environment=Underground, hex_size=820x946, map=BlankUnderground_03, map_ref=table: 00000292E8745338, mapdata_size=8192x8192, max_ms=20, rank=51, session=2, slot=2, source_tiles=6144x6144, total_ms=20}
							Lua 0:02:43:586
[Super Big Map][LoadingTiming] SUMMARY phase: Repositioning underground resource deposits {calls=1, destination_tiles=8192x8192, environment=Underground, hex_size=820x946, map=BlankUnderground_03, map_ref=table: 00000292E8745338, mapdata_size=8192x8192, max_ms=18, rank=52, session=2, slot=2, source_tiles=6144x6144, total_ms=18}
[Super Big Map][LoadingTiming] SUMMARY underground resolve marker overlaps {calls=1, destination_tiles=8192x8192, environment=Underground, hex_size=820x946, map=BlankUnderground_03, map_ref=table: 00000292E8745338, mapdata_size=8192x8192, max_ms=16, rank=53, session=2, slot=2, source_tiles=6144x6144, total_ms=16}
[Super Big Map][LoadingTiming] SUMMARY phase: Completing buried-wonder spawn effects {calls=1, destination_tiles=8192x8192, environment=Underground, hex_size=820x946, map=BlankUnderground_03, map_ref=table: 00000292E8745338, mapdata_size=8192x8192, max_ms=9, rank=54, session=2, slot=2, source_tiles=6144x6144, total_ms=9}
[Super Big Map][LoadingTiming] SUMMARY underground run buried wonder GameInit {calls=1, destination_tiles=8192x8192, environment=Underground, hex_size=820x946, map=BlankUnderground_03, map_ref=table: 00000292E8745338, mapdata_size=8192x8192, max_ms=9, rank=55, session=2, slot=2, source_tiles=6144x6144, total_ms=9}
[Super Big Map][LoadingTiming] SUMMARY phase: Preparing the underground map for first access {calls=1, destination_tiles=8192x8192, environment=Underground, hex_size=820x946, map=BlankUnderground_03, map_ref=table: 00000292E8745338, mapdata_size=8192x8192, max_ms=8, rank=56, session=2, slot=2, source_tiles=6144x6144, total_ms=8}
[Super Big Map][LoadingTiming] SUMMARY phase: Activating underground wonder anomalies {calls=1, destination_tiles=8192x8192, environment=Underground, hex_size=820x946, map=BlankUnderground_03, map_ref=table: 00000292E8745338, mapdata_size=8192x8192, max_ms=7, rank=57, session=2, slot=2, source_tiles=6144x6144, total_ms=7}
[Super Big Map][LoadingTiming] SUMMARY terrain map grid colorize: source extraction {calls=1, destination_tiles=8192x8192, environment=Underground, hex_size=820x946, map=BlankUnderground_03, map_ref=table: 00000292E8745338, mapdata_size=8192x8192, max_ms=7, rank=58, session=2, slot=2, source_tiles=6144x6144, total_ms=7}
[Super Big Map][LoadingTiming] SUMMARY underground activate buried wonder anomalies {calls=1, destination_tiles=8192x8192, environment=Underground, hex_size=820x946, map=BlankUnderground_03, map_ref=table: 00000292E8745338, mapdata_size=8192x8192, max_ms=6, rank=59, session=2, slot=2, source_tiles=6144x6144, total_ms=6}
[Super Big Map][LoadingTiming] SUMMARY underground verify wonder-enrichment exclusion {calls=1, destination_tiles=8192x8192, environment=Underground, hex_size=820x946, map=BlankUnderground_03, map_ref=table: 00000292E8745338, mapdata_size=8192x8192, max_ms=4, rank=60, session=2, slot=2, source_tiles=6144x6144, total_ms=4}
							Lua 0:02:43:587
[Super Big Map][LoadingTiming] SUMMARY underground final buried wonder anomaly audit {calls=1, destination_tiles=8192x8192, environment=Underground, hex_size=820x946, map=BlankUnderground_03, map_ref=table: 00000292E8745338, mapdata_size=8192x8192, max_ms=2, rank=61, session=2, slot=2, source_tiles=6144x6144, total_ms=2}
[Super Big Map][LoadingTiming] SUMMARY phase: Expanding the underground map {calls=1, destination_tiles=8192x8192, environment=Underground, hex_size=820x946, map=BlankUnderground_03, map_ref=table: 00000292E8745338, mapdata_size=8192x8192, max_ms=1, rank=62, session=2, slot=2, source_tiles=6144x6144, total_ms=1}
[Super Big Map][LoadingTiming] SUMMARY terrain map grid BiomeGrid: source extraction {calls=1, destination_tiles=8192x8192, environment=Underground, hex_size=820x946, map=BlankUnderground_03, map_ref=table: 00000292E8745338, mapdata_size=8192x8192, max_ms=1, rank=63, session=2, slot=2, source_tiles=6144x6144, total_ms=1}
[Super Big Map][LoadingTiming] SUMMARY diagnostic underground enrichment audit {calls=1, destination_tiles=8192x8192, environment=Underground, hex_size=820x946, map=BlankUnderground_03, map_ref=table: 00000292E8745338, mapdata_size=8192x8192, max_ms=0, rank=64, session=2, slot=2, source_tiles=6144x6144, total_ms=0}
[Super Big Map][LoadingTiming] SUMMARY terrain clutter grid stretch {calls=1, destination_tiles=8192x8192, environment=Underground, hex_size=820x946, map=BlankUnderground_03, map_ref=table: 00000292E8745338, mapdata_size=8192x8192, max_ms=0, rank=65, session=2, slot=2, source_tiles=6144x6144, total_ms=0}
[Super Big Map][LoadingTiming] SUMMARY terrain map grid BiomeGrid: destination metadata {calls=1, destination_tiles=8192x8192, environment=Underground, hex_size=820x946, map=BlankUnderground_03, map_ref=table: 00000292E8745338, mapdata_size=8192x8192, max_ms=0, rank=66, session=2, slot=2, source_tiles=6144x6144, total_ms=0}
[Super Big Map][LoadingTiming] SUMMARY terrain map grid colorize: destination metadata {calls=1, destination_tiles=8192x8192, environment=Underground, hex_size=820x946, map=BlankUnderground_03, map_ref=table: 00000292E8745338, mapdata_size=8192x8192, max_ms=0, rank=67, session=2, slot=2, source_tiles=6144x6144, total_ms=0}
[Super Big Map][LoadingTiming] SUMMARY underground register top-up markers {calls=1, destination_tiles=8192x8192, environment=Underground, hex_size=820x946, map=BlankUnderground_03, map_ref=table: 00000292E8745338, mapdata_size=8192x8192, max_ms=0, rank=68, session=2, slot=2, source_tiles=6144x6144, total_ms=0}
[Super Big Map][LoadingTiming] SESSION_END {darkness_ready=true, darkness_reason=vanilla darkness state ready, destination_tiles=8192x8192, diagnostic_print_ms=32, elevator_token=nil, elevator_token_status=consumed-or-none, environment=Underground, hex_size=820x946, map=BlankUnderground_03, map_ref=table: 00000292E8745338, mapdata_size=8192x8192, ok=true, reason=underground first access complete, renderer_resource_wait=309, renderer_resources_settled=true, session=2, session_duration_ms=50611, slot=2, source_tiles=6144x6144}
							Lua 0:02:49:980
[RULES] t0t1=98960 hex=820x946 enrich=174616285/677 decor=1587328577/5456 ring_decor=0 sectors=400 revealed=1 passages=2 signs=2 deps=1 vis_unexp=0 glued=0/2 max_ring=31
[RULES] seeds: surface=-8390921514018468018 pin_ug=5144878461829043810(pinned) pin_game=v932_sweep_14134_61n136w kept=v932_sweep_14134_61n136w game_seed=-2532904973854117793 matches=true
[RULES] mode: expand_map=true lifecycle=not_requested settle=0ms ratio=1.3333333333333 (surface tile metadata)
[RULES] passages: surf UndergroundPassage hex=376,368 world=560000,318688 sector==7(14,8) ring_band=false ring_distance=13 stamped_distance=13 vanilla_surface_src=284,277 underground_src=272,279 stamped_image=363,372 committed=376,368 twin=[SurfacePassage hex=272,279 world=411500,241614 image_hex=363,372] | surf UndergroundPassage hex=-13,453 world=213500,392298 sector=E9(6,10) ring_band=false ring_distance=31 stamped_distance=31 vanilla_surface_src=8,342 underground_src=8,345 stamped_image=11,460 committed=-13,453 twin=[SurfacePassage hex=8,345 world=180500,298770 image_hex=11,460]
[RULES] glue 1: ring=13 algorithm=nearest fitting surface hex by outward ring walk from the twin image anchor_reason=vanilla terrain-flat test failed rejected=surface unbuildable footprint hex x19; surface vanilla terrain-flat test failed x480
[RULES] glue 2: ring=31 algorithm=nearest fitting surface hex by outward ring walk from the twin image anchor_reason=vanilla terrain-flat test failed rejected=surface impassable footprint hex x324; surface unbuildable footprint hex x101; surface vanilla terrain-flat test failed x2514
[RULES] surface decor: target=190 placed=190 (auth=9 synth=181) sites=1461 used=245 unused=1216 templates=254 attempts=727247 ms=9893 radius=6092/7759/11644 nn=2618/6631
[RULES] surface decor detail: band_known=true,decorated_circles=376,failed=0,fallback_sites=131,markers_resolved=1911,markers_unresolved=116,obstruct_circles=302,sites_exhausted=true,sites_prestretched=1461,sites_relocated=0,skipped_by_decorated=130,skipped_by_obstruct=1077,skipped_no_match=0,skipped_obstructed=1207,synthetic_allowed_types=17,synthetic_budget=36200,synthetic_escalations=762,synthetic_finite_attempts=701139,synthetic_finite_templates_left=254,synthetic_max_reach_percent=2800,synthetic_random_attempts=26108,synthetic_reach_cap_percent=2800,synthetic_rejected_band=24,synthetic_rejected_bounds=502,synthetic_rejected_decorated=60756,synthetic_rejected_empty=4,synthetic_rejected_failed=0,synthetic_rejected_no_match=0,synthetic_rejected_obstruct=652582,synthetic_rejected_terrain=13198,synthetic_templates_exhausted=0,synthetic_templates_left=0,version=10
[RULES] underground passages: SurfacePassage hex=272,279 world=411500,241614 image_hex=363,372 committed_src=272,279 true_image=363,372 linked=true | SurfacePassage hex=8,345 world=180500,298770 image_hex=11,460 committed_src=8,345 true_image=11,460 linked=true
[RULES] signs: SurfaceUndergroundTunnelSign hex=376,372 vis=true scale=550 sector==7/unexplored | SurfaceUndergroundTunnelSign hex=-13,457 vis=true scale=550 sector=E9/unexplored
[RULES] revealed: @14(11,15):scanned start=@14(11,15):scanned
[RULES] first access: ok=true error=none method=ConstructionController:Place snapped to the surface passage displays=2 hex 820x946 -> 820x946
							Lua 0:02:49:981
[RULES] first access route: route=state_wrapper mod_gate=true cascade_cities=1 cascade_disabled=true pre=prep=false done=nil running=nil pending=true desired=8192 gen=6144
[RULES] gate env: vanilla_env=true probe_g=true mod_env=false ccms=function is_wrapper=false is_original=true caller_wrapper=false
[RULES] first access displays: cover_boxes=1 begins=2 ends=2 refs_final=0 in_window=1 (idSaveProfile/SaveAccountStorage3) outside=0 ()
[RULES] first access cover events: BEGIN(underground) refs 0->1 @878ms display=true vis false->true  <- stack traceback: <- ...R/super-big-map/_ralph/tmp/.tmp_rules_probe_instance.lua:1050: in upvalue 'short_stack' <- ...R/super-big-map/_ralph/tmp/.tmp_rules_probe_instance.lua:1117: in function <...R/super-big-map/_ralph/tmp/.tmp_rules_probe_instance.lua:1105> <- [C]: in function 'pcall' <- Mod/SuperBigMap/Code/sbm_map_generation.lua:13554: in function <Mod/SuperBigMap/Code/sbm_map_generation.lu || BEGIN(underground) refs 1->2 @888ms display=false vis true->true  <- stack traceback: <- ...R/super-big-map/_ralph/tmp/.tmp_rules_probe_instance.lua:1050: in upvalue 'short_stack' <- ...R/super-big-map/_ralph/tmp/.tmp_rules_probe_instance.lua:1117: in function <...R/super-big-map/_ralph/tmp/.tmp_rules_probe_instance.lua:1105> <- [C]: in function 'pcall' <- Mod/SuperBigMap/Code/sbm_map_generation.lua:11890: in function <Mod/SuperBigMap/Code/sbm_map_generation.lu || END(force=nil) refs 2->1 @39855ms closed=false vis true->true  <- stack traceback: <- ...R/super-big-map/_ralph/tmp/.tmp_rules_probe_instance.lua:1050: in upvalue 'short_stack' <- ...R/super-big-map/_ralph/tmp/.tmp_rules_probe_instance.lua:1138: in function <...R/super-big-map/_ralph/tmp/.tmp_rules_probe_instance.lua:1123> <- [C]: in function 'pcall' <- Mod/SuperBigMap/Code/sbm_map_generation.lua:12597: in function <Mod/SuperBigMap/Code/sbm_map_generation.lu || END(force=nil) refs 1->0 @42875ms closed=true vis true->false  <- stack traceback: <- ...R/super-big-map/_ralph/tmp/.tmp_rules_probe_instance.lua:1050: in upvalue 'short_stack' <- ...R/super-big-map/_ralph/tmp/.tmp_rules_probe_instance.lua:1138: in function <...R/super-big-map/_ralph/tmp/.tmp_rules_probe_instance.lua:1123> <- [C]: in function 'pcall' <- Mod/SuperBigMap/Code/sbm_map_generation.lua:13570: in local 'release_first_access_cover' <- Mod/SuperBigMa
[RULES] first access screens: idSaveProfile/SaveAccountStorage3 @42589ms window=in prep=true done=true running=false pending=false desired=8192 gen=6144  <- stack traceback: <- ...R/super-big-map/_ralph/tmp/.tmp_rules_probe_instance.lua:1050: in upvalue 'short_stack' <- ...R/super-big-map/_ralph/tmp/.tmp_rules_probe_instance.lua:1086: in function 'LoadingScreenOpen' <- CommonLua/AccountStorage.lua:140: in function <CommonLua/AccountStorage.lua:130>
[RULES] underground after access: passages: SurfacePassage hex=363,372 world=549000,322152 authored_image_ring=0 twin=376,368 glue_ring=13 linked=true ring_band=false sector==7(14,8) | SurfacePassage hex=11,460 world=241000,398360 authored_image_ring=0 twin=-13,453 glue_ring=31 linked=true ring_band=false sector=E9(6,10)
[RULES] underground wonder reachability (2 calls): call1{repair=true,markers=2,valid=2,invalid=0,moved=0,unresolved=0,disconnected=1,draws=0,method=pf.HasPosPath,entrances=368,372|15,461,conn_checks=2,conn_rejected=1,conn_failures=0}details=CaveOfWonders=valid:marker_world=397333,401824:spawner_world=397333,401824:marker_hex=165,464:spawner_hex=165,464:distance=0:terrain_ok=true:buildable=true:buildable_z=1000:unbuildable_z=65535:passable=true:flatness=4096:flat_min=4080:unobstructed=true:reserved=true:badge_overlap=false:entrance_connected=false:base_ok=true:local_ok=true:accepted_fallback=false:fresh_terrain_ok=true:fresh_base_ok=true:fresh_buildable=true:fresh_buildable_z=1000:fresh_passable=true:fresh_flatness=4096:fresh_unobstructed=true;AncientArtifact=valid:marker_world=477333,565787:spawner_world=477333,565787:marker_hex=151,653:spawner_hex=151,653:distance=0:terrain_ok=true:buildable=true:buildable_z=1000:unbuildable_z=65535:passable=true:flatness=4096:flat_min=4080:unobstructed=true:reserved=true:badge_overlap=false:entrance_connected=true:base_ok=true:local_ok=true:accepted_fallback=false:fresh_terrain_ok=true:fresh_base_ok=true:fresh_buildable=true:fresh_buildable_z=1000:fresh_passable=true:fresh_flatness=4096:fresh_unobstructed=true || call2{repair=false,markers=2,valid=2,invalid=0,moved=0,unresolved=0,disconnected=1,draws=0,method=pf.HasPosPath,entrances=368,372|15,461,conn_checks=156,conn_rejected=57,conn_failures=0}details=CaveOfWonders=valid:marker_world=397333,401824:spawner_world=397333,401824:marker_hex=165,464:spawner_hex=165,464:distance=0:terrain_ok=true:buildable=true:buildable_z=1000:unbuildable_z=65535:passable=true:flatness=4096:flat_min=4080:unobstructed=true:reserved=true:badge_overlap=false:entrance_connected=false:base_ok=true:local_ok=true:accepted_fallback=false:fresh_terrain_ok=true:fresh_base_ok=true:fresh_buildable=true:fresh_buildable_z=1000:fresh_passable=true:fresh_flatness=4096:fresh_unobstructed=true;AncientArtifact=valid:marker_world=477333,565787:spawner_world=477333,565787:marker_hex=151,653:spawner_hex=151,653:distance=0:terrain_ok=true:buildable=true:buildable_z=1000:unbuildable_z=65535:passable=true:flatness=4096:flat_min=4080:unobstructed=true:reserved=true:badge_overlap=false:entrance_connected=true:base_ok=true:local_ok=true:accepted_fallback=false:fresh_terrain_ok=true:fresh_base_ok=true:fresh_buildable=true:fresh_buildable_z=1000:fresh_passable=true:fresh_flatness=4096:fresh_unobstructed=true
[RULES] underground enrichment reachability audit (hook=installed, 1 calls): call1{candidates_built=96 candidates_refilled=0 candidates_remaining=93 candidates_reused=55 checked=76 connectivity_checks=154 connectivity_failures=0 connectivity_reachable=98 connectivity_rejected=56 fallback_clearance_minimum_move=48 fallback_clearance_relaxed_moves=0 invalid=3 invalid_by_class=SubsurfaceDepositMarker=3 invalid_by_resource=Metals=1 PreciousMetals=2 invalid_details=SubsurfaceDepositMarker/PreciousMetals:world=369000,393164,1000:hex=142,454:sector=A9:reason=entrance_unreachable:flags=wonder_conflict:buildable=true:passable=true:flatness=4096:unobstructed=true:reachable=false:reserved=false;SubsurfaceDepositMarker/Metals:world=401000,393164,1000:hex=174,454:sector=A9:reason=entrance_unreachable:flags=wonder_conflict:buildable=true:passable=true:flatness=4096:unobstructed=true:reachable=false:reserved=false;SubsurfaceDepositMarker/PreciousMetals:world=414000,393164,1000:hex=187,454:sector=@9:reason=entrance_unreachable:flags=wonder_conflict:buildable=true:passable=true:flatness=4096:unobstructed=true:reachable=false:reserved=false missing_repulsion_profile=0 moved=3 moved_by_class=SubsurfaceDepositMarker=3 ok=true pool_refills=0 postmove_rejected=0 relocation_attempts=40 relocation_details=SubsurfaceDepositMarker/PreciousMetals:world=369000,393164,1000:hex=142,454:sector=A9:reason=entrance_unreachable:flags=wonder_conflict:buildable=true:passable=true:flatness=4096:unobstructed=true:reachable=false:reserved=false:result=moved:attempts=7:to_world=516058,558375:snapped_rejected=0:repulsion_rejected=6:setpos_failed=0:postmove_rejected=0:fallback_clearance_hex=71;SubsurfaceDepositMarker/Metals:world=401000,393164,1000:hex=174,454:sector=A9:reason=entrance_unreachable:flags=wonder_conflict:buildable=true:passable=true:flatness=4096:unobstructed=true:reachable=false:reserved=false:result=moved:attempts=14:to_world=500647,556865:snapped_rejected=0:repulsion_rejected=13:setpos_failed=0:postmove_rejected=0:fallback_clearance_hex=54;SubsurfaceDepositMarker/PreciousMetals:world=414000,393164,1000:hex=187,454:sector=@9:reason=entrance_unreachable:flags=wonder_conflict:buildable=true:passable=true:flatness=4096:unobstructed=true:reachable=false:reserved=false:result=moved:attempts=19:to_world=475546,568434:snapped_rejected=0:repulsion_rejected=18:setpos_failed=0:postmove_rejected=0:fallback_clearance_hex=48 relocation_retries=37 repulsion_rejected=37 seeds=2 setpos_failed=0 snapped_rejected=0 strict_first_rejection= strict_last_rejection= topup_only_first_rejection=repulsion:candidate=subs/PreciousMetals@4314792313:blocker=SubsurfaceDepositMarker/PreciousMetals/topup@4311384458:required=38400:actual=23010 topup_only_last_rejection=repulsion:candidate=subs/PreciousMetals@4322918983:blocker=SubsurfaceDepositMarker/Metals/topup@4323443272:required=9600:actual=4482 unresolved=0 unresolved_by_class= unresolved_by_resource= unresolved_details= unrevealed_placed=0}
[RULES] underground decor: enabled=true src=map_record reason=vanilla placed no decor groups target=0 placed=0 (auth=nil synth=nil) objects=0 ring=nil/0 dropped=nil/nil sites=0 used=0 gen=true passes=0 ratio=25 seed=5144878461829043810(generator) area=1.778 cosmetic=237 ring_cosmetic=0
[RULES] underground decor classes: 
[RULES] underground band cosmetics: none
[RULES] underground after access: enrich=533903604/245 imprints=2 (hex=363,372 vis=true scale=100 | hex=11,460 vis=true scale=100) revealed=0/400
[RULES] underground passage carriers: 2 (hex=363,372 entity=ElevatorBuildIndicator_UndergroundImprint vis=false opacity=0 elevator=true decals=1{vis=true scale=100 opacity=100} | hex=11,460 entity=ElevatorBuildIndicator_Underground vis=true opacity=100 elevator=false decals=1{vis=true scale=100 opacity=100})
							Lua 0:02:52:384
[DebugAdapter] New connection to DebugAddapter 127.0.0.1:65482
							Lua 0:02:52:561
[DebugAdapter] New connection to DebugAddapter 127.0.0.1:65484
							Lua 0:02:52:752
[DebugAdapter] New connection to DebugAddapter 127.0.0.1:65487
							Lua 0:02:53:126
[DebugAdapter] New connection to DebugAddapter 127.0.0.1:65490
							Lua 0:02:53:257
[DebugAdapter] Connection lost to 127.0.0.1:65490 
[DebugAdapter] Connection lost to 127.0.0.1:65487 
[DebugAdapter] Connection lost to 127.0.0.1:65484 
[DebugAdapter] Connection lost to 127.0.0.1:65482 
							Lua 0:02:53:348
[DebugAdapter] New connection to DebugAddapter 127.0.0.1:65492
							Lua 0:02:53:538
[DebugAdapter] New connection to DebugAddapter 127.0.0.1:65494
							Lua 0:03:04:494
[DebugAdapter] New connection to DebugAddapter 127.0.0.1:65498
[DebugAdapter] Connection lost to 127.0.0.1:65494 
[DebugAdapter] Connection lost to 127.0.0.1:65492 
							Lua 0:03:04:668
[DebugAdapter] New connection to DebugAddapter 127.0.0.1:65511
							Lua 0:03:04:848
[DebugAdapter] New connection to DebugAddapter 127.0.0.1:65515
							Lua 0:03:05:111
[DebugAdapter] New connection to DebugAddapter 127.0.0.1:65518
							Lua 0:03:05:257
[DebugAdapter] Connection lost to 127.0.0.1:65518 
[DebugAdapter] Connection lost to 127.0.0.1:65515 
[DebugAdapter] Connection lost to 127.0.0.1:65511 
[DebugAdapter] Connection lost to 127.0.0.1:65498 
							Lua 0:03:05:613


Stopping the game threads from the Lua side with exit code 0.

					Render 0:03:05:620


Stopping the game threads after receiving WM_QUIT.

[QUIT] Waiting the game state to finish...
							Lua 0:03:05:897
[QUIT] Game state finished.
					Render 0:03:05:898
[QUIT] Stopping game state thread...
					Render 0:03:05:910
Map::Done: 7.74000 ms
					Render 0:03:05:937
Map::Done: 4.42000 ms
					Render 0:03:05:950
[Sound] Stopping...
					Render 0:03:05:957
[Sound] Done.
					Render 0:03:05:958
Hook 'Shader :: CompileEffect' not found!
					Render 0:03:06:041
DestroyVideos: 1 videos not cleaned up
					Render 0:03:06:172
[DebugAdapter] Stopped
					Render 0:03:06:369


*** Debug::Done()
Time (ms)	186369


