					Render 0:00:00:054
*** executable info
Timestamp:     	69e75da5
Date:          	Tue Apr 21 07:21:09 2026
Command line:  	-nointro -no_interactive_asserts -stdout -crash_folder D:\PROJS\SMR\smr-harness\.state\game-crashes\20260912-221900-18d4b2cbb8d47ed8 -hidden
Compiler:      	194435214, 142 (VS 2019) or newer


*** hardware info
CPU name      	Intel(R) Core(TM) i9-10900X CPU @ 3.70GHz
CPU MHz       	3696
CPU cores     	10/20
Phys. Memory   	130752 MBytes
Memory In Use  	25%
Disk Free      	95374 MBytes


*** OS info
OS:            	Windows 11
Version:       	10.0.26100 


*** Debug::Init()


					Render 0:00:00:440
Steam initialized (AppId 3215050, Beta branch ???)
SteamFilterText is unavailable for user's language and will act as a passthrough.
					Render 0:00:00:444
Drive type for game installation: SSD, savegames: SSD
Language: English
					Render 0:00:01:288
Starting hidden
					Render 0:00:03:355
*** graphics info
GPU                            	NVIDIA GeForce RTX 5090 Feature Level: 12.1 {  DoublePrecisionFloatShaderOps: 1 OutputMergerLogicOp: 1 MinPrecisionSupport: 2 TiledResourcesTier: 3 ResourceBindingTier: 3 PSSpecifiedStencilRefSupported: 0 TypedUAVLoadAdditionalFormats: 1 ROVsSupported: 1 ConservativeRasterizationTier: 3 MaxGPUVirtualAddressBitsPerResource: 40 StandardSwizzle64KBSupported: 0 CrossNodeSharingTier: 0 CrossAdapterRowMajorTextureSupported: 0 VPAndRTArrayIndexFromAnyShaderFeedingRasterizerSupportedWithoutGSEmulation: 1 ResourceHeapTier: 2 NotZeroedPools: 1 UMA: 0 UnalignedBlockTextures: 1}
API                            	d3d12
GPU Driver Version             	32.0.15.7688
GPU Driver Package Version     	576.88
GPU Dedicated Video Memory     	32101 MB
					Render 0:00:03:577

Libs: Network, Sequences, MouseTrackWin, DumbAI, MapGen, Paradox, TriggersAndEvents, Notifications, Research, Resources, DevToolsPublic, DebugAdapter 

					Render 0:00:03:976

Platform: asserts, cheats, debug, desktop, editor, goldmaster, paradox, pc, steam

						Game Task 0:00:03:982

** Entity stats:
  entities: 2920
  unique state names: 335 / 1023
  unique spot names: 370
  unique spot transforms: 19621
  max surface radius: 47680 cm

					Render 0:00:05:399
*** audio info
Audio Endpoint                 	Speakers (Realtek(R) Audio)
							Lua 0:00:05:465
Lua revision: 392284
Assets revision: 30889
Steam AppID: 3215050
Build version: 1.0.7.392284
Build branch:  Release
							Lua 0:00:05:468
[DebugAdapter] Started at 127.0.0.1:8165
							Lua 0:00:05:477
Account storage loaded successfully in 8 ms
DLC thomas loaded, lua revision 392284, assets revision 30889
							Lua 0:00:05:489
[mod] Loaded mod def insert-objects (id insert-objects, v0.00-005) unpacked from appdata
[mod] Loaded mod def Whale - Aquatic Life for Mars Seas (id Whale, v0.00-10033) unpacked from appdata
[mod] Loaded mod def Real Mars Terrain (id RealMarsTerrain, v0.00-007) unpacked from appdata
[mod] Loaded mod def Humpback Whale - Aquatic Life for Mars Seas (id HumpbackWhale, v0.00-10009) unpacked from appdata
[mod] Loaded mod def Super Big Map (id SuperBigMap, v0.00-979) unpacked from appdata
[mod] Loaded mod def Copy Move (id CopyMove, v0.00-001) unpacked from appdata
[mod] Loaded mod def Disable All Mods (id DisableAllMods, v0.00-012) unpacked from appdata
[mod] Loaded mod def Filter Landing Spots (id FilterLandingSpots, v0.00-018) packed from pops
[mod] Loaded mod def Toggle Console Log Off (id TCLoff7, v1.00-005) unpacked from appdata
[mod] Loaded mod def Attribute Inspector (id AttributeInspector, v0.00-014) unpacked from appdata
[mod] Loaded mod def Scenario Editor (id SRM-scenario-editor, v0.00-045) unpacked from appdata
[mod] Loaded mod def Scenario Editor Terrains (id SRM-scenario-editor-terrains, v0.00-001) unpacked from appdata
[mod] Loaded mod def Buried Cables and Pipes (id bcp, v0.00-433) unpacked from appdata
[mod] Loaded mod def DLSS 5 Neural Rendering - Experimental (id vzlLtM, v0.00-002) unpacked from appdata
[mod] Loaded mod def Auto Clear Rubble (id AutoClearRubble, v1.00-023) unpacked from appdata
[mod] Loaded mod def Project Ark (id ProjectArk, v0.00-004) unpacked from appdata
[mod] Loaded mod def Colony Control (id ColonyControl, v0.00-014) unpacked from appdata
[mod] Loaded mod def Extra Maps (id ExtraMaps, v0.00-011) unpacked from appdata
[mod] Loaded mod def Planet Dawn (id PlanetDawn, v1.00-193) unpacked from appdata
[mod] Loaded mod def Bridges Blender (id bridges-blender, v0.00-008) unpacked from appdata
[mod] Loaded mod def Martian Waters Snow (id MartianWatersSnow, v0.00-407) unpacked from appdata
[mod] Loaded mod def Mute Notifications (id MuteNotifications, v0.00-060) unpacked from appdata
[mod] Loaded mod def No Wonders (id no-wonders, v0.00-001) unpacked from appdata
[mod] Loaded mod def Animalia - Restored Wildlife (id Animalia, v0.00-018) unpacked from appdata
[mod] Loaded mod def My Wild Pet (id MyWildPet, v0.00-005) unpacked from appdata
[mod] Loaded mod def invisible-passage-ramp (id IPRAMP, v0.00-068) unpacked from appdata
[mod] Loaded mod def Rover Drive Mode (id RoverDriveMode, v0.00-195) unpacked from appdata
[mod] Loaded mod def Bridges (id Bridges, v0.00-099) unpacked from appdata
							Lua 0:00:07:406
Reloading done in 1901 ms
							Lua 0:00:07:407
[DebugAdapter] New connection to DebugAddapter 127.0.0.1:64439
							Lua 0:00:07:408
Available DLCs: thomas(Interplanetary Codex) 
							Lua 0:00:08:333
[preset] Preset postprocess took 168 ms.
							Lua 0:00:08:451
479 / 479 particle streams loaded in 107 ms.
							Lua 0:00:08:587
[PdxSDK] Started up. Took 3082
							Lua 0:00:09:447
Received achievements from Steam.
							Lua 0:00:09:752
[mod] Loaded mod items for: TCLoff7, SuperBigMap
							Lua 0:00:10:511
[Braze] Initialized. SE: true, SB false
							Lua 0:00:10:622
[Braze] ContentCards 2/2. FullSync true. Headers nil. Retry 0
							Lua 0:00:10:767
[DebugAdapter] New connection to DebugAddapter 127.0.0.1:64454
							Lua 0:00:10:922
[PdxSDKMods] Mod 147865 v 6 is up to date. Nothing to download.							Lua 0:00:10:923

							Lua 0:00:10:945
[DebugAdapter] New connection to DebugAddapter 127.0.0.1:64456
							Lua 0:00:11:053
[DebugAdapter] Connection lost to 127.0.0.1:64456 
[DebugAdapter] Connection lost to 127.0.0.1:64454 
[DebugAdapter] Connection lost to 127.0.0.1:64439 
							Lua 0:00:11:156
[DebugAdapter] New connection to DebugAddapter 127.0.0.1:64458
							Lua 0:00:11:272
Game Seed:  v932_sweep_14134_61n136w -2532904973854117793 
							Lua 0:00:11:391
*** Reloading assets from folder 'BinAssets/'
							Lua 0:00:14:450
*** Assets reloaded in 3.1 s, read 205.5 MB, read speed 67.2 MB/s, average read 5023 bytes.
							Lua 0:00:14:451
[DebugAdapter] New connection to DebugAddapter 127.0.0.1:64460
[DebugAdapter] Connection lost to 127.0.0.1:64458 
							Lua 0:00:17:333
Map::Init: 0.31000 ms
							Lua 0:00:17:334
Map::Load: 70.15000 ms
CreateMap: 70.27000 ms
							Lua 0:00:17:352
MapLoadRandom:  -4750008470359985701 
							Lua 0:00:20:801
Map (slot 1) changed to "PreGame" in 9519 ms.
							Lua 0:00:20:898
[Super Big Map][LoadingTiming] SESSION_BEGIN {destination_tiles=8192x8192, environment=Surface, hex_size=nilxnil, map=BlankTerraceBig_05, map_ref=table: 000001F6D59732C8, mapdata_size=8192x8192, reason=expanded map allocation, session=1, slot=nil, source_tiles=6144x6144}
[Super Big Map][LoadingTiming] STEP session inputs {destination_tiles=8192x8192, environment=Surface, hex_size=nilxnil, map=BlankTerraceBig_05, map_name=BlankTerraceBig_05, map_ref=table: 000001F6D59732C8, map_slot=1, mapdata_size=8192x8192, sequence=1, session=1, since_previous_ms=0, slot=nil, source_tiles=6144x6144, total_ms=0}
							Lua 0:00:21:101
[Super Big Map][LoadingTiming] STEP lifecycle: NewMapObject {destination_tiles=8192x8192, environment=Surface, hex_size=nilxnil, map=BlankTerraceBig_05, map_ref=table: 000001F6D59732C8, mapdata_size=8192x8192, sequence=2, session=1, since_previous_ms=202, slot=1, source_tiles=6144x6144, total_ms=202}
[DebugAdapter] Connection lost to 127.0.0.1:64460 
							Lua 0:00:22:044
Map::Done: 0.35000 ms
							Lua 0:00:22:270
Map::Init: 0.49000 ms
Map::Load: 213.91000 ms
CreateMap: 214.07001 ms
							Lua 0:00:22:278
[Super Big Map][LoadingTiming] STEP lifecycle: PreNewMap {destination_tiles=8192x8192, environment=Surface, hex_size=nilxnil, map=BlankTerraceBig_05, map_ref=table: 000001F6D59732C8, mapdata=table: 000001F6D82E5970, mapdata_size=8192x8192, sequence=3, session=1, since_previous_ms=1178, slot=1, source_tiles=6144x6144, total_ms=1380}
							Lua 0:00:22:295
game_settings:
    sponsor: IMM
    profile: rocketscientist
    founding_faction: MarsDemocraticParty
    rival_colonies: Brazil, CNSA, SpaceY
    mystery_random: 
    game_rules: RoughTerrain
more_game_settings: save_game_id: yS_dA_7bGB-otTzw, mystery: BlackCubeMystery, coordinates: 61N136W, landing_spot: , logo: IMM
map_conditions: altitude: -3237, temperature: -86, cold_wave: 219, dust_devils: 43, dust_storm: 124, meteors: 36
map_resources: concrete: 36, metals: 66, precious_metals: 66, water: 6
							Lua 0:00:22:325
[Super Big Map][LoadingTiming] STEP lifecycle: NewMap {destination_tiles=8192x8192, environment=Surface, hex_size=820x946, map=BlankTerraceBig_05, map_ref=table: 000001F6D59732C8, mapdata=table: 000001F6D82E5970, mapdata_size=8192x8192, sequence=4, session=1, since_previous_ms=46, slot=1, source_tiles=6144x6144, total_ms=1426}
							Lua 0:00:22:326
[Super Big Map][LoadingTiming] STEP prefab feature game logic correspondence {actual_safari=0, created_safari=0, destination_tiles=8192x8192, environment=Surface, expected_safari=0, hex_size=820x946, map=BlankTerraceBig_05, map_ref=table: 000001F6D59732C8, mapdata_size=8192x8192, markers=0, matched_safari=0, removed_orphan_safari=0, replayed_markers=0, sequence=5, session=1, since_previous_ms=2, slot=1, source_tiles=6144x6144, total_ms=1428}
							Lua 0:00:22:327
[Super Big Map][LoadingTiming] STEP lifecycle: UndergroundDarknessState {after=0, before=0, destination_tiles=8192x8192, environment=Surface, forced_reveal=false, hex_size=820x946, map=BlankTerraceBig_05, map_ref=table: 000001F6D59732C8, mapdata_size=8192x8192, sequence=6, session=1, since_previous_ms=1, slot=1, source_tiles=6144x6144, total_ms=1429}
							Lua 0:00:22:343
MapLoadRandom:  -1414160563285960142 
							Lua 0:00:22:412
[Super Big Map][LoadingTiming] STEP lifecycle: NewMapLoaded {destination_tiles=8192x8192, environment=Surface, hex_size=820x946, map=BlankTerraceBig_05, map_ref=table: 000001F6D59732C8, mapdata=table: 000001F6D82E5970, mapdata_size=8192x8192, sequence=7, session=1, since_previous_ms=85, slot=1, source_tiles=6144x6144, total_ms=1514}
							Lua 0:00:22:414
[Super Big Map][LoadingTiming] STEP prefab feature game logic correspondence {actual_safari=0, created_safari=0, destination_tiles=8192x8192, environment=Surface, expected_safari=0, hex_size=820x946, map=BlankTerraceBig_05, map_ref=table: 000001F6D59732C8, mapdata_size=8192x8192, markers=0, matched_safari=0, removed_orphan_safari=0, replayed_markers=0, sequence=8, session=1, since_previous_ms=1, slot=1, source_tiles=6144x6144, total_ms=1515}
[Super Big Map][LoadingTiming] STEP lifecycle: UndergroundDarknessState {after=0, before=0, destination_tiles=8192x8192, environment=Surface, forced_reveal=false, hex_size=820x946, map=BlankTerraceBig_05, map_ref=table: 000001F6D59732C8, mapdata_size=8192x8192, sequence=9, session=1, since_previous_ms=1, slot=1, source_tiles=6144x6144, total_ms=1516}
							Lua 0:00:26:739
[Super Big Map][LoadingTiming] STEP lifecycle: PostNewMapLoaded {destination_tiles=8192x8192, environment=Surface, hex_size=820x946, map=BlankTerraceBig_05, map_ref=table: 000001F6D59732C8, mapdata=table: 000001F6D82E5970, mapdata_size=8192x8192, sequence=10, session=1, since_previous_ms=4325, slot=1, source_tiles=6144x6144, total_ms=5841}
							Lua 0:00:26:741
[Super Big Map][LoadingTiming] STEP prefab feature game logic correspondence {actual_safari=0, created_safari=0, destination_tiles=8192x8192, environment=Surface, expected_safari=0, hex_size=820x946, map=BlankTerraceBig_05, map_ref=table: 000001F6D59732C8, mapdata_size=8192x8192, markers=0, matched_safari=0, removed_orphan_safari=0, replayed_markers=0, sequence=11, session=1, since_previous_ms=1, slot=1, source_tiles=6144x6144, total_ms=5842}
[Super Big Map][LoadingTiming] STEP lifecycle: UndergroundDarknessState {after=0, before=0, destination_tiles=8192x8192, environment=Surface, forced_reveal=false, hex_size=820x946, map=BlankTerraceBig_05, map_ref=table: 000001F6D59732C8, mapdata_size=8192x8192, sequence=12, session=1, since_previous_ms=1, slot=1, source_tiles=6144x6144, total_ms=5843}
							Lua 0:00:27:197
[Super Big Map][LoadingTiming] STEP lifecycle: CurrentMapChangeDone {destination_tiles=8192x8192, environment=Surface, hex_size=820x946, map=BlankTerraceBig_05, map_ref=table: 000001F6D59732C8, map_slot=1, mapdata_size=8192x8192, sequence=13, session=1, since_previous_ms=456, slot=1, source_tiles=6144x6144, total_ms=6299}
							Lua 0:00:27:198
[Super Big Map][LoadingTiming] STEP prefab feature game logic correspondence {actual_safari=0, created_safari=0, destination_tiles=8192x8192, environment=Surface, expected_safari=0, hex_size=820x946, map=BlankTerraceBig_05, map_ref=table: 000001F6D59732C8, mapdata_size=8192x8192, markers=0, matched_safari=0, removed_orphan_safari=0, replayed_markers=0, sequence=14, session=1, since_previous_ms=1, slot=1, source_tiles=6144x6144, total_ms=6300}
[Super Big Map][LoadingTiming] STEP lifecycle: UndergroundDarknessState {after=0, before=0, destination_tiles=8192x8192, environment=Surface, forced_reveal=false, hex_size=820x946, map=BlankTerraceBig_05, map_ref=table: 000001F6D59732C8, mapdata_size=8192x8192, sequence=15, session=1, since_previous_ms=0, slot=1, source_tiles=6144x6144, total_ms=6300}
							Lua 0:00:27:217
[Super Big Map][LoadingTiming] STEP lifecycle: UndergroundDarknessState {after=0, before=0, destination_tiles=8192x8192, environment=Surface, forced_reveal=false, hex_size=820x946, map=BlankTerraceBig_05, map_ref=table: 000001F6D59732C8, mapdata_size=8192x8192, sequence=16, session=1, since_previous_ms=19, slot=1, source_tiles=6144x6144, total_ms=6319}
							Lua 0:00:28:279
Map (slot 1) changed to "BlankTerraceBig_05" in 7398 ms.
[Super Big Map][LoadingTiming] STEP session continues: RandomMapGenerator.DoGenerate {destination_tiles=8192x8192, environment=Surface, expansion_pending=true, hex_size=820x946, map=BlankTerraceBig_05, map_ref=table: 000001F6D59732C8, mapdata_size=8192x8192, sequence=17, session=1, since_previous_ms=1062, slot=1, source_tiles=6144x6144, total_ms=7381, vanilla_source_migration=false}
[Super Big Map][LoadingTiming] STEP attempt exact temporary-source transaction {destination_tiles=8192x8192, environment=Surface, generator_limit_tiles=6144, hex_size=820x946, map=BlankTerraceBig_05, map_ref=table: 000001F6D59732C8, map_tiles=8192x8192, mapdata_size=8192x8192, sequence=18, session=1, since_previous_ms=0, slot=1, source_tiles=6144x6144, total_ms=7381}
[Super Big Map][LoadingTiming] PHASE_BEGIN Generating the exact vanilla source terrain... {destination_tiles=8192x8192, environment=Surface, hex_size=820x946, map=BlankTerraceBig_05, map_ref=table: 000001F6D59732C8, mapdata_size=8192x8192, sequence=19, session=1, slot=1, source_tiles=6144x6144, total_ms=7381}
							Lua 0:00:28:280
[Super Big Map][LoadingTiming] STEP temporary source transaction begin {destination_slot=1, destination_tiles=8192x8192, environment=Surface, hex_size=820x946, map=BlankTerraceBig_05, map_ref=table: 000001F6D59732C8, mapdata_size=8192x8192, pass_border=102400, sequence=20, session=1, since_previous_ms=1, slot=1, source_slot=15, source_tiles=6144x6144, total_ms=7382}
[Super Big Map][LoadingTiming] STEP BEGIN allocate temporary vanilla backing {destination_tiles=8192x8192, environment=Surface, hex_size=820x946, map=BlankTerraceBig_05, map_ref=table: 000001F6D59732C8, mapdata_size=8192x8192, sequence=21, session=1, since_previous_ms=0, slot=1, source_slot=15, source_tiles=6144x6144, total_ms=7382}
							Lua 0:00:29:230
Map::Init: 0.18000 ms
Map::Load: 41.98000 ms
CreateMap: 42.05000 ms
							Lua 0:00:29:653
Buildable grid ready: 3/291 valid zones.
							Lua 0:00:29:666
MapLoadRandom:  -1523711729369822677 
							Lua 0:00:31:232
Map (slot 15) changed to "BlankTerraceBig_05" in 2952 ms.
							Lua 0:00:31:233
[Super Big Map][LoadingTiming] STEP END allocate temporary vanilla backing {begin_session=1, destination_tiles=8192x8192, duration_ms=2952, environment=Surface, error=nil, hex_size=820x946, map=BlankTerraceBig_05, map_ref=table: 000001F6D59732C8, mapdata_size=8192x8192, ok=true, sequence=22, session=1, since_previous_ms=2952, slot=1, source_tiles=6144x6144, total_ms=10334}
[Super Big Map][LoadingTiming] STEP temporary source backing verified {actual_tiles=6144x6144, baseline_objects=0, destination_tiles=nilxnil, environment=Surface, hex_size=615x710, map=BlankTerraceBig_05, map_ref=table: 000001F6D4986240, mapdata_size=6144x6144, sequence=23, session=1, since_previous_ms=1, slot=15, source_tiles=nilxnil, total_ms=10335}
[Super Big Map][LoadingTiming] STEP BEGIN switch temporary generator current slot {destination_tiles=nilxnil, environment=Surface, hex_size=615x710, map=BlankTerraceBig_05, map_ref=table: 000001F6D4986240, mapdata_size=6144x6144, sequence=24, session=1, since_previous_ms=0, slot=15, source_tiles=nilxnil, target_slot=15, total_ms=10335}
							Lua 0:00:31:540
[DebugAdapter] New connection to DebugAddapter 127.0.0.1:64474
							Lua 0:00:31:664
[Super Big Map][LoadingTiming] STEP lifecycle: CurrentMapChangeDone {destination_tiles=nilxnil, environment=Surface, hex_size=615x710, map=BlankTerraceBig_05, map_ref=table: 000001F6D4986240, map_slot=15, mapdata_size=6144x6144, sequence=25, session=1, since_previous_ms=431, slot=15, source_tiles=nilxnil, total_ms=10766}
							Lua 0:00:31:665
[Super Big Map][LoadingTiming] STEP lifecycle: UndergroundDarknessState {after=0, before=0, destination_tiles=nilxnil, environment=Surface, forced_reveal=false, hex_size=615x710, map=BlankTerraceBig_05, map_ref=table: 000001F6D4986240, mapdata_size=6144x6144, sequence=26, session=1, since_previous_ms=1, slot=15, source_tiles=nilxnil, total_ms=10767}
							Lua 0:00:31:666
[Super Big Map][LoadingTiming] STEP lifecycle: UndergroundDarknessState {after=0, before=0, destination_tiles=nilxnil, environment=Surface, forced_reveal=false, hex_size=615x710, map=BlankTerraceBig_05, map_ref=table: 000001F6D4986240, mapdata_size=6144x6144, sequence=27, session=1, since_previous_ms=1, slot=15, source_tiles=nilxnil, total_ms=10768}
[Super Big Map][LoadingTiming] STEP lifecycle: UndergroundDarknessState {after=0, before=0, destination_tiles=nilxnil, environment=Surface, forced_reveal=false, hex_size=615x710, map=BlankTerraceBig_05, map_ref=table: 000001F6D4986240, mapdata_size=6144x6144, sequence=28, session=1, since_previous_ms=0, slot=15, source_tiles=nilxnil, total_ms=10768}
							Lua 0:00:32:435
[Super Big Map][LoadingTiming] STEP END switch temporary generator current slot {begin_session=1, destination_tiles=nilxnil, duration_ms=1202, environment=Surface, hex_size=615x710, map=BlankTerraceBig_05, map_ref=table: 000001F6D4986240, mapdata_size=6144x6144, mode=ChangeCurrentMapSlot, ok=true, sequence=29, session=1, since_previous_ms=769, slot=15, source_tiles=nilxnil, target_slot=15, total_ms=11537}
							Lua 0:00:32:436
[Super Big Map][LoadingTiming] STEP native clutter access probe {clutter_tile_size=nil, destination_tiles=nilxnil, environment=Surface, global_terrain=table: 000001F6D3986DE0, grid_names=none, height_tile_size=100, hex_size=615x710, map=BlankTerraceBig_05, map_fields=none, map_import_terrain=false, map_is_current=true, map_ref=table: 000001F6D4986240, map_reset_terrain=false, mapdata_size=6144x6144, refs=editor.map.clutter=nil | orig.map.clutter=nil | editor.map.clutter_density=nil | orig.map.clutter_density=nil | editor.map.grass_density=nil | orig.map.grass_density=nil, samples=origin=nil | center=nil, sequence=30, session=1, since_previous_ms=1, slot=15, source_tiles=nilxnil, stage=temporary source before DoGenerate, total_ms=11538}
[Super Big Map][LoadingTiming] STEP BEGIN vanilla RandomMapGenerator.DoGenerate {destination_tiles=nilxnil, environment=Surface, hex_size=615x710, map=BlankTerraceBig_05, map_ref=table: 000001F6D4986240, mapdata_size=6144x6144, sequence=31, session=1, since_previous_ms=0, slot=15, source_tiles=nilxnil, total_ms=11538}
							Lua 0:00:34:038
[DebugAdapter] Connection lost to 127.0.0.1:64474 
							Lua 0:00:38:115
[Super Big Map][LoadingTiming] STEP BEGIN RandomMapGenerator.OnGenerateLogic {destination_tiles=nilxnil, environment=Surface, hex_size=615x710, map=BlankTerraceBig_05, map_ref=table: 000001F6D4986240, mapdata_size=6144x6144, sequence=32, session=1, since_previous_ms=5679, slot=15, source_tiles=nilxnil, total_ms=17217}
[Super Big Map][LoadingTiming] STEP BEGIN RandomMap procedure: ResolveBuildable {destination_tiles=nilxnil, environment=Surface, hex_size=615x710, map=BlankTerraceBig_05, map_ref=table: 000001F6D4986240, mapdata_size=6144x6144, randless=nil, sequence=33, session=1, since_previous_ms=0, slot=15, source_tiles=nilxnil, tag=ResolveBuildable, total_ms=17217}
							Lua 0:00:38:409
Buildable grid ready: 35/500 valid zones.
							Lua 0:00:38:525
[Super Big Map][LoadingTiming] STEP END RandomMap procedure: ResolveBuildable {begin_session=1, destination_tiles=nilxnil, duration_ms=410, environment=Surface, hex_size=615x710, map=BlankTerraceBig_05, map_ref=table: 000001F6D4986240, mapdata_size=6144x6144, ok=true, sequence=34, session=1, since_previous_ms=410, slot=15, source_tiles=nilxnil, tag=ResolveBuildable, total_ms=17627}
							Lua 0:00:38:526
[Super Big Map][LoadingTiming] STEP BEGIN RandomMap procedure: PlaceColdAreas {destination_tiles=nilxnil, environment=Surface, hex_size=615x710, map=BlankTerraceBig_05, map_ref=table: 000001F6D4986240, mapdata_size=6144x6144, randless=nil, sequence=35, session=1, since_previous_ms=1, slot=15, source_tiles=nilxnil, tag=PlaceColdAreas, total_ms=17628}
							Lua 0:00:38:528
[Super Big Map][LoadingTiming] STEP END RandomMap procedure: PlaceColdAreas {begin_session=1, destination_tiles=nilxnil, duration_ms=1, environment=Surface, hex_size=615x710, map=BlankTerraceBig_05, map_ref=table: 000001F6D4986240, mapdata_size=6144x6144, ok=true, sequence=36, session=1, since_previous_ms=1, slot=15, source_tiles=nilxnil, tag=PlaceColdAreas, total_ms=17629}
[Super Big Map][LoadingTiming] STEP BEGIN RandomMap procedure: PlaceArtefacts {destination_tiles=nilxnil, environment=Surface, hex_size=615x710, map=BlankTerraceBig_05, map_ref=table: 000001F6D4986240, mapdata_size=6144x6144, randless=nil, sequence=37, session=1, since_previous_ms=1, slot=15, source_tiles=nilxnil, tag=PlaceArtefacts, total_ms=17630}
[Super Big Map][LoadingTiming] STEP END RandomMap procedure: PlaceArtefacts {begin_session=1, destination_tiles=nilxnil, duration_ms=0, environment=Surface, hex_size=615x710, map=BlankTerraceBig_05, map_ref=table: 000001F6D4986240, mapdata_size=6144x6144, ok=true, sequence=38, session=1, since_previous_ms=0, slot=15, source_tiles=nilxnil, tag=PlaceArtefacts, total_ms=17630}
[Super Big Map][LoadingTiming] STEP BEGIN RandomMap procedure: PlaceAnomalies {destination_tiles=nilxnil, environment=Surface, hex_size=615x710, map=BlankTerraceBig_05, map_ref=table: 000001F6D4986240, mapdata_size=6144x6144, randless=nil, sequence=39, session=1, since_previous_ms=0, slot=15, source_tiles=nilxnil, tag=PlaceAnomalies, total_ms=17630}
							Lua 0:00:38:533
[Super Big Map][LoadingTiming] STEP BEGIN RandomMap procedure: PlaceAnomalies_FindFeatures {destination_tiles=nilxnil, environment=Surface, hex_size=615x710, map=BlankTerraceBig_05, map_ref=table: 000001F6D4986240, mapdata_size=6144x6144, randless=true, sequence=40, session=1, since_previous_ms=4, slot=15, source_tiles=nilxnil, tag=PlaceAnomalies_FindFeatures, total_ms=17634}
							Lua 0:00:38:539
[Super Big Map][LoadingTiming] STEP BEGIN RandomMap procedure: PlaceAnomalies_FindFeatures_RepulseDeposits {destination_tiles=nilxnil, environment=Surface, hex_size=615x710, map=BlankTerraceBig_05, map_ref=table: 000001F6D4986240, mapdata_size=6144x6144, randless=nil, sequence=41, session=1, since_previous_ms=7, slot=15, source_tiles=nilxnil, tag=PlaceAnomalies_FindFeatures_RepulseDeposits, total_ms=17641}
[Super Big Map][LoadingTiming] STEP END RandomMap procedure: PlaceAnomalies_FindFeatures_RepulseDeposits {begin_session=1, destination_tiles=nilxnil, duration_ms=0, environment=Surface, hex_size=615x710, map=BlankTerraceBig_05, map_ref=table: 000001F6D4986240, mapdata_size=6144x6144, ok=true, sequence=42, session=1, since_previous_ms=0, slot=15, source_tiles=nilxnil, tag=PlaceAnomalies_FindFeatures_RepulseDeposits, total_ms=17641}
[Super Big Map][LoadingTiming] STEP BEGIN RandomMap procedure: PlaceAnomalies_FindFeatures_Deposits {destination_tiles=nilxnil, environment=Surface, hex_size=615x710, map=BlankTerraceBig_05, map_ref=table: 000001F6D4986240, mapdata_size=6144x6144, randless=nil, sequence=43, session=1, since_previous_ms=0, slot=15, source_tiles=nilxnil, tag=PlaceAnomalies_FindFeatures_Deposits, total_ms=17641}
							Lua 0:00:38:584
[Super Big Map][LoadingTiming] STEP END RandomMap procedure: PlaceAnomalies_FindFeatures_Deposits {begin_session=1, destination_tiles=nilxnil, duration_ms=45, environment=Surface, hex_size=615x710, map=BlankTerraceBig_05, map_ref=table: 000001F6D4986240, mapdata_size=6144x6144, ok=true, sequence=44, session=1, since_previous_ms=45, slot=15, source_tiles=nilxnil, tag=PlaceAnomalies_FindFeatures_Deposits, total_ms=17686}
							Lua 0:00:38:585
[Super Big Map][LoadingTiming] STEP BEGIN RandomMap procedure: PlaceAnomalies_FindFeatures_Anomalies {destination_tiles=nilxnil, environment=Surface, hex_size=615x710, map=BlankTerraceBig_05, map_ref=table: 000001F6D4986240, mapdata_size=6144x6144, randless=nil, sequence=45, session=1, since_previous_ms=0, slot=15, source_tiles=nilxnil, tag=PlaceAnomalies_FindFeatures_Anomalies, total_ms=17686}
[Super Big Map][LoadingTiming] STEP END RandomMap procedure: PlaceAnomalies_FindFeatures_Anomalies {begin_session=1, destination_tiles=nilxnil, duration_ms=1, environment=Surface, hex_size=615x710, map=BlankTerraceBig_05, map_ref=table: 000001F6D4986240, mapdata_size=6144x6144, ok=true, sequence=46, session=1, since_previous_ms=1, slot=15, source_tiles=nilxnil, tag=PlaceAnomalies_FindFeatures_Anomalies, total_ms=17687}
[Super Big Map][LoadingTiming] STEP BEGIN RandomMap procedure: PlaceAnomalies_FindFeatures_EffectDeposits {destination_tiles=nilxnil, environment=Surface, hex_size=615x710, map=BlankTerraceBig_05, map_ref=table: 000001F6D4986240, mapdata_size=6144x6144, randless=nil, sequence=47, session=1, since_previous_ms=0, slot=15, source_tiles=nilxnil, tag=PlaceAnomalies_FindFeatures_EffectDeposits, total_ms=17687}
							Lua 0:00:38:593
[Super Big Map][LoadingTiming] STEP END RandomMap procedure: PlaceAnomalies_FindFeatures_EffectDeposits {begin_session=1, destination_tiles=nilxnil, duration_ms=8, environment=Surface, hex_size=615x710, map=BlankTerraceBig_05, map_ref=table: 000001F6D4986240, mapdata_size=6144x6144, ok=true, sequence=48, session=1, since_previous_ms=8, slot=15, source_tiles=nilxnil, tag=PlaceAnomalies_FindFeatures_EffectDeposits, total_ms=17695}
							Lua 0:00:38:597
[Super Big Map][LoadingTiming] STEP END RandomMap procedure: PlaceAnomalies_FindFeatures {begin_session=1, destination_tiles=nilxnil, duration_ms=64, environment=Surface, hex_size=615x710, map=BlankTerraceBig_05, map_ref=table: 000001F6D4986240, mapdata_size=6144x6144, ok=true, sequence=49, session=1, since_previous_ms=3, slot=15, source_tiles=nilxnil, tag=PlaceAnomalies_FindFeatures, total_ms=17698}
[Super Big Map][LoadingTiming] STEP BEGIN RandomMap procedure: PlaceAnomalies_FindClusters {destination_tiles=nilxnil, environment=Surface, hex_size=615x710, map=BlankTerraceBig_05, map_ref=table: 000001F6D4986240, mapdata_size=6144x6144, randless=nil, sequence=50, session=1, since_previous_ms=1, slot=15, source_tiles=nilxnil, tag=PlaceAnomalies_FindClusters, total_ms=17699}
[Super Big Map][LoadingTiming] STEP END RandomMap procedure: PlaceAnomalies_FindClusters {begin_session=1, destination_tiles=nilxnil, duration_ms=0, environment=Surface, hex_size=615x710, map=BlankTerraceBig_05, map_ref=table: 000001F6D4986240, mapdata_size=6144x6144, ok=true, sequence=51, session=1, since_previous_ms=0, slot=15, source_tiles=nilxnil, tag=PlaceAnomalies_FindClusters, total_ms=17699}
[Super Big Map][LoadingTiming] STEP BEGIN RandomMap procedure: PlaceAnomalies_FindAnomalies_Breakthrough {destination_tiles=nilxnil, environment=Surface, hex_size=615x710, map=BlankTerraceBig_05, map_ref=table: 000001F6D4986240, mapdata_size=6144x6144, randless=nil, sequence=52, session=1, since_previous_ms=0, slot=15, source_tiles=nilxnil, tag=PlaceAnomalies_FindAnomalies_Breakthrough, total_ms=17699}
							Lua 0:00:38:640
[Super Big Map][LoadingTiming] STEP END RandomMap procedure: PlaceAnomalies_FindAnomalies_Breakthrough {begin_session=1, destination_tiles=nilxnil, duration_ms=43, environment=Surface, hex_size=615x710, map=BlankTerraceBig_05, map_ref=table: 000001F6D4986240, mapdata_size=6144x6144, ok=true, sequence=53, session=1, since_previous_ms=43, slot=15, source_tiles=nilxnil, tag=PlaceAnomalies_FindAnomalies_Breakthrough, total_ms=17742}
[Super Big Map][LoadingTiming] STEP BEGIN RandomMap procedure: PlaceAnomalies_FindDeposits {destination_tiles=nilxnil, environment=Surface, hex_size=615x710, map=BlankTerraceBig_05, map_ref=table: 000001F6D4986240, mapdata_size=6144x6144, randless=true, sequence=54, session=1, since_previous_ms=0, slot=15, source_tiles=nilxnil, tag=PlaceAnomalies_FindDeposits, total_ms=17742}
[Super Big Map][LoadingTiming] STEP BEGIN RandomMap procedure: PlaceAnomalies_FindDeposits_surf_Metals {destination_tiles=nilxnil, environment=Surface, hex_size=615x710, map=BlankTerraceBig_05, map_ref=table: 000001F6D4986240, mapdata_size=6144x6144, randless=nil, sequence=55, session=1, since_previous_ms=0, slot=15, source_tiles=nilxnil, tag=PlaceAnomalies_FindDeposits_surf_Metals, total_ms=17742}
							Lua 0:00:38:642
[Super Big Map][LoadingTiming] STEP END RandomMap procedure: PlaceAnomalies_FindDeposits_surf_Metals {begin_session=1, destination_tiles=nilxnil, duration_ms=2, environment=Surface, hex_size=615x710, map=BlankTerraceBig_05, map_ref=table: 000001F6D4986240, mapdata_size=6144x6144, ok=true, sequence=56, session=1, since_previous_ms=2, slot=15, source_tiles=nilxnil, tag=PlaceAnomalies_FindDeposits_surf_Metals, total_ms=17744}
[Super Big Map][LoadingTiming] STEP BEGIN RandomMap procedure: PlaceAnomalies_FindDeposits_surf_Polymers {destination_tiles=nilxnil, environment=Surface, hex_size=615x710, map=BlankTerraceBig_05, map_ref=table: 000001F6D4986240, mapdata_size=6144x6144, randless=nil, sequence=57, session=1, since_previous_ms=0, slot=15, source_tiles=nilxnil, tag=PlaceAnomalies_FindDeposits_surf_Polymers, total_ms=17744}
							Lua 0:00:38:643
[Super Big Map][LoadingTiming] STEP END RandomMap procedure: PlaceAnomalies_FindDeposits_surf_Polymers {begin_session=1, destination_tiles=nilxnil, duration_ms=1, environment=Surface, hex_size=615x710, map=BlankTerraceBig_05, map_ref=table: 000001F6D4986240, mapdata_size=6144x6144, ok=true, sequence=58, session=1, since_previous_ms=1, slot=15, source_tiles=nilxnil, tag=PlaceAnomalies_FindDeposits_surf_Polymers, total_ms=17745}
[Super Big Map][LoadingTiming] STEP BEGIN RandomMap procedure: PlaceAnomalies_FindDeposits_subs_Metals {destination_tiles=nilxnil, environment=Surface, hex_size=615x710, map=BlankTerraceBig_05, map_ref=table: 000001F6D4986240, mapdata_size=6144x6144, randless=nil, sequence=59, session=1, since_previous_ms=0, slot=15, source_tiles=nilxnil, tag=PlaceAnomalies_FindDeposits_subs_Metals, total_ms=17745}
							Lua 0:00:38:645
[Super Big Map][LoadingTiming] STEP END RandomMap procedure: PlaceAnomalies_FindDeposits_subs_Metals {begin_session=1, destination_tiles=nilxnil, duration_ms=1, environment=Surface, hex_size=615x710, map=BlankTerraceBig_05, map_ref=table: 000001F6D4986240, mapdata_size=6144x6144, ok=true, sequence=60, session=1, since_previous_ms=2, slot=15, source_tiles=nilxnil, tag=PlaceAnomalies_FindDeposits_subs_Metals, total_ms=17747}
[Super Big Map][LoadingTiming] STEP BEGIN RandomMap procedure: PlaceAnomalies_FindDeposits_subs_PreciousMetals {destination_tiles=nilxnil, environment=Surface, hex_size=615x710, map=BlankTerraceBig_05, map_ref=table: 000001F6D4986240, mapdata_size=6144x6144, randless=nil, sequence=61, session=1, since_previous_ms=0, slot=15, source_tiles=nilxnil, tag=PlaceAnomalies_FindDeposits_subs_PreciousMetals, total_ms=17747}
							Lua 0:00:38:646
[Super Big Map][LoadingTiming] STEP END RandomMap procedure: PlaceAnomalies_FindDeposits_subs_PreciousMetals {begin_session=1, destination_tiles=nilxnil, duration_ms=1, environment=Surface, hex_size=615x710, map=BlankTerraceBig_05, map_ref=table: 000001F6D4986240, mapdata_size=6144x6144, ok=true, sequence=62, session=1, since_previous_ms=1, slot=15, source_tiles=nilxnil, tag=PlaceAnomalies_FindDeposits_subs_PreciousMetals, total_ms=17748}
[Super Big Map][LoadingTiming] STEP BEGIN RandomMap procedure: PlaceAnomalies_FindDeposits_subs_Water {destination_tiles=nilxnil, environment=Surface, hex_size=615x710, map=BlankTerraceBig_05, map_ref=table: 000001F6D4986240, mapdata_size=6144x6144, randless=nil, sequence=63, session=1, since_previous_ms=0, slot=15, source_tiles=nilxnil, tag=PlaceAnomalies_FindDeposits_subs_Water, total_ms=17748}
							Lua 0:00:38:647
[Super Big Map][LoadingTiming] STEP END RandomMap procedure: PlaceAnomalies_FindDeposits_subs_Water {begin_session=1, destination_tiles=nilxnil, duration_ms=1, environment=Surface, hex_size=615x710, map=BlankTerraceBig_05, map_ref=table: 000001F6D4986240, mapdata_size=6144x6144, ok=true, sequence=64, session=1, since_previous_ms=1, slot=15, source_tiles=nilxnil, tag=PlaceAnomalies_FindDeposits_subs_Water, total_ms=17749}
[Super Big Map][LoadingTiming] STEP BEGIN RandomMap procedure: PlaceAnomalies_FindDeposits_terr_Concrete {destination_tiles=nilxnil, environment=Surface, hex_size=615x710, map=BlankTerraceBig_05, map_ref=table: 000001F6D4986240, mapdata_size=6144x6144, randless=nil, sequence=65, session=1, since_previous_ms=0, slot=15, source_tiles=nilxnil, tag=PlaceAnomalies_FindDeposits_terr_Concrete, total_ms=17749}
							Lua 0:00:38:649
[Super Big Map][LoadingTiming] STEP END RandomMap procedure: PlaceAnomalies_FindDeposits_terr_Concrete {begin_session=1, destination_tiles=nilxnil, duration_ms=1, environment=Surface, hex_size=615x710, map=BlankTerraceBig_05, map_ref=table: 000001F6D4986240, mapdata_size=6144x6144, ok=true, sequence=66, session=1, since_previous_ms=1, slot=15, source_tiles=nilxnil, tag=PlaceAnomalies_FindDeposits_terr_Concrete, total_ms=17750}
[Super Big Map][LoadingTiming] STEP END RandomMap procedure: PlaceAnomalies_FindDeposits {begin_session=1, destination_tiles=nilxnil, duration_ms=9, environment=Surface, hex_size=615x710, map=BlankTerraceBig_05, map_ref=table: 000001F6D4986240, mapdata_size=6144x6144, ok=true, sequence=67, session=1, since_previous_ms=1, slot=15, source_tiles=nilxnil, tag=PlaceAnomalies_FindDeposits, total_ms=17751}
[Super Big Map][LoadingTiming] STEP BEGIN RandomMap procedure: PlaceAnomalies_FindAnomalies {destination_tiles=nilxnil, environment=Surface, hex_size=615x710, map=BlankTerraceBig_05, map_ref=table: 000001F6D4986240, mapdata_size=6144x6144, randless=true, sequence=68, session=1, since_previous_ms=0, slot=15, source_tiles=nilxnil, tag=PlaceAnomalies_FindAnomalies, total_ms=17751}
[Super Big Map][LoadingTiming] STEP BEGIN RandomMap procedure: PlaceAnomalies_FindAnomalies_TechUnlock {destination_tiles=nilxnil, environment=Surface, hex_size=615x710, map=BlankTerraceBig_05, map_ref=table: 000001F6D4986240, mapdata_size=6144x6144, randless=nil, sequence=69, session=1, since_previous_ms=0, slot=15, source_tiles=nilxnil, tag=PlaceAnomalies_FindAnomalies_TechUnlock, total_ms=17751}
							Lua 0:00:38:651
[Super Big Map][LoadingTiming] STEP END RandomMap procedure: PlaceAnomalies_FindAnomalies_TechUnlock {begin_session=1, destination_tiles=nilxnil, duration_ms=2, environment=Surface, hex_size=615x710, map=BlankTerraceBig_05, map_ref=table: 000001F6D4986240, mapdata_size=6144x6144, ok=true, sequence=70, session=1, since_previous_ms=2, slot=15, source_tiles=nilxnil, tag=PlaceAnomalies_FindAnomalies_TechUnlock, total_ms=17753}
[Super Big Map][LoadingTiming] STEP BEGIN RandomMap procedure: PlaceAnomalies_FindAnomalies_Event {destination_tiles=nilxnil, environment=Surface, hex_size=615x710, map=BlankTerraceBig_05, map_ref=table: 000001F6D4986240, mapdata_size=6144x6144, randless=nil, sequence=71, session=1, since_previous_ms=0, slot=15, source_tiles=nilxnil, tag=PlaceAnomalies_FindAnomalies_Event, total_ms=17753}
							Lua 0:00:38:652
[Super Big Map][LoadingTiming] STEP END RandomMap procedure: PlaceAnomalies_FindAnomalies_Event {begin_session=1, destination_tiles=nilxnil, duration_ms=1, environment=Surface, hex_size=615x710, map=BlankTerraceBig_05, map_ref=table: 000001F6D4986240, mapdata_size=6144x6144, ok=true, sequence=72, session=1, since_previous_ms=1, slot=15, source_tiles=nilxnil, tag=PlaceAnomalies_FindAnomalies_Event, total_ms=17754}
[Super Big Map][LoadingTiming] STEP BEGIN RandomMap procedure: PlaceAnomalies_FindAnomalies_FreeTech {destination_tiles=nilxnil, environment=Surface, hex_size=615x710, map=BlankTerraceBig_05, map_ref=table: 000001F6D4986240, mapdata_size=6144x6144, randless=nil, sequence=73, session=1, since_previous_ms=0, slot=15, source_tiles=nilxnil, tag=PlaceAnomalies_FindAnomalies_FreeTech, total_ms=17754}
							Lua 0:00:38:653
[Super Big Map][LoadingTiming] STEP END RandomMap procedure: PlaceAnomalies_FindAnomalies_FreeTech {begin_session=1, destination_tiles=nilxnil, duration_ms=1, environment=Surface, hex_size=615x710, map=BlankTerraceBig_05, map_ref=table: 000001F6D4986240, mapdata_size=6144x6144, ok=true, sequence=74, session=1, since_previous_ms=1, slot=15, source_tiles=nilxnil, tag=PlaceAnomalies_FindAnomalies_FreeTech, total_ms=17755}
[Super Big Map][LoadingTiming] STEP END RandomMap procedure: PlaceAnomalies_FindAnomalies {begin_session=1, destination_tiles=nilxnil, duration_ms=4, environment=Surface, hex_size=615x710, map=BlankTerraceBig_05, map_ref=table: 000001F6D4986240, mapdata_size=6144x6144, ok=true, sequence=75, session=1, since_previous_ms=0, slot=15, source_tiles=nilxnil, tag=PlaceAnomalies_FindAnomalies, total_ms=17755}
							Lua 0:00:38:654
[Super Big Map][LoadingTiming] STEP BEGIN RandomMap procedure: PlaceAnomalies_FindEffectDeposits {destination_tiles=nilxnil, environment=Surface, hex_size=615x710, map=BlankTerraceBig_05, map_ref=table: 000001F6D4986240, mapdata_size=6144x6144, randless=nil, sequence=76, session=1, since_previous_ms=0, slot=15, source_tiles=nilxnil, tag=PlaceAnomalies_FindEffectDeposits, total_ms=17755}
[Super Big Map][LoadingTiming] STEP END RandomMap procedure: PlaceAnomalies_FindEffectDeposits {begin_session=1, destination_tiles=nilxnil, duration_ms=1, environment=Surface, hex_size=615x710, map=BlankTerraceBig_05, map_ref=table: 000001F6D4986240, mapdata_size=6144x6144, ok=true, sequence=77, session=1, since_previous_ms=1, slot=15, source_tiles=nilxnil, tag=PlaceAnomalies_FindEffectDeposits, total_ms=17756}
[Super Big Map][LoadingTiming] STEP BEGIN RandomMap procedure: PlaceAnomalies_AlignToHexGrid {destination_tiles=nilxnil, environment=Surface, hex_size=615x710, map=BlankTerraceBig_05, map_ref=table: 000001F6D4986240, mapdata_size=6144x6144, randless=true, sequence=78, session=1, since_previous_ms=0, slot=15, source_tiles=nilxnil, tag=PlaceAnomalies_AlignToHexGrid, total_ms=17756}
[Super Big Map][LoadingTiming] STEP END RandomMap procedure: PlaceAnomalies_AlignToHexGrid {begin_session=1, destination_tiles=nilxnil, duration_ms=0, environment=Surface, hex_size=615x710, map=BlankTerraceBig_05, map_ref=table: 000001F6D4986240, mapdata_size=6144x6144, ok=true, sequence=79, session=1, since_previous_ms=0, slot=15, source_tiles=nilxnil, tag=PlaceAnomalies_AlignToHexGrid, total_ms=17756}
[Super Big Map][LoadingTiming] STEP BEGIN RandomMap procedure: PlaceAnomalies_PlaceDeposits {destination_tiles=nilxnil, environment=Surface, hex_size=615x710, map=BlankTerraceBig_05, map_ref=table: 000001F6D4986240, mapdata_size=6144x6144, randless=nil, sequence=80, session=1, since_previous_ms=0, slot=15, source_tiles=nilxnil, tag=PlaceAnomalies_PlaceDeposits, total_ms=17756}
							Lua 0:00:38:685
[Super Big Map][LoadingTiming] STEP END RandomMap procedure: PlaceAnomalies_PlaceDeposits {begin_session=1, destination_tiles=nilxnil, duration_ms=30, environment=Surface, hex_size=615x710, map=BlankTerraceBig_05, map_ref=table: 000001F6D4986240, mapdata_size=6144x6144, ok=true, sequence=81, session=1, since_previous_ms=30, slot=15, source_tiles=nilxnil, tag=PlaceAnomalies_PlaceDeposits, total_ms=17786}
[Super Big Map][LoadingTiming] STEP BEGIN RandomMap procedure: PlaceAnomalies_PlaceBreakthroughAnomalies {destination_tiles=nilxnil, environment=Surface, hex_size=615x710, map=BlankTerraceBig_05, map_ref=table: 000001F6D4986240, mapdata_size=6144x6144, randless=nil, sequence=82, session=1, since_previous_ms=1, slot=15, source_tiles=nilxnil, tag=PlaceAnomalies_PlaceBreakthroughAnomalies, total_ms=17787}
							Lua 0:00:38:686
[Super Big Map][LoadingTiming] STEP END RandomMap procedure: PlaceAnomalies_PlaceBreakthroughAnomalies {begin_session=1, destination_tiles=nilxnil, duration_ms=0, environment=Surface, hex_size=615x710, map=BlankTerraceBig_05, map_ref=table: 000001F6D4986240, mapdata_size=6144x6144, ok=true, sequence=83, session=1, since_previous_ms=0, slot=15, source_tiles=nilxnil, tag=PlaceAnomalies_PlaceBreakthroughAnomalies, total_ms=17787}
[Super Big Map][LoadingTiming] STEP BEGIN RandomMap procedure: PlaceAnomalies_PlaceTechUnlockAnomalies {destination_tiles=nilxnil, environment=Surface, hex_size=615x710, map=BlankTerraceBig_05, map_ref=table: 000001F6D4986240, mapdata_size=6144x6144, randless=nil, sequence=84, session=1, since_previous_ms=1, slot=15, source_tiles=nilxnil, tag=PlaceAnomalies_PlaceTechUnlockAnomalies, total_ms=17788}
							Lua 0:00:38:687
[Super Big Map][LoadingTiming] STEP END RandomMap procedure: PlaceAnomalies_PlaceTechUnlockAnomalies {begin_session=1, destination_tiles=nilxnil, duration_ms=1, environment=Surface, hex_size=615x710, map=BlankTerraceBig_05, map_ref=table: 000001F6D4986240, mapdata_size=6144x6144, ok=true, sequence=85, session=1, since_previous_ms=1, slot=15, source_tiles=nilxnil, tag=PlaceAnomalies_PlaceTechUnlockAnomalies, total_ms=17789}
[Super Big Map][LoadingTiming] STEP BEGIN RandomMap procedure: PlaceAnomalies_PlaceFreeTechAnomalies {destination_tiles=nilxnil, environment=Surface, hex_size=615x710, map=BlankTerraceBig_05, map_ref=table: 000001F6D4986240, mapdata_size=6144x6144, randless=nil, sequence=86, session=1, since_previous_ms=0, slot=15, source_tiles=nilxnil, tag=PlaceAnomalies_PlaceFreeTechAnomalies, total_ms=17789}
[Super Big Map][LoadingTiming] STEP END RandomMap procedure: PlaceAnomalies_PlaceFreeTechAnomalies {begin_session=1, destination_tiles=nilxnil, duration_ms=0, environment=Surface, hex_size=615x710, map=BlankTerraceBig_05, map_ref=table: 000001F6D4986240, mapdata_size=6144x6144, ok=true, sequence=87, session=1, since_previous_ms=0, slot=15, source_tiles=nilxnil, tag=PlaceAnomalies_PlaceFreeTechAnomalies, total_ms=17789}
							Lua 0:00:38:688
[Super Big Map][LoadingTiming] STEP BEGIN RandomMap procedure: PlaceAnomalies_PlaceEventAnomalies {destination_tiles=nilxnil, environment=Surface, hex_size=615x710, map=BlankTerraceBig_05, map_ref=table: 000001F6D4986240, mapdata_size=6144x6144, randless=nil, sequence=88, session=1, since_previous_ms=0, slot=15, source_tiles=nilxnil, tag=PlaceAnomalies_PlaceEventAnomalies, total_ms=17789}
[Super Big Map][LoadingTiming] STEP END RandomMap procedure: PlaceAnomalies_PlaceEventAnomalies {begin_session=1, destination_tiles=nilxnil, duration_ms=1, environment=Surface, hex_size=615x710, map=BlankTerraceBig_05, map_ref=table: 000001F6D4986240, mapdata_size=6144x6144, ok=true, sequence=89, session=1, since_previous_ms=1, slot=15, source_tiles=nilxnil, tag=PlaceAnomalies_PlaceEventAnomalies, total_ms=17790}
							Lua 0:00:38:689
[Super Big Map][LoadingTiming] STEP BEGIN RandomMap procedure: PlaceAnomalies_PlaceEffectDeposits {destination_tiles=nilxnil, environment=Surface, hex_size=615x710, map=BlankTerraceBig_05, map_ref=table: 000001F6D4986240, mapdata_size=6144x6144, randless=nil, sequence=90, session=1, since_previous_ms=0, slot=15, source_tiles=nilxnil, tag=PlaceAnomalies_PlaceEffectDeposits, total_ms=17790}
[Super Big Map][LoadingTiming] STEP END RandomMap procedure: PlaceAnomalies_PlaceEffectDeposits {begin_session=1, destination_tiles=nilxnil, duration_ms=1, environment=Surface, hex_size=615x710, map=BlankTerraceBig_05, map_ref=table: 000001F6D4986240, mapdata_size=6144x6144, ok=true, sequence=91, session=1, since_previous_ms=1, slot=15, source_tiles=nilxnil, tag=PlaceAnomalies_PlaceEffectDeposits, total_ms=17791}
[Super Big Map][LoadingTiming] STEP END RandomMap procedure: PlaceAnomalies {begin_session=1, destination_tiles=nilxnil, duration_ms=161, environment=Surface, hex_size=615x710, map=BlankTerraceBig_05, map_ref=table: 000001F6D4986240, mapdata_size=6144x6144, ok=true, sequence=92, session=1, since_previous_ms=0, slot=15, source_tiles=nilxnil, tag=PlaceAnomalies, total_ms=17791}
[Super Big Map][LoadingTiming] STEP BEGIN RandomMap procedure: PlaceObstructions {destination_tiles=nilxnil, environment=Surface, hex_size=615x710, map=BlankTerraceBig_05, map_ref=table: 000001F6D4986240, mapdata_size=6144x6144, randless=nil, sequence=93, session=1, since_previous_ms=0, slot=15, source_tiles=nilxnil, tag=PlaceObstructions, total_ms=17791}
[Super Big Map][LoadingTiming] STEP END RandomMap procedure: PlaceObstructions {begin_session=1, destination_tiles=nilxnil, duration_ms=0, environment=Surface, hex_size=615x710, map=BlankTerraceBig_05, map_ref=table: 000001F6D4986240, mapdata_size=6144x6144, ok=true, sequence=94, session=1, since_previous_ms=0, slot=15, source_tiles=nilxnil, tag=PlaceObstructions, total_ms=17791}
							Lua 0:00:38:690
[Super Big Map][LoadingTiming] STEP BEGIN RandomMap procedure: ClearLandingZones {destination_tiles=nilxnil, environment=Surface, hex_size=615x710, map=BlankTerraceBig_05, map_ref=table: 000001F6D4986240, mapdata_size=6144x6144, randless=nil, sequence=95, session=1, since_previous_ms=1, slot=15, source_tiles=nilxnil, tag=ClearLandingZones, total_ms=17792}
[Super Big Map][LoadingTiming] STEP END RandomMap procedure: ClearLandingZones {begin_session=1, destination_tiles=nilxnil, duration_ms=0, environment=Surface, hex_size=615x710, map=BlankTerraceBig_05, map_ref=table: 000001F6D4986240, mapdata_size=6144x6144, ok=true, sequence=96, session=1, since_previous_ms=0, slot=15, source_tiles=nilxnil, tag=ClearLandingZones, total_ms=17792}
[Super Big Map][LoadingTiming] STEP END RandomMapGenerator.OnGenerateLogic {begin_session=1, destination_tiles=nilxnil, duration_ms=576, environment=Surface, hex_size=615x710, map=BlankTerraceBig_05, map_ref=table: 000001F6D4986240, mapdata_size=6144x6144, ok=true, sequence=97, session=1, since_previous_ms=0, slot=15, source_tiles=nilxnil, total_ms=17792}
							Lua 0:00:38:701
[Super Big Map][LoadingTiming] STEP captured vanilla native clutter operation {destination_tiles=nilxnil, environment=Surface, error=, grid_cells=none, hex_size=615x710, kind=none, map=BlankTerraceBig_05, map_ref=table: 000001F6D4986240, mapdata_size=6144x6144, sequence=98, session=1, since_previous_ms=10, slot=15, source_tiles=nilxnil, terrain_candidates=global=table: 000001F6D3986DE0 | DoGenerate_env=nil | MapImport_env=nil | MapReset_env=nil | MapExport_env=nil, total_ms=17802, write_sources=global:0, writes=0}
[Super Big Map][LoadingTiming] STEP END vanilla RandomMapGenerator.DoGenerate {begin_session=1, destination_tiles=nilxnil, duration_ms=6265, environment=Surface, hex_size=615x710, map=BlankTerraceBig_05, map_ref=table: 000001F6D4986240, mapdata_size=6144x6144, ok=true, sequence=99, session=1, since_previous_ms=1, slot=15, source_tiles=nilxnil, total_ms=17803}
[Super Big Map][LoadingTiming] STEP native clutter access probe {clutter_tile_size=nil, destination_tiles=nilxnil, environment=Surface, global_terrain=table: 000001F6D3986DE0, grid_names=none, height_tile_size=100, hex_size=615x710, map=BlankTerraceBig_05, map_fields=none, map_import_terrain=false, map_is_current=true, map_ref=table: 000001F6D4986240, map_reset_terrain=false, mapdata_size=6144x6144, refs=editor.map.clutter=nil | orig.map.clutter=nil | editor.map.clutter_density=nil | orig.map.clutter_density=nil | editor.map.grass_density=nil | orig.map.grass_density=nil, samples=origin=nil | center=nil, sequence=100, session=1, since_previous_ms=0, slot=15, source_tiles=nilxnil, stage=temporary source after DoGenerate, total_ms=17803}
[Super Big Map][LoadingTiming] STEP BEGIN refresh temporary source object radius {destination_tiles=nilxnil, environment=Surface, hex_size=615x710, map=BlankTerraceBig_05, map_ref=table: 000001F6D4986240, mapdata_size=6144x6144, sequence=101, session=1, since_previous_ms=0, slot=15, source_tiles=nilxnil, total_ms=17803}
							Lua 0:00:38:720
[Super Big Map][LoadingTiming] STEP END refresh temporary source object radius {begin_session=1, destination_tiles=nilxnil, duration_ms=19, environment=Surface, hex_size=615x710, map=BlankTerraceBig_05, map_ref=table: 000001F6D4986240, mapdata_size=6144x6144, ok=true, sequence=102, session=1, since_previous_ms=19, slot=15, source_tiles=nilxnil, total_ms=17822}
[Super Big Map][LoadingTiming] STEP BEGIN finalize temporary source pass edits {destination_tiles=nilxnil, environment=Surface, hex_size=615x710, map=BlankTerraceBig_05, map_ref=table: 000001F6D4986240, mapdata_size=6144x6144, mode=flush, sequence=103, session=1, since_previous_ms=0, slot=15, source_tiles=nilxnil, total_ms=17822}
							Lua 0:00:40:536
[Super Big Map][LoadingTiming] STEP END finalize temporary source pass edits {begin_session=1, destination_tiles=nilxnil, duration_ms=1816, environment=Surface, hex_size=615x710, map=BlankTerraceBig_05, map_ref=table: 000001F6D4986240, mapdata_size=6144x6144, mode=flushed, ok=true, sequence=104, session=1, since_previous_ms=1816, slot=15, source_tiles=nilxnil, total_ms=19638}
[Super Big Map][LoadingTiming] STEP native surface passage buildable retained {destination_tiles=8192x8192, environment=Surface, height=710, hex_size=820x946, map=BlankTerraceBig_05, map_ref=table: 000001F6D59732C8, mapdata_size=6144x6144, sequence=105, session=1, since_previous_ms=0, slot=1, source_tiles=6144x6144, total_ms=19638, width=615}
							Lua 0:00:40:537
[Super Big Map][UndergroundSeedReservation] RESERVATION {authority_tag=ralph_seed_parity, boundary=fresh_vanilla_twin_test_seam, destination_tiles=8192x8192, environment=Surface, hex_size=820x946, map=BlankTerraceBig_05, map_ref=table: 000001F6D59732C8, mapdata_size=6144x6144, reserved_seed=5144878461829043810, slot=1, source_tiles=6144x6144}
[Super Big Map][LoadingTiming] STEP BEGIN capture native enrichment coordinates {destination_tiles=nilxnil, environment=Surface, hex_size=615x710, map=BlankTerraceBig_05, map_ref=table: 000001F6D4986240, mapdata_size=6144x6144, sequence=106, session=1, since_previous_ms=1, slot=15, source_tiles=nilxnil, total_ms=19639}
							Lua 0:00:40:541
[Super Big Map][LoadingTiming] STEP END capture native enrichment coordinates {begin_session=1, coordinate_count=336, destination_tiles=nilxnil, duration_ms=4, environment=Surface, hex_size=615x710, map=BlankTerraceBig_05, map_ref=table: 000001F6D4986240, mapdata_size=6144x6144, ok=true, sequence=107, session=1, since_previous_ms=4, slot=15, source_tiles=nilxnil, total_ms=19643}
[Super Big Map][LoadingTiming] STEP BEGIN capture native enrichment value records {destination_tiles=nilxnil, environment=Surface, hex_size=615x710, map=BlankTerraceBig_05, map_ref=table: 000001F6D4986240, mapdata_size=6144x6144, sequence=108, session=1, since_previous_ms=0, slot=15, source_tiles=nilxnil, total_ms=19643}
							Lua 0:00:40:620
[Super Big Map][LoadingTiming] STEP END capture native enrichment value records {begin_session=1, destination_tiles=nilxnil, duration_ms=79, environment=Surface, hex_size=615x710, map=BlankTerraceBig_05, map_ref=table: 000001F6D4986240, mapdata_size=6144x6144, ok=true, record_count=336, sequence=109, session=1, since_previous_ms=79, slot=15, source_tiles=nilxnil, total_ms=19722}
[Super Big Map][LoadingTiming] STEP native enrichment records captured {coordinate_count=336, destination_tiles=nilxnil, environment=Surface, hex_size=615x710, map=BlankTerraceBig_05, map_ref=table: 000001F6D4986240, mapdata_size=6144x6144, record_count=336, record_signature=-8726537852232130426, sequence=110, session=1, since_previous_ms=0, slot=15, source_tiles=nilxnil, total_ms=19722}
[Super Big Map][LoadingTiming] STEP BEGIN capture vanilla initial sector {destination_tiles=nilxnil, environment=Surface, hex_size=615x710, map=BlankTerraceBig_05, map_ref=table: 000001F6D4986240, mapdata_size=6144x6144, sequence=111, session=1, since_previous_ms=0, slot=15, source_tiles=nilxnil, total_ms=19722}
							Lua 0:00:40:627
[Super Big Map][LoadingTiming] STEP END capture vanilla initial sector {begin_session=1, destination_tiles=nilxnil, duration_ms=7, environment=Surface, hex_size=615x710, map=BlankTerraceBig_05, map_ref=table: 000001F6D4986240, mapdata_size=6144x6144, ok=true, selection=table: 000001F6DC2E0508, sequence=112, session=1, since_previous_ms=7, slot=15, source_tiles=nilxnil, total_ms=19729}
[Super Big Map][LoadingTiming] STEP vanilla initial sector captured {destination_tiles=nilxnil, environment=Surface, hex_size=615x710, map=BlankTerraceBig_05, map_ref=table: 000001F6D4986240, mapdata_size=6144x6144, selection=table: 000001F6DC2E0508, sequence=113, session=1, since_previous_ms=0, slot=15, source_tiles=nilxnil, total_ms=19729}
[Super Big Map][LoadingTiming] STEP BEGIN switch temporary generator current slot {destination_tiles=8192x8192, environment=Surface, hex_size=820x946, map=BlankTerraceBig_05, map_ref=table: 000001F6D59732C8, mapdata_size=8192x8192, sequence=114, session=1, since_previous_ms=0, slot=1, source_tiles=6144x6144, target_slot=1, total_ms=19729}
							Lua 0:00:40:943
[Super Big Map][LoadingTiming] STEP lifecycle: UndergroundDarknessState {after=0, before=0, destination_tiles=nilxnil, environment=Surface, forced_reveal=false, hex_size=615x710, map=BlankTerraceBig_05, map_ref=table: 000001F6D4986240, mapdata_size=6144x6144, sequence=115, session=1, since_previous_ms=315, slot=15, source_tiles=nilxnil, total_ms=20044}
							Lua 0:00:41:165
[Super Big Map][LoadingTiming] STEP lifecycle: CurrentMapChangeDone {destination_tiles=8192x8192, environment=Surface, hex_size=820x946, map=BlankTerraceBig_05, map_ref=table: 000001F6D59732C8, map_slot=1, mapdata_size=8192x8192, sequence=116, session=1, since_previous_ms=223, slot=1, source_tiles=6144x6144, total_ms=20267}
							Lua 0:00:41:167
[Super Big Map][LoadingTiming] STEP prefab feature game logic correspondence {actual_safari=0, created_safari=0, destination_tiles=8192x8192, environment=Surface, expected_safari=0, hex_size=820x946, map=BlankTerraceBig_05, map_ref=table: 000001F6D59732C8, mapdata_size=8192x8192, markers=0, matched_safari=0, removed_orphan_safari=0, replayed_markers=0, sequence=117, session=1, since_previous_ms=2, slot=1, source_tiles=6144x6144, total_ms=20269}
[Super Big Map][LoadingTiming] STEP lifecycle: UndergroundDarknessState {after=0, before=0, destination_tiles=8192x8192, environment=Surface, forced_reveal=false, hex_size=820x946, map=BlankTerraceBig_05, map_ref=table: 000001F6D59732C8, mapdata_size=8192x8192, sequence=118, session=1, since_previous_ms=0, slot=1, source_tiles=6144x6144, total_ms=20269}
							Lua 0:00:41:185
[Super Big Map][LoadingTiming] STEP lifecycle: UndergroundDarknessState {after=0, before=0, destination_tiles=8192x8192, environment=Surface, forced_reveal=false, hex_size=820x946, map=BlankTerraceBig_05, map_ref=table: 000001F6D59732C8, mapdata_size=8192x8192, sequence=119, session=1, since_previous_ms=18, slot=1, source_tiles=6144x6144, total_ms=20287}
							Lua 0:00:41:282
[Super Big Map][LoadingTiming] STEP END switch temporary generator current slot {begin_session=1, destination_tiles=8192x8192, duration_ms=655, environment=Surface, hex_size=820x946, map=BlankTerraceBig_05, map_ref=table: 000001F6D59732C8, mapdata_size=8192x8192, mode=ChangeCurrentMapSlot, ok=true, sequence=120, session=1, since_previous_ms=97, slot=1, source_tiles=6144x6144, target_slot=1, total_ms=20384}
[Super Big Map][LoadingTiming] PHASE_END Generating the exact vanilla source terrain... {destination_tiles=8192x8192, duration_ms=13003, environment=Surface, hex_size=820x946, map=BlankTerraceBig_05, map_ref=table: 000001F6D59732C8, mapdata_size=8192x8192, ok=true, sequence=121, session=1, slot=1, source_tiles=6144x6144, total_ms=20384}
[Super Big Map][LoadingTiming] PHASE_BEGIN Migrating the vanilla source into the expanded terrain... {destination_tiles=8192x8192, environment=Surface, hex_size=820x946, map=BlankTerraceBig_05, map_ref=table: 000001F6D59732C8, mapdata_size=8192x8192, sequence=122, session=1, slot=1, source_tiles=6144x6144, total_ms=20384}
[Super Big Map][LoadingTiming] STEP BEGIN stretch temporary source terrain directly to destination {destination_tiles=8192x8192, environment=Surface, hex_size=820x946, map=BlankTerraceBig_05, map_ref=table: 000001F6D59732C8, mapdata_size=8192x8192, sequence=123, session=1, since_previous_ms=0, slot=1, source_tiles=6144x6144, total_ms=20384}
							Lua 0:00:41:283
[Super Big Map][LoadingTiming] STEP BEGIN terrain grid stretch: height {destination_tiles=8192x8192, environment=Surface, hex_size=820x946, interpolate=true, map=BlankTerraceBig_05, map_ref=table: 000001F6D59732C8, mapdata_size=8192x8192, scale_values=true, sequence=124, session=1, since_previous_ms=0, slot=1, source_tiles=6144x6144, total_ms=20384}
							Lua 0:00:41:577
[Super Big Map][TerrainCreaseRepair] SOURCE_SKIPPED {bottom_tracks=71, candidates=327, destination_tiles=8192x8192, edge_margin=614, environment=Surface, hex_size=820x946, left_tracks=82, map=BlankTerraceBig_05, map_ref=table: 000001F6D59732C8, mapdata_size=8192x8192, max=52109, min=3791, outer_guard=6, reason=no edge-facing outer-ring step, right_tracks=107, slot=1, source_tiles=6144x6144, threshold=128, top_tracks=67}
							Lua 0:00:44:374
[Super Big Map][TerrainCreaseRepair] DESTINATION_SKIPPED {bottom_tracks=149, candidates=788, destination_tiles=8192x8192, edge_margin=42, environment=Surface, hex_size=820x946, left_tracks=228, map=BlankTerraceBig_05, map_ref=table: 000001F6D59732C8, mapdata_size=8192x8192, max=52105, min=3809, outer_guard=8, reason=no edge-facing outer-ring step, right_tracks=207, slot=1, source_tiles=6144x6144, threshold=256, top_tracks=204}
							Lua 0:00:44:511
[Super Big Map][LoadingTiming] STEP terrain height similarity transform {destination_tiles=8192x8192, environment=Surface, final_max=65419, final_min=1024, hex_size=820x946, map=BlankTerraceBig_05, map_ref=table: 000001F6D59732C8, mapdata_size=8192x8192, projected_max=65424, sequence=125, session=1, since_previous_ms=3229, slot=1, source_min=3791, source_tiles=6144x6144, terrain_max=52109, total_ms=23613, uniform_applied=true, uniform_required=false, whole_map_normalized=false, xy_scale_div=6144, xy_scale_mul=8192, z_scale_add=-4054, z_scale_div=6144, z_scale_mul=8192}
							Lua 0:00:47:589
[Super Big Map][LoadingTiming] STEP natural mountain-base buildable aprons {candidates=108, considered=9216, created=64, destination_tiles=8192x8192, environment=Surface, error=, hex_size=820x946, map=BlankTerraceBig_05, map_ref=table: 000001F6D59732C8, mapdata_size=8192x8192, modified=1572499, reason=reserved, relief_rejections=145, ring_sectors=2, sequence=126, session=1, shaped=41, since_previous_ms=3078, slope_rejections=6555, slot=1, source_tiles=6144x6144, total_ms=26691, unchanged=23}
							Lua 0:00:47:622
[Super Big Map][LoadingTiming] STEP END terrain grid stretch: height {begin_session=1, destination_tiles=8192x8192, duration_ms=6340, environment=Surface, error=, extraction_path=direct_source_compute, full_cells=8192x8192, hex_size=820x946, internal_step_modified=0, internal_step_repair=no edge-facing outer-ring step; no edge-facing outer-ring step, internal_step_rows=0, map=BlankTerraceBig_05, map_ref=table: 000001F6D59732C8, mapdata_size=8192x8192, ok=true, sequence=127, session=1, since_previous_ms=33, slot=1, source_tiles=6144x6144, total_ms=26724}
[Super Big Map][LoadingTiming] STEP BEGIN terrain grid stretch: type {destination_tiles=8192x8192, environment=Surface, hex_size=820x946, interpolate=false, map=BlankTerraceBig_05, map_ref=table: 000001F6D59732C8, mapdata_size=8192x8192, scale_values=false, sequence=128, session=1, since_previous_ms=0, slot=1, source_tiles=6144x6144, total_ms=26724}
							Lua 0:00:48:231
[Super Big Map][LoadingTiming] STEP END terrain grid stretch: type {begin_session=1, destination_tiles=8192x8192, duration_ms=608, environment=Surface, error=, extraction_path=direct_source_compute, full_cells=8192x8192, hex_size=820x946, internal_step_modified=0, internal_step_repair=not requested, internal_step_rows=0, map=BlankTerraceBig_05, map_ref=table: 000001F6D59732C8, mapdata_size=8192x8192, ok=true, sequence=129, session=1, since_previous_ms=609, slot=1, source_tiles=6144x6144, total_ms=27333}
[Super Big Map][LoadingTiming] STEP BEGIN terrain clutter grid stretch {destination_tiles=8192x8192, direct_source=true, environment=Surface, hex_size=820x946, map=BlankTerraceBig_05, map_ref=table: 000001F6D59732C8, mapdata_size=8192x8192, sequence=130, session=1, since_previous_ms=0, slot=1, source_tiles=6144x6144, total_ms=27333}
[Super Big Map][LoadingTiming] STEP ERROR terrain clutter grid stretch {begin_session=1, destination_alias=none, destination_tiles=8192x8192, duration_ms=0, environment=Surface, error=captured/native clutter source unavailable, hex_size=820x946, map=BlankTerraceBig_05, map_ref=table: 000001F6D59732C8, mapdata_size=8192x8192, ok=false, sequence=131, session=1, since_previous_ms=0, slot=1, source_alias=none, source_tiles=6144x6144, total_ms=27333}
[Super Big Map][LoadingTiming] STEP direct source terrain grid suite complete {clutter=false, completed_grids=2, destination_tiles=8192x8192, environment=Surface, hex_size=820x946, map=BlankTerraceBig_05, map_ref=table: 000001F6D59732C8, mapdata_size=8192x8192, sequence=132, session=1, since_previous_ms=0, slot=1, source_tiles=6144x6144, total_ms=27333}
[Super Big Map][LoadingTiming] STEP END stretch temporary source terrain directly to destination {begin_session=1, completed_grids=2, destination_tiles=8192x8192, duration_ms=6949, environment=Surface, error=, hex_size=820x946, map=BlankTerraceBig_05, map_ref=table: 000001F6D59732C8, mapdata_size=8192x8192, ok=true, sequence=133, session=1, since_previous_ms=0, slot=1, source_tiles=6144x6144, total_ms=27333}
							Lua 0:00:48:232
[Super Big Map][LoadingTiming] STEP BEGIN copy generated map state {destination_tiles=8192x8192, environment=Surface, hex_size=820x946, map=BlankTerraceBig_05, map_ref=table: 000001F6D59732C8, mapdata_size=8192x8192, sequence=134, session=1, since_previous_ms=0, slot=1, source_tiles=6144x6144, total_ms=27333}
[Super Big Map][LoadingTiming] STEP END copy generated map state {begin_session=1, destination_tiles=8192x8192, duration_ms=1, environment=Surface, hex_size=820x946, map=BlankTerraceBig_05, map_ref=table: 000001F6D59732C8, mapdata_size=8192x8192, ok=true, sequence=135, session=1, since_previous_ms=1, slot=1, source_tiles=6144x6144, total_ms=27334}
[Super Big Map][LoadingTiming] STEP native enrichment records staged on destination {destination_tiles=8192x8192, environment=Surface, hex_size=820x946, map=BlankTerraceBig_05, map_ref=table: 000001F6D59732C8, mapdata_size=8192x8192, record_count=336, sequence=136, session=1, since_previous_ms=0, slot=1, source_tiles=6144x6144, total_ms=27334}
[Super Big Map][LoadingTiming] STEP BEGIN transfer generated non-enrichment objects {destination_tiles=8192x8192, environment=Surface, hex_size=820x946, map=BlankTerraceBig_05, map_ref=table: 000001F6D59732C8, mapdata_size=8192x8192, sequence=137, session=1, since_previous_ms=0, slot=1, source_tiles=6144x6144, total_ms=27334}
							Lua 0:00:49:614
[Super Big Map][LoadingTiming] STEP END transfer generated non-enrichment objects {begin_session=1, destination_tiles=8192x8192, duration_ms=1382, environment=Surface, hex_size=820x946, map=BlankTerraceBig_05, map_ref=table: 000001F6D59732C8, mapdata_size=8192x8192, ok=true, sequence=138, session=1, since_previous_ms=1382, slot=1, source_tiles=6144x6144, total_ms=28716, transferred=16314}
							Lua 0:00:49:615
[Super Big Map][LoadingTiming] STEP BEGIN capture transferred decor relief from temporary terrain {destination_tiles=8192x8192, environment=Surface, hex_size=820x946, map=BlankTerraceBig_05, map_ref=table: 000001F6D59732C8, mapdata_size=8192x8192, sequence=139, session=1, since_previous_ms=0, slot=1, source_tiles=6144x6144, total_ms=28716}
							Lua 0:00:52:470
[Super Big Map][LoadingTiming] STEP decoration relief capture complete {audit_candidates=0, destination_tiles=8192x8192, eligible=16249, environment=Surface, explicit_z=4858, height_failures=0, hex_size=820x946, map=BlankTerraceBig_05, map_ref=table: 000001F6D59732C8, mapdata_size=8192x8192, max_abs_relief=7563, out_of_box_despawned=0, out_of_box_stamped=350, scanned=16700, sequence=140, session=1, since_previous_ms=2856, slot=1, source_tiles=6144x6144, terrain_glued=11391, terrain_source_is_destination=false, total_ms=31572}
							Lua 0:00:52:471
[Super Big Map][LoadingTiming] STEP END capture transferred decor relief from temporary terrain {begin_session=1, destination_tiles=8192x8192, duration_ms=2856, environment=Surface, hex_size=820x946, map=BlankTerraceBig_05, map_ref=table: 000001F6D59732C8, mapdata_size=8192x8192, ok=true, sequence=141, session=1, since_previous_ms=0, slot=1, source_tiles=6144x6144, total_ms=31572}
[Super Big Map][LoadingTiming] STEP BEGIN rebuild destination grids after source migration {destination_tiles=8192x8192, environment=Surface, hex_size=820x946, map=BlankTerraceBig_05, map_ref=table: 000001F6D59732C8, mapdata_size=8192x8192, sequence=142, session=1, since_previous_ms=1, slot=1, source_tiles=6144x6144, total_ms=31573}
[Super Big Map][LoadingTiming] STEP END rebuild destination grids after source migration {begin_session=1, destination_tiles=8192x8192, duration_ms=0, environment=Surface, hex_size=820x946, map=BlankTerraceBig_05, map_ref=table: 000001F6D59732C8, mapdata_size=8192x8192, ok=true, sequence=143, session=1, since_previous_ms=0, slot=1, source_tiles=6144x6144, total_ms=31573}
[Super Big Map][LoadingTiming] STEP temporary vanilla backing retained for the passage passability bridge {destination_tiles=8192x8192, environment=Surface, hex_size=820x946, map=BlankTerraceBig_05, map_ref=table: 000001F6D59732C8, mapdata_size=8192x8192, pass_edits_deferred=false, sequence=144, session=1, since_previous_ms=0, slot=1, source_slot=15, source_tiles=6144x6144, total_ms=31573}
							Lua 0:00:52:478
[Super Big Map][LoadingTiming] STEP staged enrichment records survived source unload {destination_tiles=8192x8192, environment=Surface, hex_size=820x946, map=BlankTerraceBig_05, map_ref=table: 000001F6D59732C8, mapdata_size=8192x8192, record_count=336, sequence=145, session=1, since_previous_ms=7, slot=1, source_tiles=6144x6144, total_ms=31580, verified=true}
							Lua 0:00:52:479
[Super Big Map][LoadingTiming] PHASE_END Migrating the vanilla source into the expanded terrain... {destination_tiles=8192x8192, duration_ms=11197, environment=Surface, hex_size=820x946, map=BlankTerraceBig_05, map_ref=table: 000001F6D59732C8, mapdata_size=8192x8192, ok=true, sequence=146, session=1, slot=1, source_tiles=6144x6144, total_ms=31581}
							Lua 0:00:52:480
[Super Big Map][LoadingTiming] PHASE_BEGIN Finishing the expanded map... {destination_tiles=8192x8192, environment=Surface, hex_size=820x946, map=BlankTerraceBig_05, map_ref=table: 000001F6D59732C8, mapdata_size=8192x8192, sequence=147, session=1, slot=1, source_tiles=6144x6144, total_ms=31581}
[Super Big Map][LoadingTiming] STEP temporary source transaction complete {destination_tiles=8192x8192, environment=Surface, hex_size=820x946, map=BlankTerraceBig_05, map_ref=table: 000001F6D59732C8, mapdata_size=8192x8192, sequence=148, session=1, since_previous_ms=1, slot=1, source_tiles=6144x6144, total_ms=31582}
							Lua 0:00:56:918
[Super Big Map][LoadingTiming] STEP lifecycle: MapGenerated {destination_tiles=8192x8192, environment=Surface, hex_size=820x946, map=BlankTerraceBig_05, map_ref=table: 000001F6D59732C8, mapdata_size=8192x8192, mod_map=true, sequence=149, session=1, since_previous_ms=4438, slot=1, source_tiles=6144x6144, total_ms=36020}
							Lua 0:00:57:149
[Super Big Map][LoadingTiming] STEP prefab feature game logic correspondence {actual_safari=78, created_safari=78, destination_tiles=8192x8192, environment=Surface, expected_safari=78, hex_size=820x946, map=BlankTerraceBig_05, map_ref=table: 000001F6D59732C8, mapdata_size=8192x8192, markers=174, matched_safari=0, removed_orphan_safari=0, replayed_markers=174, sequence=150, session=1, since_previous_ms=230, slot=1, source_tiles=6144x6144, total_ms=36250}
[Super Big Map][LoadingTiming] STEP lifecycle: UndergroundDarknessState {after=0, before=0, destination_tiles=8192x8192, environment=Surface, forced_reveal=false, hex_size=820x946, map=BlankTerraceBig_05, map_ref=table: 000001F6D59732C8, mapdata_size=8192x8192, sequence=151, session=1, since_previous_ms=1, slot=1, source_tiles=6144x6144, total_ms=36251}
							Lua 0:00:57:172
[Super Big Map][LoadingTiming] STEP lifecycle: UndergroundDarknessState {after=0, before=0, destination_tiles=8192x8192, environment=Surface, forced_reveal=false, hex_size=820x946, map=BlankTerraceBig_05, map_ref=table: 000001F6D59732C8, mapdata_size=8192x8192, sequence=152, session=1, since_previous_ms=23, slot=1, source_tiles=6144x6144, total_ms=36274}
							Lua 0:00:57:173
[Super Big Map][UndergroundSeedReservation] CONSUMER {boundary=fresh_vanilla_twin_test_seam, consumer_seed=5144878461829043810, consumer_status=pending_injected, destination_tiles=8192x8192, environment=Surface, fill_ok=true, hex_size=820x946, map=BlankTerraceBig_05, map_ref=table: 000001F6D59732C8, mapdata_size=8192x8192, reserved_seed=5144878461829043810, seeded_params_seed=5144878461829043810, slot=1, source_tiles=6144x6144}
							Lua 0:00:57:174
[Super Big Map][LoadingTiming] STEP session continues: expanded map allocation {destination_tiles=8192x8192, environment=Underground, hex_size=nilxnil, map=BlankUnderground_03, map_name=BlankUnderground_03, map_ref=table: 000001F6E17EB358, map_slot=2, mapdata_size=8192x8192, sequence=153, session=1, since_previous_ms=2, slot=nil, source_tiles=6144x6144, total_ms=36276}
[Super Big Map][LoadingTiming] STEP lifecycle: NewMapObject {destination_tiles=8192x8192, environment=Underground, hex_size=nilxnil, map=BlankUnderground_03, map_ref=table: 000001F6E17EB358, mapdata_size=8192x8192, sequence=154, session=1, since_previous_ms=0, slot=2, source_tiles=6144x6144, total_ms=36276}
							Lua 0:00:57:203
[DebugAdapter] New connection to DebugAddapter 127.0.0.1:64481
							Lua 0:00:58:462
Map::Init: 0.22000 ms
Map::Load: 259.01001 ms
CreateMap: 259.17001 ms
							Lua 0:00:58:463
[Super Big Map][LoadingTiming] STEP lifecycle: PreNewMap {destination_tiles=8192x8192, environment=Underground, hex_size=nilxnil, map=BlankUnderground_03, map_ref=table: 000001F6E17EB358, mapdata=table: 000001F6E17EB280, mapdata_size=8192x8192, sequence=155, session=1, since_previous_ms=1289, slot=2, source_tiles=6144x6144, total_ms=37565}
							Lua 0:00:58:744
Buildable grid ready: 1/8 valid zones.
							Lua 0:00:58:753
[Super Big Map][LoadingTiming] STEP lifecycle: NewMap {destination_tiles=8192x8192, environment=Underground, hex_size=820x946, map=BlankUnderground_03, map_ref=table: 000001F6E17EB358, mapdata=table: 000001F6E17EB280, mapdata_size=8192x8192, sequence=156, session=1, since_previous_ms=289, slot=2, source_tiles=6144x6144, total_ms=37854}
							Lua 0:00:58:754
[Super Big Map][LoadingTiming] STEP prefab feature game logic correspondence {actual_safari=0, created_safari=0, destination_tiles=8192x8192, environment=Underground, expected_safari=0, hex_size=820x946, map=BlankUnderground_03, map_ref=table: 000001F6E17EB358, mapdata_size=8192x8192, markers=0, matched_safari=0, removed_orphan_safari=0, replayed_markers=0, sequence=157, session=1, since_previous_ms=2, slot=2, source_tiles=6144x6144, total_ms=37856}
							Lua 0:00:59:035
Buildable grid ready: 1/8 valid zones.
							Lua 0:00:59:036
[Super Big Map][LoadingTiming] STEP lifecycle: UndergroundDarknessState {after=90, before=0, destination_tiles=8192x8192, environment=Underground, forced_reveal=false, hex_size=820x946, map=BlankUnderground_03, map_ref=table: 000001F6E17EB358, mapdata_size=8192x8192, sequence=158, session=1, since_previous_ms=281, slot=2, source_tiles=6144x6144, total_ms=38137}
							Lua 0:00:59:042
MapLoadRandom:  4969760937252607587 
							Lua 0:00:59:131
[Super Big Map][LoadingTiming] STEP lifecycle: NewMapLoaded {destination_tiles=8192x8192, environment=Underground, hex_size=820x946, map=BlankUnderground_03, map_ref=table: 000001F6E17EB358, mapdata=table: 000001F6E17EB280, mapdata_size=8192x8192, sequence=159, session=1, since_previous_ms=96, slot=2, source_tiles=6144x6144, total_ms=38233}
							Lua 0:00:59:132
[Super Big Map][LoadingTiming] STEP prefab feature game logic correspondence {actual_safari=0, created_safari=0, destination_tiles=8192x8192, environment=Underground, expected_safari=0, hex_size=820x946, map=BlankUnderground_03, map_ref=table: 000001F6E17EB358, mapdata_size=8192x8192, markers=0, matched_safari=0, removed_orphan_safari=0, replayed_markers=0, sequence=160, session=1, since_previous_ms=1, slot=2, source_tiles=6144x6144, total_ms=38234}
							Lua 0:00:59:133
[Super Big Map][LoadingTiming] STEP lifecycle: UndergroundDarknessState {after=90, before=90, destination_tiles=8192x8192, environment=Underground, forced_reveal=false, hex_size=820x946, map=BlankUnderground_03, map_ref=table: 000001F6E17EB358, mapdata_size=8192x8192, sequence=161, session=1, since_previous_ms=1, slot=2, source_tiles=6144x6144, total_ms=38235}
							Lua 0:01:03:731
[Super Big Map][LoadingTiming] STEP lifecycle: PostNewMapLoaded {destination_tiles=8192x8192, environment=Underground, hex_size=820x946, map=BlankUnderground_03, map_ref=table: 000001F6E17EB358, mapdata=table: 000001F6E17EB280, mapdata_size=8192x8192, sequence=162, session=1, since_previous_ms=4598, slot=2, source_tiles=6144x6144, total_ms=42833}
							Lua 0:01:03:733
[Super Big Map][LoadingTiming] STEP prefab feature game logic correspondence {actual_safari=0, created_safari=0, destination_tiles=8192x8192, environment=Underground, expected_safari=0, hex_size=820x946, map=BlankUnderground_03, map_ref=table: 000001F6E17EB358, mapdata_size=8192x8192, markers=0, matched_safari=0, removed_orphan_safari=0, replayed_markers=0, sequence=163, session=1, since_previous_ms=1, slot=2, source_tiles=6144x6144, total_ms=42834}
[Super Big Map][LoadingTiming] STEP lifecycle: UndergroundDarknessState {after=90, before=90, destination_tiles=8192x8192, environment=Underground, forced_reveal=false, hex_size=820x946, map=BlankUnderground_03, map_ref=table: 000001F6E17EB358, mapdata_size=8192x8192, sequence=164, session=1, since_previous_ms=1, slot=2, source_tiles=6144x6144, total_ms=42835}
							Lua 0:01:03:750
Map (slot 2) changed to "BlankUnderground_03" in 6577 ms.
[Super Big Map][LoadingTiming] STEP session continues: RandomMapGenerator.DoGenerate {destination_tiles=8192x8192, environment=Underground, expansion_pending=true, hex_size=820x946, map=BlankUnderground_03, map_ref=table: 000001F6E17EB358, mapdata_size=8192x8192, sequence=165, session=1, since_previous_ms=17, slot=2, source_tiles=6144x6144, total_ms=42852, vanilla_source_migration=false}
							Lua 0:01:03:751
[Super Big Map][LoadingTiming] STEP attempt exact temporary-source transaction {destination_tiles=8192x8192, environment=Underground, generator_limit_tiles=6144, hex_size=820x946, map=BlankUnderground_03, map_ref=table: 000001F6E17EB358, map_tiles=8192x8192, mapdata_size=8192x8192, sequence=166, session=1, since_previous_ms=1, slot=2, source_tiles=6144x6144, total_ms=42853}
							Lua 0:01:04:599
Buildable grid ready: 72/5174 valid zones.
[Super Big Map][LoadingTiming] STEP surface passage pairing grid ready {created=false, destination_tiles=8192x8192, environment=Surface, hex_size=820x946, map=BlankTerraceBig_05, map_ref=table: 000001F6D59732C8, mapdata_size=8192x8192, sequence=167, session=1, since_previous_ms=848, slot=1, source_tiles=6144x6144, total_ms=43701}
[Super Big Map][LoadingTiming] STEP BEGIN source-view RandomMapGenerator.DoGenerate on expanded backing {destination_tiles=8192x8192, environment=Underground, hex_size=615x710, map=BlankUnderground_03, map_ref=table: 000001F6E17EB358, mapdata_size=6144x6144, sequence=168, session=1, since_previous_ms=0, slot=2, source_tiles=6144x6144, total_ms=43701}
							Lua 0:01:04:600
[Super Big Map][LoadingTiming] STEP native clutter access probe {clutter_tile_size=nil, destination_tiles=8192x8192, environment=Underground, global_terrain=table: 000001F6D3986DE0, grid_names=none, height_tile_size=100, hex_size=615x710, map=BlankUnderground_03, map_fields=none, map_import_terrain=false, map_is_current=false, map_ref=table: 000001F6E17EB358, map_reset_terrain=false, mapdata_size=6144x6144, refs=editor.map.clutter=nil | orig.map.clutter=nil | editor.map.clutter_density=nil | orig.map.clutter_density=nil | editor.map.grass_density=nil | orig.map.grass_density=nil, samples=not-current-or-unavailable, sequence=169, session=1, since_previous_ms=0, slot=2, source_tiles=6144x6144, stage=expanded backing before underground DoGenerate, total_ms=43701}
							Lua 0:01:10:056
[DebugAdapter] Connection lost to 127.0.0.1:64481 
							Lua 0:01:11:717
[Super Big Map][LoadingTiming] STEP BEGIN RandomMapGenerator.OnGenerateLogic {destination_tiles=8192x8192, environment=Underground, hex_size=615x710, map=BlankUnderground_03, map_ref=table: 000001F6E17EB358, mapdata_size=6144x6144, sequence=170, session=1, since_previous_ms=7118, slot=2, source_tiles=6144x6144, total_ms=50819}
[Super Big Map][LoadingTiming] STEP BEGIN RandomMap procedure: ResolveBuildable {destination_tiles=8192x8192, environment=Underground, hex_size=615x710, map=BlankUnderground_03, map_ref=table: 000001F6E17EB358, mapdata_size=6144x6144, randless=nil, sequence=171, session=1, since_previous_ms=0, slot=2, source_tiles=6144x6144, tag=ResolveBuildable, total_ms=50819}
							Lua 0:01:11:897
Buildable grid ready: 1/8 valid zones.
							Lua 0:01:12:661
[Super Big Map][LoadingTiming] STEP END RandomMap procedure: ResolveBuildable {begin_session=1, destination_tiles=8192x8192, duration_ms=944, environment=Underground, hex_size=615x710, map=BlankUnderground_03, map_ref=table: 000001F6E17EB358, mapdata_size=6144x6144, ok=true, sequence=172, session=1, since_previous_ms=944, slot=2, source_tiles=6144x6144, tag=ResolveBuildable, total_ms=51763}
[Super Big Map][LoadingTiming] STEP BEGIN RandomMap procedure: PlaceColdAreas {destination_tiles=8192x8192, environment=Underground, hex_size=615x710, map=BlankUnderground_03, map_ref=table: 000001F6E17EB358, mapdata_size=6144x6144, randless=nil, sequence=173, session=1, since_previous_ms=0, slot=2, source_tiles=6144x6144, tag=PlaceColdAreas, total_ms=51763}
							Lua 0:01:12:662
[Super Big Map][LoadingTiming] STEP END RandomMap procedure: PlaceColdAreas {begin_session=1, destination_tiles=8192x8192, duration_ms=0, environment=Underground, hex_size=615x710, map=BlankUnderground_03, map_ref=table: 000001F6E17EB358, mapdata_size=6144x6144, ok=true, sequence=174, session=1, since_previous_ms=0, slot=2, source_tiles=6144x6144, tag=PlaceColdAreas, total_ms=51763}
[Super Big Map][LoadingTiming] STEP BEGIN deferred underground passage bootstrap {destination_tiles=8192x8192, environment=Underground, hex_size=615x710, map=BlankUnderground_03, map_ref=table: 000001F6E17EB358, mapdata_size=6144x6144, sequence=175, session=1, since_previous_ms=1, slot=2, source_tiles=6144x6144, total_ms=51764}
							Lua 0:01:12:669
[Super Big Map][LoadingTiming] STEP underground buried wonder source vertical geometry {class=CaveOfWonders, destination_tiles=8192x8192, entity=WonderCrystalCave, environment=Underground, flatten_shape_hexes=572, hex_size=615x710, map=BlankUnderground_03, map_ref=table: 000001F6E17EB358, mapdata_size=6144x6144, marker_scale=100, sequence=176, session=1, since_previous_ms=7, slot=2, source_flatten_z=10000, source_tiles=6144x6144, total_ms=51771}
							Lua 0:01:12:938
[Super Big Map][LoadingTiming] STEP underground buried wonder source vertical geometry {class=AncientArtifact, destination_tiles=8192x8192, entity=WonderAncientArtifact, environment=Underground, flatten_shape_hexes=1283, hex_size=615x710, map=BlankUnderground_03, map_ref=table: 000001F6E17EB358, mapdata_size=6144x6144, marker_scale=100, sequence=177, session=1, since_previous_ms=269, slot=2, source_flatten_z=10000, source_tiles=6144x6144, total_ms=52040}
							Lua 0:01:13:048
[Super Big Map][LoadingTiming] STEP native underground wonder footprint cleared {class=CaveOfWonders, clearance_mode=native_vanilla_flatten_shape, destination_tiles=8192x8192, environment=Underground, flatten_z=10000, hex_size=615x710, map=BlankUnderground_03, map_ref=table: 000001F6E17EB358, mapdata_size=6144x6144, sequence=178, session=1, since_previous_ms=109, slot=2, source_tiles=6144x6144, total_ms=52149}
							Lua 0:01:13:519
[Super Big Map][LoadingTiming] STEP native underground wonder footprint cleared {class=AncientArtifact, clearance_mode=native_vanilla_flatten_shape, destination_tiles=8192x8192, environment=Underground, flatten_z=10000, hex_size=615x710, map=BlankUnderground_03, map_ref=table: 000001F6E17EB358, mapdata_size=6144x6144, sequence=179, session=1, since_previous_ms=472, slot=2, source_tiles=6144x6144, total_ms=52621}
							Lua 0:01:13:675
[Super Big Map][LoadingTiming] STEP native surface passage buildable bridge installed {destination_tiles=8192x8192, environment=Surface, expanded_height=946, expanded_width=820, hex_size=820x946, map=BlankTerraceBig_05, map_ref=table: 000001F6D59732C8, mapdata_size=8192x8192, sequence=180, session=1, since_previous_ms=156, slot=1, source_height=710, source_tiles=6144x6144, source_width=615, total_ms=52777}
[Super Big Map][LoadingTiming] STEP native surface passage fallback radius pinned to the source extent {destination_tiles=8192x8192, environment=Surface, expanded_height=819200, expanded_width=819200, hex_size=820x946, map=BlankTerraceBig_05, map_ref=table: 000001F6D59732C8, mapdata_size=8192x8192, max_radius=307200, sequence=181, session=1, since_previous_ms=0, slot=1, source_height=614400, source_tiles=6144x6144, source_width=614400, total_ms=52777}
[Super Big Map][LoadingTiming] STEP native surface passage passability bridged to the retained source map {destination_tiles=8192x8192, environment=Surface, hex_size=820x946, map=BlankTerraceBig_05, map_ref=table: 000001F6D59732C8, mapdata_size=8192x8192, sequence=182, session=1, since_previous_ms=0, slot=1, source_slot=15, source_tiles=6144x6144, total_ms=52777}
							Lua 0:01:13:751
[Super Big Map][LoadingTiming] STEP BEGIN unload retained vanilla source backing {destination_tiles=8192x8192, environment=Surface, hex_size=820x946, map=BlankTerraceBig_05, map_ref=table: 000001F6D59732C8, mapdata_size=8192x8192, reason=passage bootstrap selection window closed, sequence=183, session=1, since_previous_ms=75, slot=1, source_slot=15, source_tiles=6144x6144, total_ms=52852}
							Lua 0:01:14:060
Map::Done: 0.48000 ms
							Lua 0:01:14:074
[Super Big Map][LoadingTiming] STEP END unload retained vanilla source backing {begin_session=1, destination_tiles=8192x8192, duration_ms=324, environment=Surface, error=nil, hex_size=820x946, map=BlankTerraceBig_05, map_ref=table: 000001F6D59732C8, mapdata_size=8192x8192, ok=true, sequence=184, session=1, since_previous_ms=324, slot=1, source_tiles=6144x6144, total_ms=53176}
							Lua 0:01:14:360
[Super Big Map][LoadingTiming] STEP END deferred underground passage bootstrap {begin_session=1, destination_tiles=8192x8192, duration_ms=1698, environment=Underground, hex_size=615x710, map=BlankUnderground_03, map_ref=table: 000001F6E17EB358, mapdata_size=6144x6144, ok=true, passages=2, planned_pairs=2, sequence=185, session=1, since_previous_ms=286, slot=2, source_tiles=6144x6144, total_ms=53462, wonders_deferred=2}
[Super Big Map][LoadingTiming] STEP BEGIN RandomMap procedure: PlaceAnomalies {destination_tiles=8192x8192, environment=Underground, hex_size=615x710, map=BlankUnderground_03, map_ref=table: 000001F6E17EB358, mapdata_size=6144x6144, randless=nil, sequence=186, session=1, since_previous_ms=0, slot=2, source_tiles=6144x6144, tag=PlaceAnomalies, total_ms=53462}
							Lua 0:01:14:365
[Super Big Map][LoadingTiming] STEP BEGIN RandomMap procedure: PlaceAnomalies_FindFeatures {destination_tiles=8192x8192, environment=Underground, hex_size=615x710, map=BlankUnderground_03, map_ref=table: 000001F6E17EB358, mapdata_size=6144x6144, randless=true, sequence=187, session=1, since_previous_ms=5, slot=2, source_tiles=6144x6144, tag=PlaceAnomalies_FindFeatures, total_ms=53467}
[Super Big Map][LoadingTiming] STEP BEGIN RandomMap procedure: PlaceAnomalies_FindFeatures_RepulseDeposits {destination_tiles=8192x8192, environment=Underground, hex_size=615x710, map=BlankUnderground_03, map_ref=table: 000001F6E17EB358, mapdata_size=6144x6144, randless=nil, sequence=188, session=1, since_previous_ms=0, slot=2, source_tiles=6144x6144, tag=PlaceAnomalies_FindFeatures_RepulseDeposits, total_ms=53467}
							Lua 0:01:14:366
[Super Big Map][LoadingTiming] STEP END RandomMap procedure: PlaceAnomalies_FindFeatures_RepulseDeposits {begin_session=1, destination_tiles=8192x8192, duration_ms=0, environment=Underground, hex_size=615x710, map=BlankUnderground_03, map_ref=table: 000001F6E17EB358, mapdata_size=6144x6144, ok=true, sequence=189, session=1, since_previous_ms=0, slot=2, source_tiles=6144x6144, tag=PlaceAnomalies_FindFeatures_RepulseDeposits, total_ms=53467}
[Super Big Map][LoadingTiming] STEP BEGIN RandomMap procedure: PlaceAnomalies_FindFeatures_Deposits {destination_tiles=8192x8192, environment=Underground, hex_size=615x710, map=BlankUnderground_03, map_ref=table: 000001F6E17EB358, mapdata_size=6144x6144, randless=nil, sequence=190, session=1, since_previous_ms=1, slot=2, source_tiles=6144x6144, tag=PlaceAnomalies_FindFeatures_Deposits, total_ms=53468}
[Super Big Map][LoadingTiming] STEP END RandomMap procedure: PlaceAnomalies_FindFeatures_Deposits {begin_session=1, destination_tiles=8192x8192, duration_ms=0, environment=Underground, hex_size=615x710, map=BlankUnderground_03, map_ref=table: 000001F6E17EB358, mapdata_size=6144x6144, ok=true, sequence=191, session=1, since_previous_ms=0, slot=2, source_tiles=6144x6144, tag=PlaceAnomalies_FindFeatures_Deposits, total_ms=53468}
[Super Big Map][LoadingTiming] STEP BEGIN RandomMap procedure: PlaceAnomalies_FindFeatures_Anomalies {destination_tiles=8192x8192, environment=Underground, hex_size=615x710, map=BlankUnderground_03, map_ref=table: 000001F6E17EB358, mapdata_size=6144x6144, randless=nil, sequence=192, session=1, since_previous_ms=0, slot=2, source_tiles=6144x6144, tag=PlaceAnomalies_FindFeatures_Anomalies, total_ms=53468}
[Super Big Map][LoadingTiming] STEP END RandomMap procedure: PlaceAnomalies_FindFeatures_Anomalies {begin_session=1, destination_tiles=8192x8192, duration_ms=0, environment=Underground, hex_size=615x710, map=BlankUnderground_03, map_ref=table: 000001F6E17EB358, mapdata_size=6144x6144, ok=true, sequence=193, session=1, since_previous_ms=0, slot=2, source_tiles=6144x6144, tag=PlaceAnomalies_FindFeatures_Anomalies, total_ms=53468}
[Super Big Map][LoadingTiming] STEP BEGIN RandomMap procedure: PlaceAnomalies_FindFeatures_EffectDeposits {destination_tiles=8192x8192, environment=Underground, hex_size=615x710, map=BlankUnderground_03, map_ref=table: 000001F6E17EB358, mapdata_size=6144x6144, randless=nil, sequence=194, session=1, since_previous_ms=0, slot=2, source_tiles=6144x6144, tag=PlaceAnomalies_FindFeatures_EffectDeposits, total_ms=53468}
							Lua 0:01:14:367
[Super Big Map][LoadingTiming] STEP END RandomMap procedure: PlaceAnomalies_FindFeatures_EffectDeposits {begin_session=1, destination_tiles=8192x8192, duration_ms=0, environment=Underground, hex_size=615x710, map=BlankUnderground_03, map_ref=table: 000001F6E17EB358, mapdata_size=6144x6144, ok=true, sequence=195, session=1, since_previous_ms=0, slot=2, source_tiles=6144x6144, tag=PlaceAnomalies_FindFeatures_EffectDeposits, total_ms=53468}
							Lua 0:01:14:370
[Super Big Map][LoadingTiming] STEP END RandomMap procedure: PlaceAnomalies_FindFeatures {begin_session=1, destination_tiles=8192x8192, duration_ms=5, environment=Underground, hex_size=615x710, map=BlankUnderground_03, map_ref=table: 000001F6E17EB358, mapdata_size=6144x6144, ok=true, sequence=196, session=1, since_previous_ms=4, slot=2, source_tiles=6144x6144, tag=PlaceAnomalies_FindFeatures, total_ms=53472}
[Super Big Map][LoadingTiming] STEP BEGIN RandomMap procedure: PlaceAnomalies_FindClusters {destination_tiles=8192x8192, environment=Underground, hex_size=615x710, map=BlankUnderground_03, map_ref=table: 000001F6E17EB358, mapdata_size=6144x6144, randless=nil, sequence=197, session=1, since_previous_ms=0, slot=2, source_tiles=6144x6144, tag=PlaceAnomalies_FindClusters, total_ms=53472}
							Lua 0:01:14:374
[Super Big Map][LoadingTiming] STEP END RandomMap procedure: PlaceAnomalies_FindClusters {begin_session=1, destination_tiles=8192x8192, duration_ms=4, environment=Underground, hex_size=615x710, map=BlankUnderground_03, map_ref=table: 000001F6E17EB358, mapdata_size=6144x6144, ok=true, sequence=198, session=1, since_previous_ms=4, slot=2, source_tiles=6144x6144, tag=PlaceAnomalies_FindClusters, total_ms=53476}
							Lua 0:01:14:375
[Super Big Map][LoadingTiming] STEP BEGIN RandomMap procedure: PlaceAnomalies_FindAnomalies_Breakthrough {destination_tiles=8192x8192, environment=Underground, hex_size=615x710, map=BlankUnderground_03, map_ref=table: 000001F6E17EB358, mapdata_size=6144x6144, randless=nil, sequence=199, session=1, since_previous_ms=1, slot=2, source_tiles=6144x6144, tag=PlaceAnomalies_FindAnomalies_Breakthrough, total_ms=53477}
[Super Big Map][LoadingTiming] STEP END RandomMap procedure: PlaceAnomalies_FindAnomalies_Breakthrough {begin_session=1, destination_tiles=8192x8192, duration_ms=0, environment=Underground, hex_size=615x710, map=BlankUnderground_03, map_ref=table: 000001F6E17EB358, mapdata_size=6144x6144, ok=true, sequence=200, session=1, since_previous_ms=0, slot=2, source_tiles=6144x6144, tag=PlaceAnomalies_FindAnomalies_Breakthrough, total_ms=53477}
[Super Big Map][LoadingTiming] STEP BEGIN RandomMap procedure: PlaceAnomalies_FindDeposits {destination_tiles=8192x8192, environment=Underground, hex_size=615x710, map=BlankUnderground_03, map_ref=table: 000001F6E17EB358, mapdata_size=6144x6144, randless=true, sequence=201, session=1, since_previous_ms=0, slot=2, source_tiles=6144x6144, tag=PlaceAnomalies_FindDeposits, total_ms=53477}
[Super Big Map][LoadingTiming] STEP BEGIN RandomMap procedure: PlaceAnomalies_FindDeposits_subs_Metals {destination_tiles=8192x8192, environment=Underground, hex_size=615x710, map=BlankUnderground_03, map_ref=table: 000001F6E17EB358, mapdata_size=6144x6144, randless=nil, sequence=202, session=1, since_previous_ms=0, slot=2, source_tiles=6144x6144, tag=PlaceAnomalies_FindDeposits_subs_Metals, total_ms=53477}
							Lua 0:01:14:377
[Super Big Map][LoadingTiming] STEP END RandomMap procedure: PlaceAnomalies_FindDeposits_subs_Metals {begin_session=1, destination_tiles=8192x8192, duration_ms=1, environment=Underground, hex_size=615x710, map=BlankUnderground_03, map_ref=table: 000001F6E17EB358, mapdata_size=6144x6144, ok=true, sequence=203, session=1, since_previous_ms=1, slot=2, source_tiles=6144x6144, tag=PlaceAnomalies_FindDeposits_subs_Metals, total_ms=53478}
[Super Big Map][LoadingTiming] STEP BEGIN RandomMap procedure: PlaceAnomalies_FindDeposits_subs_PreciousMetals {destination_tiles=8192x8192, environment=Underground, hex_size=615x710, map=BlankUnderground_03, map_ref=table: 000001F6E17EB358, mapdata_size=6144x6144, randless=nil, sequence=204, session=1, since_previous_ms=1, slot=2, source_tiles=6144x6144, tag=PlaceAnomalies_FindDeposits_subs_PreciousMetals, total_ms=53479}
							Lua 0:01:14:378
[Super Big Map][LoadingTiming] STEP END RandomMap procedure: PlaceAnomalies_FindDeposits_subs_PreciousMetals {begin_session=1, destination_tiles=8192x8192, duration_ms=1, environment=Underground, hex_size=615x710, map=BlankUnderground_03, map_ref=table: 000001F6E17EB358, mapdata_size=6144x6144, ok=true, sequence=205, session=1, since_previous_ms=1, slot=2, source_tiles=6144x6144, tag=PlaceAnomalies_FindDeposits_subs_PreciousMetals, total_ms=53480}
[Super Big Map][LoadingTiming] STEP BEGIN RandomMap procedure: PlaceAnomalies_FindDeposits_subs_Water {destination_tiles=8192x8192, environment=Underground, hex_size=615x710, map=BlankUnderground_03, map_ref=table: 000001F6E17EB358, mapdata_size=6144x6144, randless=nil, sequence=206, session=1, since_previous_ms=0, slot=2, source_tiles=6144x6144, tag=PlaceAnomalies_FindDeposits_subs_Water, total_ms=53480}
							Lua 0:01:14:379
[Super Big Map][LoadingTiming] STEP END RandomMap procedure: PlaceAnomalies_FindDeposits_subs_Water {begin_session=1, destination_tiles=8192x8192, duration_ms=1, environment=Underground, hex_size=615x710, map=BlankUnderground_03, map_ref=table: 000001F6E17EB358, mapdata_size=6144x6144, ok=true, sequence=207, session=1, since_previous_ms=1, slot=2, source_tiles=6144x6144, tag=PlaceAnomalies_FindDeposits_subs_Water, total_ms=53481}
[Super Big Map][LoadingTiming] STEP BEGIN RandomMap procedure: PlaceAnomalies_FindDeposits_terr_Concrete {destination_tiles=8192x8192, environment=Underground, hex_size=615x710, map=BlankUnderground_03, map_ref=table: 000001F6E17EB358, mapdata_size=6144x6144, randless=nil, sequence=208, session=1, since_previous_ms=0, slot=2, source_tiles=6144x6144, tag=PlaceAnomalies_FindDeposits_terr_Concrete, total_ms=53481}
							Lua 0:01:14:380
[Super Big Map][LoadingTiming] STEP END RandomMap procedure: PlaceAnomalies_FindDeposits_terr_Concrete {begin_session=1, destination_tiles=8192x8192, duration_ms=1, environment=Underground, hex_size=615x710, map=BlankUnderground_03, map_ref=table: 000001F6E17EB358, mapdata_size=6144x6144, ok=true, sequence=209, session=1, since_previous_ms=1, slot=2, source_tiles=6144x6144, tag=PlaceAnomalies_FindDeposits_terr_Concrete, total_ms=53482}
							Lua 0:01:14:381
[Super Big Map][LoadingTiming] STEP END RandomMap procedure: PlaceAnomalies_FindDeposits {begin_session=1, destination_tiles=8192x8192, duration_ms=5, environment=Underground, hex_size=615x710, map=BlankUnderground_03, map_ref=table: 000001F6E17EB358, mapdata_size=6144x6144, ok=true, sequence=210, session=1, since_previous_ms=0, slot=2, source_tiles=6144x6144, tag=PlaceAnomalies_FindDeposits, total_ms=53482}
[Super Big Map][LoadingTiming] STEP BEGIN RandomMap procedure: PlaceAnomalies_FindAnomalies {destination_tiles=8192x8192, environment=Underground, hex_size=615x710, map=BlankUnderground_03, map_ref=table: 000001F6E17EB358, mapdata_size=6144x6144, randless=true, sequence=211, session=1, since_previous_ms=1, slot=2, source_tiles=6144x6144, tag=PlaceAnomalies_FindAnomalies, total_ms=53483}
[Super Big Map][LoadingTiming] STEP BEGIN RandomMap procedure: PlaceAnomalies_FindAnomalies_TechUnlock {destination_tiles=8192x8192, environment=Underground, hex_size=615x710, map=BlankUnderground_03, map_ref=table: 000001F6E17EB358, mapdata_size=6144x6144, randless=nil, sequence=212, session=1, since_previous_ms=0, slot=2, source_tiles=6144x6144, tag=PlaceAnomalies_FindAnomalies_TechUnlock, total_ms=53483}
							Lua 0:01:14:382
[Super Big Map][LoadingTiming] STEP END RandomMap procedure: PlaceAnomalies_FindAnomalies_TechUnlock {begin_session=1, destination_tiles=8192x8192, duration_ms=1, environment=Underground, hex_size=615x710, map=BlankUnderground_03, map_ref=table: 000001F6E17EB358, mapdata_size=6144x6144, ok=true, sequence=213, session=1, since_previous_ms=1, slot=2, source_tiles=6144x6144, tag=PlaceAnomalies_FindAnomalies_TechUnlock, total_ms=53484}
[Super Big Map][LoadingTiming] STEP BEGIN RandomMap procedure: PlaceAnomalies_FindAnomalies_Event {destination_tiles=8192x8192, environment=Underground, hex_size=615x710, map=BlankUnderground_03, map_ref=table: 000001F6E17EB358, mapdata_size=6144x6144, randless=nil, sequence=214, session=1, since_previous_ms=0, slot=2, source_tiles=6144x6144, tag=PlaceAnomalies_FindAnomalies_Event, total_ms=53484}
							Lua 0:01:14:383
[Super Big Map][LoadingTiming] STEP END RandomMap procedure: PlaceAnomalies_FindAnomalies_Event {begin_session=1, destination_tiles=8192x8192, duration_ms=1, environment=Underground, hex_size=615x710, map=BlankUnderground_03, map_ref=table: 000001F6E17EB358, mapdata_size=6144x6144, ok=true, sequence=215, session=1, since_previous_ms=1, slot=2, source_tiles=6144x6144, tag=PlaceAnomalies_FindAnomalies_Event, total_ms=53485}
[Super Big Map][LoadingTiming] STEP END RandomMap procedure: PlaceAnomalies_FindAnomalies {begin_session=1, destination_tiles=8192x8192, duration_ms=2, environment=Underground, hex_size=615x710, map=BlankUnderground_03, map_ref=table: 000001F6E17EB358, mapdata_size=6144x6144, ok=true, sequence=216, session=1, since_previous_ms=0, slot=2, source_tiles=6144x6144, tag=PlaceAnomalies_FindAnomalies, total_ms=53485}
[Super Big Map][LoadingTiming] STEP BEGIN RandomMap procedure: PlaceAnomalies_FindEffectDeposits {destination_tiles=8192x8192, environment=Underground, hex_size=615x710, map=BlankUnderground_03, map_ref=table: 000001F6E17EB358, mapdata_size=6144x6144, randless=nil, sequence=217, session=1, since_previous_ms=0, slot=2, source_tiles=6144x6144, tag=PlaceAnomalies_FindEffectDeposits, total_ms=53485}
[Super Big Map][LoadingTiming] STEP BEGIN RandomMap procedure: PlaceAnomalies_FindEffectDeposits_ResearchEffectDeposit {destination_tiles=8192x8192, environment=Underground, hex_size=615x710, map=BlankUnderground_03, map_ref=table: 000001F6E17EB358, mapdata_size=6144x6144, randless=nil, sequence=218, session=1, since_previous_ms=0, slot=2, source_tiles=6144x6144, tag=PlaceAnomalies_FindEffectDeposits_ResearchEffectDeposit, total_ms=53485}
							Lua 0:01:14:384
[Super Big Map][LoadingTiming] STEP END RandomMap procedure: PlaceAnomalies_FindEffectDeposits_ResearchEffectDeposit {begin_session=1, destination_tiles=8192x8192, duration_ms=1, environment=Underground, hex_size=615x710, map=BlankUnderground_03, map_ref=table: 000001F6E17EB358, mapdata_size=6144x6144, ok=true, sequence=219, session=1, since_previous_ms=1, slot=2, source_tiles=6144x6144, tag=PlaceAnomalies_FindEffectDeposits_ResearchEffectDeposit, total_ms=53486}
							Lua 0:01:14:385
[Super Big Map][LoadingTiming] STEP END RandomMap procedure: PlaceAnomalies_FindEffectDeposits {begin_session=1, destination_tiles=8192x8192, duration_ms=1, environment=Underground, hex_size=615x710, map=BlankUnderground_03, map_ref=table: 000001F6E17EB358, mapdata_size=6144x6144, ok=true, sequence=220, session=1, since_previous_ms=0, slot=2, source_tiles=6144x6144, tag=PlaceAnomalies_FindEffectDeposits, total_ms=53486}
[Super Big Map][LoadingTiming] STEP BEGIN RandomMap procedure: PlaceAnomalies_AlignToHexGrid {destination_tiles=8192x8192, environment=Underground, hex_size=615x710, map=BlankUnderground_03, map_ref=table: 000001F6E17EB358, mapdata_size=6144x6144, randless=true, sequence=221, session=1, since_previous_ms=1, slot=2, source_tiles=6144x6144, tag=PlaceAnomalies_AlignToHexGrid, total_ms=53487}
[Super Big Map][LoadingTiming] STEP END RandomMap procedure: PlaceAnomalies_AlignToHexGrid {begin_session=1, destination_tiles=8192x8192, duration_ms=0, environment=Underground, hex_size=615x710, map=BlankUnderground_03, map_ref=table: 000001F6E17EB358, mapdata_size=6144x6144, ok=true, sequence=222, session=1, since_previous_ms=0, slot=2, source_tiles=6144x6144, tag=PlaceAnomalies_AlignToHexGrid, total_ms=53487}
[Super Big Map][LoadingTiming] STEP BEGIN RandomMap procedure: PlaceAnomalies_PlaceDeposits {destination_tiles=8192x8192, environment=Underground, hex_size=615x710, map=BlankUnderground_03, map_ref=table: 000001F6E17EB358, mapdata_size=6144x6144, randless=nil, sequence=223, session=1, since_previous_ms=0, slot=2, source_tiles=6144x6144, tag=PlaceAnomalies_PlaceDeposits, total_ms=53487}
							Lua 0:01:14:395
[Super Big Map][LoadingTiming] STEP END RandomMap procedure: PlaceAnomalies_PlaceDeposits {begin_session=1, destination_tiles=8192x8192, duration_ms=10, environment=Underground, hex_size=615x710, map=BlankUnderground_03, map_ref=table: 000001F6E17EB358, mapdata_size=6144x6144, ok=true, sequence=224, session=1, since_previous_ms=10, slot=2, source_tiles=6144x6144, tag=PlaceAnomalies_PlaceDeposits, total_ms=53497}
[Super Big Map][LoadingTiming] STEP BEGIN RandomMap procedure: PlaceAnomalies_PlaceBreakthroughAnomalies {destination_tiles=8192x8192, environment=Underground, hex_size=615x710, map=BlankUnderground_03, map_ref=table: 000001F6E17EB358, mapdata_size=6144x6144, randless=nil, sequence=225, session=1, since_previous_ms=0, slot=2, source_tiles=6144x6144, tag=PlaceAnomalies_PlaceBreakthroughAnomalies, total_ms=53497}
							Lua 0:01:14:396
[Super Big Map][LoadingTiming] STEP END RandomMap procedure: PlaceAnomalies_PlaceBreakthroughAnomalies {begin_session=1, destination_tiles=8192x8192, duration_ms=0, environment=Underground, hex_size=615x710, map=BlankUnderground_03, map_ref=table: 000001F6E17EB358, mapdata_size=6144x6144, ok=true, sequence=226, session=1, since_previous_ms=0, slot=2, source_tiles=6144x6144, tag=PlaceAnomalies_PlaceBreakthroughAnomalies, total_ms=53497}
[Super Big Map][LoadingTiming] STEP BEGIN RandomMap procedure: PlaceAnomalies_PlaceTechUnlockAnomalies {destination_tiles=8192x8192, environment=Underground, hex_size=615x710, map=BlankUnderground_03, map_ref=table: 000001F6E17EB358, mapdata_size=6144x6144, randless=nil, sequence=227, session=1, since_previous_ms=1, slot=2, source_tiles=6144x6144, tag=PlaceAnomalies_PlaceTechUnlockAnomalies, total_ms=53498}
[Super Big Map][LoadingTiming] STEP END RandomMap procedure: PlaceAnomalies_PlaceTechUnlockAnomalies {begin_session=1, destination_tiles=8192x8192, duration_ms=0, environment=Underground, hex_size=615x710, map=BlankUnderground_03, map_ref=table: 000001F6E17EB358, mapdata_size=6144x6144, ok=true, sequence=228, session=1, since_previous_ms=0, slot=2, source_tiles=6144x6144, tag=PlaceAnomalies_PlaceTechUnlockAnomalies, total_ms=53498}
[Super Big Map][LoadingTiming] STEP BEGIN RandomMap procedure: PlaceAnomalies_PlaceFreeTechAnomalies {destination_tiles=8192x8192, environment=Underground, hex_size=615x710, map=BlankUnderground_03, map_ref=table: 000001F6E17EB358, mapdata_size=6144x6144, randless=nil, sequence=229, session=1, since_previous_ms=0, slot=2, source_tiles=6144x6144, tag=PlaceAnomalies_PlaceFreeTechAnomalies, total_ms=53498}
							Lua 0:01:14:397
[Super Big Map][LoadingTiming] STEP END RandomMap procedure: PlaceAnomalies_PlaceFreeTechAnomalies {begin_session=1, destination_tiles=8192x8192, duration_ms=0, environment=Underground, hex_size=615x710, map=BlankUnderground_03, map_ref=table: 000001F6E17EB358, mapdata_size=6144x6144, ok=true, sequence=230, session=1, since_previous_ms=0, slot=2, source_tiles=6144x6144, tag=PlaceAnomalies_PlaceFreeTechAnomalies, total_ms=53498}
[Super Big Map][LoadingTiming] STEP BEGIN RandomMap procedure: PlaceAnomalies_PlaceEventAnomalies {destination_tiles=8192x8192, environment=Underground, hex_size=615x710, map=BlankUnderground_03, map_ref=table: 000001F6E17EB358, mapdata_size=6144x6144, randless=nil, sequence=231, session=1, since_previous_ms=1, slot=2, source_tiles=6144x6144, tag=PlaceAnomalies_PlaceEventAnomalies, total_ms=53499}
[Super Big Map][LoadingTiming] STEP END RandomMap procedure: PlaceAnomalies_PlaceEventAnomalies {begin_session=1, destination_tiles=8192x8192, duration_ms=0, environment=Underground, hex_size=615x710, map=BlankUnderground_03, map_ref=table: 000001F6E17EB358, mapdata_size=6144x6144, ok=true, sequence=232, session=1, since_previous_ms=0, slot=2, source_tiles=6144x6144, tag=PlaceAnomalies_PlaceEventAnomalies, total_ms=53499}
[Super Big Map][LoadingTiming] STEP BEGIN RandomMap procedure: PlaceAnomalies_PlaceEffectDeposits {destination_tiles=8192x8192, environment=Underground, hex_size=615x710, map=BlankUnderground_03, map_ref=table: 000001F6E17EB358, mapdata_size=6144x6144, randless=nil, sequence=233, session=1, since_previous_ms=0, slot=2, source_tiles=6144x6144, tag=PlaceAnomalies_PlaceEffectDeposits, total_ms=53499}
							Lua 0:01:14:398
[Super Big Map][LoadingTiming] STEP END RandomMap procedure: PlaceAnomalies_PlaceEffectDeposits {begin_session=1, destination_tiles=8192x8192, duration_ms=0, environment=Underground, hex_size=615x710, map=BlankUnderground_03, map_ref=table: 000001F6E17EB358, mapdata_size=6144x6144, ok=true, sequence=234, session=1, since_previous_ms=0, slot=2, source_tiles=6144x6144, tag=PlaceAnomalies_PlaceEffectDeposits, total_ms=53499}
[Super Big Map][LoadingTiming] STEP END RandomMap procedure: PlaceAnomalies {begin_session=1, destination_tiles=8192x8192, duration_ms=38, environment=Underground, hex_size=615x710, map=BlankUnderground_03, map_ref=table: 000001F6E17EB358, mapdata_size=6144x6144, ok=true, sequence=235, session=1, since_previous_ms=1, slot=2, source_tiles=6144x6144, tag=PlaceAnomalies, total_ms=53500}
[Super Big Map][LoadingTiming] STEP BEGIN RandomMap procedure: PlaceObstructions {destination_tiles=8192x8192, environment=Underground, hex_size=615x710, map=BlankUnderground_03, map_ref=table: 000001F6E17EB358, mapdata_size=6144x6144, randless=nil, sequence=236, session=1, since_previous_ms=0, slot=2, source_tiles=6144x6144, tag=PlaceObstructions, total_ms=53500}
							Lua 0:01:14:425
[Super Big Map][LoadingTiming] STEP END RandomMap procedure: PlaceObstructions {begin_session=1, destination_tiles=8192x8192, duration_ms=27, environment=Underground, hex_size=615x710, map=BlankUnderground_03, map_ref=table: 000001F6E17EB358, mapdata_size=6144x6144, ok=true, sequence=237, session=1, since_previous_ms=27, slot=2, source_tiles=6144x6144, tag=PlaceObstructions, total_ms=53527}
[Super Big Map][LoadingTiming] STEP temporary native underground wonders removed {cleaned=2, destination_tiles=8192x8192, environment=Underground, hex_size=615x710, map=BlankUnderground_03, map_ref=table: 000001F6E17EB358, mapdata_size=6144x6144, reason=after stock PlaceObstructions, sequence=238, session=1, since_previous_ms=0, slot=2, source_tiles=6144x6144, temporary_flight_queues=3, total_ms=53527}
							Lua 0:01:14:426
[Super Big Map][LoadingTiming] STEP BEGIN RandomMap procedure: ClearLandingZones {destination_tiles=8192x8192, environment=Underground, hex_size=615x710, map=BlankUnderground_03, map_ref=table: 000001F6E17EB358, mapdata_size=6144x6144, randless=nil, sequence=239, session=1, since_previous_ms=0, slot=2, source_tiles=6144x6144, tag=ClearLandingZones, total_ms=53527}
[Super Big Map][LoadingTiming] STEP END RandomMap procedure: ClearLandingZones {begin_session=1, destination_tiles=8192x8192, duration_ms=1, environment=Underground, hex_size=615x710, map=BlankUnderground_03, map_ref=table: 000001F6E17EB358, mapdata_size=6144x6144, ok=true, sequence=240, session=1, since_previous_ms=1, slot=2, source_tiles=6144x6144, tag=ClearLandingZones, total_ms=53528}
[Super Big Map][LoadingTiming] STEP END RandomMapGenerator.OnGenerateLogic {begin_session=1, destination_tiles=8192x8192, duration_ms=2709, environment=Underground, hex_size=615x710, map=BlankUnderground_03, map_ref=table: 000001F6E17EB358, mapdata_size=6144x6144, ok=true, sequence=241, session=1, since_previous_ms=0, slot=2, source_tiles=6144x6144, total_ms=53528}
							Lua 0:01:14:436
[Super Big Map][LoadingTiming] STEP captured vanilla native clutter operation {destination_tiles=8192x8192, environment=Underground, error=, grid_cells=none, hex_size=615x710, kind=none, map=BlankUnderground_03, map_ref=table: 000001F6E17EB358, mapdata_size=6144x6144, sequence=242, session=1, since_previous_ms=10, slot=2, source_tiles=6144x6144, terrain_candidates=global=table: 000001F6D3986DE0 | DoGenerate_env=nil | MapImport_env=nil | MapReset_env=nil | MapExport_env=nil, total_ms=53538, write_sources=global:0, writes=0}
[Super Big Map][LoadingTiming] STEP underground mark grid allocated at backing scale {backing_world=819200, destination_tiles=8192x8192, environment=Underground, grid_cells=768x768->1024x1024, hex_size=615x710, map=BlankUnderground_03, map_ref=table: 000001F6E17EB358, mapdata_size=6144x6144, mark_phases=3, scaled_grids=4, sequence=243, session=1, since_previous_ms=0, slot=2, source_tiles=6144x6144, source_world=614400, total_ms=53538, unscaled_grids=15}
[Super Big Map][LoadingTiming] STEP source prefab raster transaction serialized {destination_tiles=8192x8192, environment=Underground, generation_ok=true, hex_size=615x710, map=BlankUnderground_03, map_ref=table: 000001F6E17EB358, mapdata_size=6144x6144, previous_parallel_div=8, restored_parallel_div=8, sequence=244, session=1, since_previous_ms=0, slot=2, source_tiles=6144x6144, total_ms=53538}
							Lua 0:01:14:438
[Super Big Map][UndergroundSeedReservation] HOLDER {boundary=fresh_vanilla_twin_test_seam, consumer_seed=5144878461829043810, consumer_status=pending_injected, destination_tiles=8192x8192, environment=Underground, generation_ok=true, hex_size=615x710, holder_generation_hash=5135571479608686583, holder_seed=5144878461829043810, map=BlankUnderground_03, map_ref=table: 000001F6E17EB358, mapdata_size=6144x6144, reserved_seed=5144878461829043810, seeded_params_seed=5144878461829043810, slot=2, source_tiles=6144x6144}
							Lua 0:01:14:439
[Super Big Map][LoadingTiming] STEP native clutter access probe {clutter_tile_size=nil, destination_tiles=8192x8192, environment=Underground, global_terrain=table: 000001F6D3986DE0, grid_names=none, height_tile_size=100, hex_size=615x710, map=BlankUnderground_03, map_fields=none, map_import_terrain=false, map_is_current=false, map_ref=table: 000001F6E17EB358, map_reset_terrain=false, mapdata_size=6144x6144, refs=editor.map.clutter=nil | orig.map.clutter=nil | editor.map.clutter_density=nil | orig.map.clutter_density=nil | editor.map.grass_density=nil | orig.map.grass_density=nil, samples=not-current-or-unavailable, sequence=245, session=1, since_previous_ms=2, slot=2, source_tiles=6144x6144, stage=expanded backing after underground DoGenerate, total_ms=53540}
[Super Big Map][LoadingTiming] STEP END source-view RandomMapGenerator.DoGenerate on expanded backing {begin_session=1, destination_tiles=8192x8192, duration_ms=9840, environment=Underground, hex_size=615x710, map=BlankUnderground_03, map_ref=table: 000001F6E17EB358, mapdata_size=6144x6144, ok=true, sequence=246, session=1, since_previous_ms=1, slot=2, source_tiles=6144x6144, total_ms=53541}
							Lua 0:01:15:809
[Super Big Map][LoadingTiming] STEP lifecycle: MapGenerated {destination_tiles=8192x8192, environment=Underground, hex_size=820x946, map=BlankUnderground_03, map_ref=table: 000001F6E17EB358, mapdata_size=8192x8192, mod_map=true, sequence=247, session=1, since_previous_ms=1370, slot=2, source_tiles=6144x6144, total_ms=54911}
							Lua 0:01:15:849
[Super Big Map][LoadingTiming] STEP prefab feature game logic correspondence {actual_safari=0, created_safari=0, destination_tiles=8192x8192, environment=Underground, expected_safari=0, hex_size=820x946, map=BlankUnderground_03, map_ref=table: 000001F6E17EB358, mapdata_size=8192x8192, markers=0, matched_safari=0, removed_orphan_safari=0, replayed_markers=0, sequence=248, session=1, since_previous_ms=40, slot=2, source_tiles=6144x6144, total_ms=54951}
							Lua 0:01:15:850
[Super Big Map][LoadingTiming] STEP lifecycle: UndergroundDarknessState {after=90, before=90, destination_tiles=8192x8192, environment=Underground, forced_reveal=false, hex_size=820x946, map=BlankUnderground_03, map_ref=table: 000001F6E17EB358, mapdata_size=8192x8192, sequence=249, session=1, since_previous_ms=1, slot=2, source_tiles=6144x6144, total_ms=54952}
							Lua 0:01:15:870
[Super Big Map][LoadingTiming] STEP lifecycle: UndergroundDarknessState {after=0, before=90, destination_tiles=8192x8192, environment=Surface, forced_reveal=false, hex_size=820x946, map=BlankTerraceBig_05, map_ref=table: 000001F6D59732C8, mapdata_size=8192x8192, sequence=250, session=1, since_previous_ms=20, slot=1, source_tiles=6144x6144, total_ms=54972}
							Lua 0:01:15:917
no sectors found with enough average expected metals
no resources expected at all on the map
[Super Big Map][LoadingTiming] STEP lifecycle: MapSectorsReady {destination_tiles=8192x8192, environment=Surface, hex_size=820x946, map=BlankTerraceBig_05, map_ref=table: 000001F6D59732C8, mapdata_size=8192x8192, sequence=251, session=1, since_previous_ms=47, slot=1, source_tiles=6144x6144, total_ms=55019}
							Lua 0:01:15:947
[Super Big Map][LoadingTiming] STEP lifecycle: CityInitialized {destination_tiles=8192x8192, environment=Surface, hex_size=820x946, map=BlankTerraceBig_05, map_ref=table: 000001F6D59732C8, mapdata_size=8192x8192, sequence=252, session=1, since_previous_ms=30, slot=1, source_tiles=6144x6144, total_ms=55049}
							Lua 0:01:16:009
[Super Big Map][LoadingTiming] STEP lifecycle: MapSectorsReady {destination_tiles=8192x8192, environment=Underground, hex_size=820x946, map=BlankUnderground_03, map_ref=table: 000001F6E17EB358, mapdata_size=8192x8192, sequence=253, session=1, since_previous_ms=62, slot=2, source_tiles=6144x6144, total_ms=55111}
							Lua 0:01:16:034
[Super Big Map][LoadingTiming] STEP lifecycle: CityInitialized {destination_tiles=8192x8192, environment=Underground, hex_size=820x946, map=BlankUnderground_03, map_ref=table: 000001F6E17EB358, mapdata_size=8192x8192, sequence=254, session=1, since_previous_ms=25, slot=2, source_tiles=6144x6144, total_ms=55136}
							Lua 0:01:16:185
[Super Big Map][LoadingTiming] STEP BEGIN surface expansion pipeline {destination_tiles=8192x8192, environment=Surface, hex_size=820x946, map=BlankTerraceBig_05, map_ref=table: 000001F6D59732C8, mapdata_size=8192x8192, sequence=255, session=1, since_previous_ms=151, slot=1, source_tiles=6144x6144, total_ms=55287}
							Lua 0:01:16:194
[Super Big Map][LoadingTiming] PHASE_END Finishing the expanded map... {destination_tiles=8192x8192, duration_ms=23714, environment=Surface, hex_size=820x946, map=BlankTerraceBig_05, map_ref=table: 000001F6D59732C8, mapdata_size=8192x8192, ok=true, sequence=256, session=1, slot=1, source_tiles=6144x6144, total_ms=55295}
[Super Big Map][LoadingTiming] PHASE_BEGIN Please wait. {destination_tiles=8192x8192, environment=Surface, hex_size=820x946, map=BlankTerraceBig_05, map_ref=table: 000001F6D59732C8, mapdata_size=8192x8192, sequence=257, session=1, slot=1, source_tiles=6144x6144, total_ms=55295}
							Lua 0:01:16:310
[Super Big Map][LoadingTiming] STEP surface custom loading handoff {destination_tiles=8192x8192, environment=Surface, hex_size=820x946, map=BlankTerraceBig_05, map_ref=table: 000001F6D59732C8, mapdata_size=8192x8192, milestone=before_pass_edit_suspension_and_terrain_stretch, sequence=258, session=1, since_previous_ms=117, slot=1, source_tiles=6144x6144, started=true, total_ms=55412, visible=true}
							Lua 0:01:16:311
[Super Big Map][LoadingTiming] STEP using decor relief captured from temporary source {destination_tiles=8192x8192, environment=Surface, hex_size=820x946, map=BlankTerraceBig_05, map_ref=table: 000001F6D59732C8, mapdata_size=8192x8192, sequence=259, session=1, since_previous_ms=1, slot=1, source_tiles=6144x6144, total_ms=55413}
[Super Big Map][LoadingTiming] STEP terrain grids already stretched directly from temporary source {destination_tiles=8192x8192, environment=Surface, height=true, hex_size=820x946, map=BlankTerraceBig_05, map_ref=table: 000001F6D59732C8, mapdata_size=8192x8192, sequence=260, session=1, since_previous_ms=0, slot=1, source_tiles=6144x6144, terrain_type=true, total_ms=55413}
[Super Big Map][LoadingTiming] STEP BEGIN terrain clutter grid stretch {destination_tiles=8192x8192, direct_source=false, environment=Surface, hex_size=820x946, map=BlankTerraceBig_05, map_ref=table: 000001F6D59732C8, mapdata_size=8192x8192, sequence=261, session=1, since_previous_ms=0, slot=1, source_tiles=6144x6144, total_ms=55413}
[Super Big Map][LoadingTiming] STEP ERROR terrain clutter grid stretch {begin_session=1, destination_alias=none, destination_tiles=8192x8192, duration_ms=0, environment=Surface, error=captured/native clutter source unavailable, hex_size=820x946, map=BlankTerraceBig_05, map_ref=table: 000001F6D59732C8, mapdata_size=8192x8192, ok=false, sequence=262, session=1, since_previous_ms=0, slot=1, source_alias=none, source_tiles=6144x6144, total_ms=55413}
[Super Big Map][LoadingTiming] STEP terrain clutter grid unavailable; continuing diagnostic generation {destination_tiles=8192x8192, direct_source=false, environment=Surface, hex_size=820x946, map=BlankTerraceBig_05, map_ref=table: 000001F6D59732C8, mapdata_size=8192x8192, sequence=263, session=1, since_previous_ms=0, slot=1, source_tiles=6144x6144, total_ms=55413}
[Super Big Map][LoadingTiming] STEP BEGIN terrain map grid stretch: colorize {destination_tiles=8192x8192, environment=Surface, hex_size=820x946, interpolate=false, map=BlankTerraceBig_05, map_ref=table: 000001F6D59732C8, mapdata_size=8192x8192, sequence=264, session=1, since_previous_ms=0, slot=1, source_tiles=6144x6144, total_ms=55413}
							Lua 0:01:16:312
[Super Big Map][LoadingTiming] STEP BEGIN terrain map grid colorize: source extraction {destination_tiles=8192x8192, environment=Surface, hex_size=820x946, map=BlankTerraceBig_05, map_ref=table: 000001F6D59732C8, mapdata_size=8192x8192, sequence=265, session=1, since_previous_ms=0, slot=1, source_tiles=6144x6144, total_ms=55413}
							Lua 0:01:16:317
[Super Big Map][LoadingTiming] STEP END terrain map grid colorize: source extraction {begin_session=1, destination_tiles=8192x8192, duration_ms=5, environment=Surface, hex_size=820x946, map=BlankTerraceBig_05, map_ref=table: 000001F6D59732C8, mapdata_size=8192x8192, ok=true, sequence=266, session=1, since_previous_ms=5, slot=1, source_cells=3072x3072, source_tiles=6144x6144, total_ms=55418}
[Super Big Map][LoadingTiming] STEP BEGIN terrain map grid colorize: destination metadata {destination_tiles=8192x8192, environment=Surface, hex_size=820x946, map=BlankTerraceBig_05, map_ref=table: 000001F6D59732C8, mapdata_size=8192x8192, sequence=267, session=1, since_previous_ms=1, slot=1, source_tiles=6144x6144, total_ms=55419}
[Super Big Map][LoadingTiming] STEP END terrain map grid colorize: destination metadata {begin_session=1, destination_cells=4096x4096, destination_tiles=8192x8192, duration_ms=0, environment=Surface, hex_size=820x946, map=BlankTerraceBig_05, map_ref=table: 000001F6D59732C8, mapdata_size=8192x8192, ok=true, sequence=268, session=1, since_previous_ms=0, slot=1, source_tiles=6144x6144, target_bits=?, target_format=hierarchical, total_ms=55419}
[Super Big Map][LoadingTiming] STEP BEGIN terrain map grid colorize: compute conversion {destination_tiles=8192x8192, environment=Surface, hex_size=820x946, map=BlankTerraceBig_05, map_ref=table: 000001F6D59732C8, mapdata_size=8192x8192, sequence=269, session=1, since_previous_ms=0, slot=1, source_tiles=6144x6144, total_ms=55419}
							Lua 0:01:16:369
[Super Big Map][LoadingTiming] STEP END terrain map grid colorize: compute conversion {begin_session=1, destination_tiles=8192x8192, duration_ms=52, environment=Surface, hex_size=820x946, map=BlankTerraceBig_05, map_ref=table: 000001F6D59732C8, mapdata_size=8192x8192, ok=true, sequence=270, session=1, since_previous_ms=52, slot=1, source_tiles=6144x6144, total_ms=55471}
[Super Big Map][LoadingTiming] STEP BEGIN terrain map grid colorize: resample {destination_cells=4096x4096, destination_tiles=8192x8192, environment=Surface, hex_size=820x946, interpolate=false, map=BlankTerraceBig_05, map_ref=table: 000001F6D59732C8, mapdata_size=8192x8192, sequence=271, session=1, since_previous_ms=0, slot=1, source_tiles=6144x6144, total_ms=55471}
							Lua 0:01:16:495
[Super Big Map][LoadingTiming] STEP END terrain map grid colorize: resample {begin_session=1, destination_tiles=8192x8192, duration_ms=125, environment=Surface, hex_size=820x946, map=BlankTerraceBig_05, map_ref=table: 000001F6D59732C8, mapdata_size=8192x8192, ok=true, sequence=272, session=1, since_previous_ms=126, slot=1, source_tiles=6144x6144, total_ms=55597}
[Super Big Map][LoadingTiming] STEP BEGIN terrain map grid colorize: destination write {destination_tiles=8192x8192, environment=Surface, hex_size=820x946, map=BlankTerraceBig_05, map_ref=table: 000001F6D59732C8, mapdata_size=8192x8192, sequence=273, session=1, since_previous_ms=0, slot=1, source_tiles=6144x6144, total_ms=55597}
							Lua 0:01:17:120
[Super Big Map][LoadingTiming] STEP END terrain map grid colorize: destination write {begin_session=1, destination_tiles=8192x8192, duration_ms=624, environment=Surface, hex_size=820x946, map=BlankTerraceBig_05, map_ref=table: 000001F6D59732C8, mapdata_size=8192x8192, mode=editor_set_grid, ok=true, sequence=274, session=1, since_previous_ms=624, slot=1, source_tiles=6144x6144, total_ms=56221}
							Lua 0:01:17:126
[Super Big Map][LoadingTiming] STEP END terrain map grid stretch: colorize {begin_session=1, destination_tiles=8192x8192, duration_ms=815, environment=Surface, hex_size=820x946, map=BlankTerraceBig_05, map_ref=table: 000001F6D59732C8, mapdata_size=8192x8192, ok=true, sequence=275, session=1, since_previous_ms=7, slot=1, source_tiles=6144x6144, total_ms=56228}
[Super Big Map][LoadingTiming] STEP BEGIN terrain map grid stretch: BiomeGrid {destination_tiles=8192x8192, environment=Surface, hex_size=820x946, interpolate=false, map=BlankTerraceBig_05, map_ref=table: 000001F6D59732C8, mapdata_size=8192x8192, sequence=276, session=1, since_previous_ms=0, slot=1, source_tiles=6144x6144, total_ms=56228}
							Lua 0:01:17:127
[Super Big Map][LoadingTiming] STEP BEGIN terrain map grid BiomeGrid: source extraction {destination_tiles=8192x8192, environment=Surface, hex_size=820x946, map=BlankTerraceBig_05, map_ref=table: 000001F6D59732C8, mapdata_size=8192x8192, sequence=277, session=1, since_previous_ms=1, slot=1, source_tiles=6144x6144, total_ms=56229}
[Super Big Map][LoadingTiming] STEP END terrain map grid BiomeGrid: source extraction {begin_session=1, destination_tiles=8192x8192, duration_ms=0, environment=Surface, hex_size=820x946, map=BlankTerraceBig_05, map_ref=table: 000001F6D59732C8, mapdata_size=8192x8192, ok=true, sequence=278, session=1, since_previous_ms=0, slot=1, source_cells=6144x6144, source_tiles=6144x6144, total_ms=56229}
[Super Big Map][LoadingTiming] STEP BEGIN terrain map grid BiomeGrid: destination metadata {destination_tiles=8192x8192, environment=Surface, hex_size=820x946, map=BlankTerraceBig_05, map_ref=table: 000001F6D59732C8, mapdata_size=8192x8192, sequence=279, session=1, since_previous_ms=0, slot=1, source_tiles=6144x6144, total_ms=56229}
[Super Big Map][LoadingTiming] STEP END terrain map grid BiomeGrid: destination metadata {begin_session=1, destination_cells=8192x8192, destination_tiles=8192x8192, duration_ms=0, environment=Surface, hex_size=820x946, map=BlankTerraceBig_05, map_ref=table: 000001F6D59732C8, mapdata_size=8192x8192, ok=true, sequence=280, session=1, since_previous_ms=0, slot=1, source_tiles=6144x6144, target_bits=?, target_format=hierarchical, total_ms=56229}
[Super Big Map][LoadingTiming] STEP BEGIN terrain map grid BiomeGrid: compute conversion {destination_tiles=8192x8192, environment=Surface, hex_size=820x946, map=BlankTerraceBig_05, map_ref=table: 000001F6D59732C8, mapdata_size=8192x8192, sequence=281, session=1, since_previous_ms=0, slot=1, source_tiles=6144x6144, total_ms=56229}
							Lua 0:01:17:251
[Super Big Map][LoadingTiming] STEP END terrain map grid BiomeGrid: compute conversion {begin_session=1, destination_tiles=8192x8192, duration_ms=124, environment=Surface, hex_size=820x946, map=BlankTerraceBig_05, map_ref=table: 000001F6D59732C8, mapdata_size=8192x8192, ok=true, sequence=282, session=1, since_previous_ms=124, slot=1, source_tiles=6144x6144, total_ms=56353}
[Super Big Map][LoadingTiming] STEP BEGIN terrain map grid BiomeGrid: resample {destination_cells=8192x8192, destination_tiles=8192x8192, environment=Surface, hex_size=820x946, interpolate=false, map=BlankTerraceBig_05, map_ref=table: 000001F6D59732C8, mapdata_size=8192x8192, sequence=283, session=1, since_previous_ms=0, slot=1, source_tiles=6144x6144, total_ms=56353}
							Lua 0:01:17:759
[Super Big Map][LoadingTiming] STEP END terrain map grid BiomeGrid: resample {begin_session=1, destination_tiles=8192x8192, duration_ms=508, environment=Surface, hex_size=820x946, map=BlankTerraceBig_05, map_ref=table: 000001F6D59732C8, mapdata_size=8192x8192, ok=true, sequence=284, session=1, since_previous_ms=508, slot=1, source_tiles=6144x6144, total_ms=56861}
							Lua 0:01:17:760
[Super Big Map][LoadingTiming] STEP BEGIN terrain map grid BiomeGrid: destination write {destination_tiles=8192x8192, environment=Surface, hex_size=820x946, map=BlankTerraceBig_05, map_ref=table: 000001F6D59732C8, mapdata_size=8192x8192, sequence=285, session=1, since_previous_ms=0, slot=1, source_tiles=6144x6144, total_ms=56861}
							Lua 0:01:18:017
[Super Big Map][LoadingTiming] STEP END terrain map grid BiomeGrid: destination write {begin_session=1, destination_tiles=8192x8192, duration_ms=258, environment=Surface, hex_size=820x946, map=BlankTerraceBig_05, map_ref=table: 000001F6D59732C8, mapdata_size=8192x8192, mode=vanilla_map_import_direct_copy, ok=true, sequence=286, session=1, since_previous_ms=258, slot=1, source_tiles=6144x6144, total_ms=57119}
							Lua 0:01:18:034
[Super Big Map][LoadingTiming] STEP END terrain map grid stretch: BiomeGrid {begin_session=1, destination_tiles=8192x8192, duration_ms=908, environment=Surface, hex_size=820x946, map=BlankTerraceBig_05, map_ref=table: 000001F6D59732C8, mapdata_size=8192x8192, ok=true, sequence=287, session=1, since_previous_ms=17, slot=1, source_tiles=6144x6144, total_ms=57136}
[Super Big Map][LoadingTiming] STEP BEGIN invalidate expanded terrain {destination_tiles=8192x8192, environment=Surface, hex_size=820x946, map=BlankTerraceBig_05, map_ref=table: 000001F6D59732C8, mapdata_size=8192x8192, sequence=288, session=1, since_previous_ms=0, slot=1, source_tiles=6144x6144, total_ms=57136}
							Lua 0:01:18:074
[Super Big Map][LoadingTiming] STEP END invalidate expanded terrain {begin_session=1, deferred_gameplay_rebuild=false, destination_tiles=8192x8192, duration_ms=39, environment=Surface, hex_size=820x946, map=BlankTerraceBig_05, map_ref=table: 000001F6D59732C8, mapdata_size=8192x8192, ok=true, sequence=289, session=1, since_previous_ms=39, slot=1, source_tiles=6144x6144, total_ms=57175}
[Super Big Map][LoadingTiming] STEP terrain stretch grid suite complete {completed_grids=4, destination_tiles=8192x8192, environment=Surface, hex_size=820x946, map=BlankTerraceBig_05, map_ref=table: 000001F6D59732C8, mapdata_size=8192x8192, sequence=290, session=1, since_previous_ms=1, slot=1, source_tiles=6144x6144, total_ms=57176}
[Super Big Map][LoadingTiming] PHASE_END Please wait. {destination_tiles=8192x8192, duration_ms=1881, environment=Surface, hex_size=820x946, map=BlankTerraceBig_05, map_ref=table: 000001F6D59732C8, mapdata_size=8192x8192, ok=true, sequence=291, session=1, slot=1, source_tiles=6144x6144, total_ms=57176}
[Super Big Map][LoadingTiming] PHASE_BEGIN Repositioning surface rocks and decorations {destination_tiles=8192x8192, environment=Surface, hex_size=820x946, map=BlankTerraceBig_05, map_ref=table: 000001F6D59732C8, mapdata_size=8192x8192, sequence=292, session=1, slot=1, source_tiles=6144x6144, total_ms=57176}
							Lua 0:01:18:533
[Super Big Map][LoadingTiming] STEP native rock support grounding complete {apply_ms=1, capture_ms=1239, contacts=18847, destination_tiles=8192x8192, eligible=12189, environment=Surface, failures=0, hex_size=820x946, lowered=0, map=BlankTerraceBig_05, map_ref=table: 000001F6D59732C8, mapdata_size=8192x8192, max_lowering=0, probes=138844, rays=97361, sequence=293, session=1, since_previous_ms=459, slot=1, source_tiles=6144x6144, total_lowering=0, total_ms=57635, unchanged=1712}
[Super Big Map][LoadingTiming] STEP decoration stretch placement complete {cave_in_expanded_shape_hexes=0, cave_in_rubble=0, cave_in_source_shape_hexes=0, cave_ins_transformed=0, destination_tiles=8192x8192, environment=Surface, explicit_z_captured=4858, hex_size=820x946, map=BlankTerraceBig_05, map_ref=table: 000001F6D59732C8, mapdata_size=8192x8192, moved=16249, placement_inputs=16249, preclassified=true, relief_placed=4858, reused_collection=true, rubble_walls_transformed=0, scanned=16700, sequence=294, session=1, setpos_failures=0, since_previous_ms=0, slot=1, source_tiles=6144x6144, terrain_glued_captured=11391, terrain_snapped=11391, topup_clones=0, total_ms=57635, tunnel_blocker_rubble=0, unresolved_z=0}
							Lua 0:01:18:756
[Super Big Map][LoadingTiming] STEP prefab feature game logic correspondence {actual_safari=78, created_safari=78, destination_tiles=8192x8192, environment=Surface, expected_safari=78, hex_size=820x946, map=BlankTerraceBig_05, map_ref=table: 000001F6D59732C8, mapdata_size=8192x8192, markers=174, matched_safari=0, removed_orphan_safari=78, replayed_markers=0, sequence=295, session=1, since_previous_ms=223, slot=1, source_tiles=6144x6144, total_ms=57858}
[Super Big Map][LoadingTiming] PHASE_END Repositioning surface rocks and decorations {destination_tiles=8192x8192, duration_ms=682, environment=Surface, hex_size=820x946, map=BlankTerraceBig_05, map_ref=table: 000001F6D59732C8, mapdata_size=8192x8192, ok=true, sequence=296, session=1, slot=1, source_tiles=6144x6144, total_ms=57858}
[Super Big Map][LoadingTiming] PHASE_BEGIN Restoring the vanilla resources and anomalies {destination_tiles=8192x8192, environment=Surface, hex_size=820x946, map=BlankTerraceBig_05, map_ref=table: 000001F6D59732C8, mapdata_size=8192x8192, sequence=297, session=1, slot=1, source_tiles=6144x6144, total_ms=57858}
							Lua 0:01:18:823
[Super Big Map][LoadingTiming] STEP deferred vanilla breakthrough initialization complete {after=9, before=13, destination_tiles=8192x8192, environment=Surface, hex_size=820x946, map=BlankTerraceBig_05, map_ref=table: 000001F6D59732C8, mapdata_size=8192x8192, reason=surface after native enrichment recreation, removed=4, sequence=298, session=1, since_previous_ms=67, slot=1, source_tiles=6144x6144, staged_extra=0, staged_missing=0, staged_order=13, staged_resolved=13, total_ms=57925}
[Super Big Map][LoadingTiming] PHASE_END Restoring the vanilla resources and anomalies {destination_tiles=8192x8192, duration_ms=67, environment=Surface, hex_size=820x946, map=BlankTerraceBig_05, map_ref=table: 000001F6D59732C8, mapdata_size=8192x8192, ok=true, sequence=299, session=1, slot=1, source_tiles=6144x6144, total_ms=57925}
							Lua 0:01:18:824
[Super Big Map][LoadingTiming] PHASE_BEGIN Repositioning surface resource deposits {destination_tiles=8192x8192, environment=Surface, hex_size=820x946, map=BlankTerraceBig_05, map_ref=table: 000001F6D59732C8, mapdata_size=8192x8192, sequence=300, session=1, slot=1, source_tiles=6144x6144, total_ms=57925}
[Super Big Map][LoadingTiming] STEP BEGIN surface scale marker objects {destination_tiles=8192x8192, environment=Surface, hex_size=820x946, map=BlankTerraceBig_05, map_ref=table: 000001F6D59732C8, mapdata_size=8192x8192, sequence=301, session=1, since_previous_ms=1, slot=1, source_tiles=6144x6144, total_ms=57926}
							Lua 0:01:18:844
[Super Big Map][LoadingTiming] STEP END surface scale marker objects {begin_session=1, destination_tiles=8192x8192, duration_ms=20, environment=Surface, hex_size=820x946, map=BlankTerraceBig_05, map_ref=table: 000001F6D59732C8, mapdata_size=8192x8192, moved=0, ok=true, sequence=302, session=1, since_previous_ms=20, slot=1, source_tiles=6144x6144, total_ms=57946}
							Lua 0:01:18:845
[Super Big Map][LoadingTiming] STEP BEGIN surface verify native enrichment transform {destination_tiles=8192x8192, environment=Surface, hex_size=820x946, map=BlankTerraceBig_05, map_ref=table: 000001F6D59732C8, mapdata_size=8192x8192, sequence=303, session=1, since_previous_ms=1, slot=1, source_tiles=6144x6144, total_ms=57947}
							Lua 0:01:18:851
[Super Big Map][LoadingTiming] STEP END surface verify native enrichment transform {begin_session=1, destination_tiles=8192x8192, duration_ms=6, environment=Surface, hex_size=820x946, map=BlankTerraceBig_05, map_ref=table: 000001F6D59732C8, mapdata_size=8192x8192, mismatches=0, ok=true, sequence=304, session=1, since_previous_ms=6, slot=1, source_tiles=6144x6144, total_ms=57953}
[Super Big Map][LoadingTiming] PHASE_END Repositioning surface resource deposits {destination_tiles=8192x8192, duration_ms=28, environment=Surface, hex_size=820x946, map=BlankTerraceBig_05, map_ref=table: 000001F6D59732C8, mapdata_size=8192x8192, ok=true, sequence=305, session=1, slot=1, source_tiles=6144x6144, total_ms=57953}
[Super Big Map][LoadingTiming] PHASE_BEGIN Restoring surface decoration density {destination_tiles=8192x8192, environment=Surface, hex_size=820x946, map=BlankTerraceBig_05, map_ref=table: 000001F6D59732C8, mapdata_size=8192x8192, sequence=306, session=1, slot=1, source_tiles=6144x6144, total_ms=57953}
[Super Big Map][LoadingTiming] STEP BEGIN surface engine decor pass {destination_tiles=8192x8192, environment=Surface, hex_size=820x946, map=BlankTerraceBig_05, map_ref=table: 000001F6D59732C8, mapdata_size=8192x8192, sequence=307, session=1, since_previous_ms=0, slot=1, source_tiles=6144x6144, total_ms=57953}
							Lua 0:01:19:601
[DebugAdapter] New connection to DebugAddapter 127.0.0.1:55725
							Lua 0:01:20:066
[DebugAdapter] Connection lost to 127.0.0.1:55725 
							Lua 0:01:28:619
[Super Big Map][LoadingTiming] STEP END surface engine decor pass {area_factor=1.778, band_known=true, begin_session=1, decor_sites=1461, decorated_circles=376, decoration_passes=2, decoration_ratio=25, destination_tiles=8192x8192, dropped_non_cosmetic=51, dropped_out_of_band=13, duration_ms=9768, enabled=true, environment=Surface, failed=0, fallback_sites=131, generator_present=true, hex_size=820x946, map=BlankTerraceBig_05, map_ref=table: 000001F6D59732C8, mapdata_size=8192x8192, markers_resolved=1911, markers_unresolved=116, ms=9768, objects=5456, obstruct_circles=302, ok=true, placed=190, placed_authored=9, placed_synthetic=181, preset=MAIN, ring_objects=0, seed=-8390921514018468018, seed_source=generator, sequence=308, session=1, since_previous_ms=9768, sites_exhausted=true, sites_prestretched=1461, sites_relocated=0, skipped_band=0, skipped_bounds=0, skipped_by_decorated=130, skipped_by_obstruct=1077, skipped_no_match=0, skipped_obstructed=1207, slot=1, source_tiles=6144x6144, synthetic_allowed_types=17, synthetic_attempts=727247, synthetic_budget=36200, synthetic_escalations=762, synthetic_finite_attempts=701139, synthetic_finite_templates_left=254, synthetic_max_reach_percent=2800, synthetic_random_attempts=26108, synthetic_reach_cap_percent=2800, synthetic_rejected_band=24, synthetic_rejected_bounds=502, synthetic_rejected_decorated=60756, synthetic_rejected_empty=4, synthetic_rejected_failed=0, synthetic_rejected_no_match=0, synthetic_rejected_obstruct=652582, synthetic_rejected_terrain=13198, synthetic_templates=254, synthetic_templates_exhausted=0, synthetic_templates_left=0, target=190, total_ms=67721, unused_sites=1216, vanilla_decor_groups=245, version=10}
[Super Big Map][LoadingTiming] STEP BEGIN surface resume combined pass edits {destination_tiles=8192x8192, environment=Surface, hex_size=820x946, map=BlankTerraceBig_05, map_ref=table: 000001F6D59732C8, mapdata_size=8192x8192, sequence=309, session=1, since_previous_ms=0, slot=1, source_tiles=6144x6144, total_ms=67721}
							Lua 0:01:34:255
[Super Big Map][LoadingTiming] STEP END surface resume combined pass edits {authoritative_passability_rebuild=true, begin_session=1, destination_tiles=8192x8192, duration_ms=5636, environment=Surface, hex_size=820x946, map=BlankTerraceBig_05, map_ref=table: 000001F6D59732C8, mapdata_size=8192x8192, ok=true, sequence=310, session=1, since_previous_ms=5636, slot=1, source_tiles=6144x6144, total_ms=73357}
[Super Big Map][LoadingTiming] STEP BEGIN surface select stretched vanilla initial reveal {destination_tiles=8192x8192, environment=Surface, hex_size=820x946, map=BlankTerraceBig_05, map_ref=table: 000001F6D59732C8, mapdata_size=8192x8192, sequence=311, session=1, since_previous_ms=0, slot=1, source_tiles=6144x6144, total_ms=73357}
							Lua 0:01:34:257
no sectors found with enough average expected metals
							Lua 0:01:34:311
[Super Big Map][LoadingTiming] STEP END surface select stretched vanilla initial reveal {begin_session=1, destination_tiles=8192x8192, duration_ms=56, environment=Surface, hex_size=820x946, map=BlankTerraceBig_05, map_ref=table: 000001F6D59732C8, mapdata_size=8192x8192, ok=true, scanned=1, sequence=312, session=1, since_previous_ms=56, slot=1, source_tiles=6144x6144, total_ms=73413}
[Super Big Map][LoadingTiming] PHASE_END Restoring surface decoration density {destination_tiles=8192x8192, duration_ms=15460, environment=Surface, hex_size=820x946, map=BlankTerraceBig_05, map_ref=table: 000001F6D59732C8, mapdata_size=8192x8192, ok=true, sequence=313, session=1, slot=1, source_tiles=6144x6144, total_ms=73413}
[Super Big Map][LoadingTiming] PHASE_BEGIN Rebuilding the surface build grid {destination_tiles=8192x8192, environment=Surface, hex_size=820x946, map=BlankTerraceBig_05, map_ref=table: 000001F6D59732C8, mapdata_size=8192x8192, sequence=314, session=1, slot=1, source_tiles=6144x6144, total_ms=73413}
[Super Big Map][LoadingTiming] STEP BEGIN surface final RebuildBuildableGrid {destination_tiles=8192x8192, environment=Surface, hex_size=820x946, map=BlankTerraceBig_05, map_ref=table: 000001F6D59732C8, mapdata_size=8192x8192, sequence=315, session=1, since_previous_ms=0, slot=1, source_tiles=6144x6144, total_ms=73413}
							Lua 0:01:35:227
Buildable grid ready: 74/5155 valid zones.
							Lua 0:01:35:228
[Super Big Map][LoadingTiming] STEP END surface final RebuildBuildableGrid {begin_session=1, destination_tiles=8192x8192, duration_ms=916, environment=Surface, error=, hex_size=820x946, map=BlankTerraceBig_05, map_ref=table: 000001F6D59732C8, mapdata_size=8192x8192, ok=true, sequence=316, session=1, since_previous_ms=916, slot=1, source_tiles=6144x6144, total_ms=74329}
[Super Big Map][LoadingTiming] STEP natural mountain-base buildable apron audit {buildable_centers=11, created=64, destination_tiles=8192x8192, environment=Surface, failed_centers=53, hex_size=820x946, map=BlankTerraceBig_05, map_ref=table: 000001F6D59732C8, mapdata_size=8192x8192, reason=final grid contains usable apron centers, sequence=317, session=1, since_previous_ms=1, slot=1, source_tiles=6144x6144, total_ms=74330}
[Super Big Map][LoadingTiming] STEP surface mountain-base apron buildable verdict {buildable_centers=11, created=64, destination_tiles=8192x8192, environment=Surface, failed_centers=53, hex_size=820x946, map=BlankTerraceBig_05, map_ref=table: 000001F6D59732C8, mapdata_size=8192x8192, ok=true, reason=final grid contains usable apron centers, sequence=318, session=1, since_previous_ms=0, slot=1, source_tiles=6144x6144, total_ms=74330}
							Lua 0:01:35:229
[Super Big Map][LoadingTiming] STEP BEGIN surface enforce scan gate {destination_tiles=8192x8192, environment=Surface, hex_size=820x946, map=BlankTerraceBig_05, map_ref=table: 000001F6D59732C8, mapdata_size=8192x8192, sequence=319, session=1, since_previous_ms=1, slot=1, source_tiles=6144x6144, total_ms=74331}
							Lua 0:01:35:234
[Super Big Map][LoadingTiming] STEP END surface enforce scan gate {begin_session=1, destination_tiles=8192x8192, duration_ms=6, environment=Surface, first_result=nil, hex_size=820x946, map=BlankTerraceBig_05, map_ref=table: 000001F6D59732C8, mapdata_size=8192x8192, ok=true, sequence=320, session=1, since_previous_ms=5, slot=1, source_tiles=6144x6144, total_ms=74336}
[Super Big Map][LoadingTiming] PHASE_END Rebuilding the surface build grid {destination_tiles=8192x8192, duration_ms=923, environment=Surface, hex_size=820x946, map=BlankTerraceBig_05, map_ref=table: 000001F6D59732C8, mapdata_size=8192x8192, ok=true, sequence=321, session=1, slot=1, source_tiles=6144x6144, total_ms=74336}
							Lua 0:01:35:235
[Super Big Map][LoadingTiming] PHASE_BEGIN Distributing surface resources and anomalies {destination_tiles=8192x8192, environment=Surface, hex_size=820x946, map=BlankTerraceBig_05, map_ref=table: 000001F6D59732C8, mapdata_size=8192x8192, sequence=322, session=1, slot=1, source_tiles=6144x6144, total_ms=74336}
[Super Big Map][LoadingTiming] STEP BEGIN surface top-up resources {destination_tiles=8192x8192, environment=Surface, hex_size=820x946, map=BlankTerraceBig_05, map_ref=table: 000001F6D59732C8, mapdata_size=8192x8192, sequence=323, session=1, since_previous_ms=1, slot=1, source_tiles=6144x6144, total_ms=74337}
							Lua 0:01:35:800
[Super Big Map][TopUpCandidatePool] kind=resources target=0 valid=246 sampled=1815 deferred=346 promoted=16 added=215 sequential=true surface_sector_filter=true buildable_sectors=229 unbuildable_sectors=170 unknown_sectors=0 selector_load_cache_reuses=179 planned_sector_fast_path=1815 deferred_reachability=false reachability_checks=0 reachability_rejections=0 remaining=0
[Super Big Map][LoadingTiming] STEP END surface top-up resources {begin_session=1, destination_tiles=8192x8192, duration_ms=565, environment=Surface, first_result=nil, hex_size=820x946, map=BlankTerraceBig_05, map_ref=table: 000001F6D59732C8, mapdata_size=8192x8192, ok=true, sequence=324, session=1, since_previous_ms=565, slot=1, source_tiles=6144x6144, total_ms=74902}
[Super Big Map][LoadingTiming] STEP BEGIN surface prepare outer resource terrain {destination_tiles=8192x8192, environment=Surface, hex_size=820x946, map=BlankTerraceBig_05, map_ref=table: 000001F6D59732C8, mapdata_size=8192x8192, sequence=325, session=1, since_previous_ms=0, slot=1, source_tiles=6144x6144, total_ms=74902}
							Lua 0:01:39:185
[Super Big Map][TerrainCreaseRepair] TERMINAL_STRIP_SKIPPED {destination_tiles=8192x8192, dirty_regions=table: 000001F6DD4872A8, environment=Surface, hex_size=820x946, map=BlankTerraceBig_05, map_ref=table: 000001F6D59732C8, mapdata_size=8192x8192, max_drop=0, modified=0, reason=no coherent raised terminal strip, slot=1, source_tiles=6144x6144, spans=, threshold=129, width=3}
							Lua 0:01:39:213
[Super Big Map][LoadingTiming] STEP outer resource access and cluster landing terrain {destination_tiles=8192x8192, dirty_height_regions=table: 000001F6E201EE70, dirty_region_certificate_version=1, dirty_region_count=50, environment=Surface, error=, extractor_resources=16, forced_resource_repairs=0, height_grid_height=8192, height_grid_width=8192, height_tile_size=100, hex_size=820x946, map=BlankTerraceBig_05, map_height=819200, map_ref=table: 000001F6D59732C8, map_width=819200, mapdata_size=8192x8192, modified_cells=3460749, native_mask_samples=740771, native_raster_cells=11716334, native_sample_step=4, patches=50, reason=minimal resource terrain prepared, resource_clusters=11, resource_sites_modified=39, resources=43, ring_sectors=2, rocket_pads=11, rocket_pads_modified=11, rocket_sampling=table: 000001F6D7DF2A20, rocket_shape_hexes=91, rocket_shape_radius=6, sequence=326, session=1, since_previous_ms=3413, slot=1, source_tiles=6144x6144, surface_resources=27, total_ms=78315}
[Super Big Map][OuterResourceTerrain] resources=43 surface=27 extractor=16 resource_modified=39 rocket_pads=11 rocket_modified=11 rocket_shape_radius=6 patches=50 modified_cells=3460749 native_cells=11716334 native_samples=740771 error=
[Super Big Map][LoadingTiming] STEP END surface prepare outer resource terrain {begin_session=1, destination_tiles=8192x8192, duration_ms=3413, environment=Surface, first_result=true, hex_size=820x946, map=BlankTerraceBig_05, map_ref=table: 000001F6D59732C8, mapdata_size=8192x8192, ok=true, sequence=327, session=1, since_previous_ms=0, slot=1, source_tiles=6144x6144, total_ms=78315}
							Lua 0:01:39:214
[Super Big Map][LoadingTiming] STEP BEGIN surface outer resource dirty-region RebuildPassability (after outer resource terrain preparation) {dependency_margin=100, destination_tiles=8192x8192, environment=Surface, hex_size=820x946, map=BlankTerraceBig_05, map_ref=table: 000001F6D59732C8, mapdata_size=8192x8192, regions=50, sequence=328, session=1, since_previous_ms=1, slot=1, source_tiles=6144x6144, total_ms=78316}
							Lua 0:01:40:422
[Super Big Map][LoadingTiming] STEP END surface outer resource dirty-region RebuildPassability (after outer resource terrain preparation) {begin_session=1, destination_tiles=8192x8192, duration_ms=1208, environment=Surface, error=, hex_size=820x946, map=BlankTerraceBig_05, map_ref=table: 000001F6D59732C8, mapdata_size=8192x8192, ok=true, regions=50, sequence=329, session=1, since_previous_ms=1208, slot=1, source_tiles=6144x6144, total_ms=79524}
[Super Big Map][LoadingTiming] STEP BEGIN surface outer resource RebuildBuildableGrid (after outer resource terrain preparation) {destination_tiles=8192x8192, environment=Surface, hex_size=820x946, map=BlankTerraceBig_05, map_ref=table: 000001F6D59732C8, mapdata_size=8192x8192, sequence=330, session=1, since_previous_ms=0, slot=1, source_tiles=6144x6144, total_ms=79524}
							Lua 0:01:41:301
Buildable grid ready: 85/5149 valid zones.
							Lua 0:01:41:302
[Super Big Map][LoadingTiming] STEP END surface outer resource RebuildBuildableGrid (after outer resource terrain preparation) {begin_session=1, destination_tiles=8192x8192, duration_ms=879, environment=Surface, error=, hex_size=820x946, map=BlankTerraceBig_05, map_ref=table: 000001F6D59732C8, mapdata_size=8192x8192, ok=true, sequence=331, session=1, since_previous_ms=879, slot=1, source_tiles=6144x6144, total_ms=80403}
							Lua 0:01:41:308
[Super Big Map][LoadingTiming] STEP outer resource terrain final audit {cluster_anchor_failures=0, cluster_excess=0, cluster_extractor_excess=0, cluster_extractor_maximum=3, cluster_extractor_minimum=1, cluster_extractor_shortfall=0, cluster_maximum=12, cluster_minimum=8, cluster_premium_excess=0, cluster_resource_excess=0, cluster_resource_maximum=5, cluster_resource_minimum=1, cluster_resource_shortfall=0, cluster_shortfall=0, cluster_weighted_composition_failures=0, destination_tiles=8192x8192, environment=Surface, extractor_buildable=16, first_resource_failure=, first_rocket_failure=, hex_size=820x946, map=BlankTerraceBig_05, map_ref=table: 000001F6D59732C8, mapdata_size=8192x8192, maximum_cluster_extractors=2, maximum_cluster_resources=5, minimum_cluster_extractors=1, minimum_cluster_resources=3, passability_clears=0, reason=all outer resource terrain contracts verified, resource_clusters=11, resource_failure_breakdown=table: 000001F6DD49CC48, resource_failures=0, resources=43, rocket_failure_breakdown=table: 000001F6DA3F6268, rocket_failures=0, rocket_pads=11, sequence=332, session=1, since_previous_ms=7, slot=1, source_tiles=6144x6144, surface_passable=27, total_ms=80410, verified_modified_mountain_rocket_pads=11}
							Lua 0:01:41:309
[Super Big Map][OuterResourceTerrainAudit] resources=43 surface_passable=27 extractor_buildable=16 resource_failures=0 rocket_pads=11 rocket_failures=0 passability_clears=0 resource_clusters=11 cluster_shortfall=0 cluster_excess=0 cluster_resources=3-5 cluster_resource_excess=0 cluster_min_extractors=1 cluster_max_extractors=2 cluster_extractor_shortfall=0 cluster_extractor_excess=0 weighted_failures=0 anchor_failures=0 premium_excess=0 first_resource_failure= first_rocket_failure= verified_mountain_effect_candidates=11
[Super Big Map][LoadingTiming] STEP BEGIN surface top-up anomalies {destination_tiles=8192x8192, environment=Surface, hex_size=820x946, map=BlankTerraceBig_05, map_ref=table: 000001F6D59732C8, mapdata_size=8192x8192, sequence=333, session=1, since_previous_ms=1, slot=1, source_tiles=6144x6144, total_ms=80411}
							Lua 0:01:41:334
[Super Big Map][OuterRingTopUpAnomalies] BEFORE count=28 sectors=144 bottom_sectors=40 right_sectors=40
							Lua 0:01:41:683
[Super Big Map][OuterRingTopUpAnomalies] AFTER count=28 sectors=144 bottom_sectors=40 right_sectors=40 inner_sectors=256 outer_count=28 inner_fallback_count=0 outer_reachable_candidates=167 inner_reachable_candidates=0 outer_random_samples=3040 inner_random_samples=0 inner_reused_candidates=0 buildable_filter=true buildable_outer_sectors=48 unbuildable_outer_sectors=96 unknown_buildable_sectors=0 planning_attempts=1 minimum_hex_distance=10 minimum_enrichment_hex_distance=3 maximum_per_sector=2 maximum_anomalies_in_resource_cluster=0
							Lua 0:01:41:685
[Super Big Map][AnomalyTopUp] source=breakthrough:9|complete:7|sequence:10|unlock:19 target=breakthrough:9|complete:12|sequence:18|unlock:34 final=breakthrough:9|complete:12|sequence:18|unlock:34 added=complete:5|sequence:8|unlock:15 added_total=28 remaining=0 candidates=0 sampled=0 mountain_base=0/21 base_quota_shortfall=21 reused=false sequential=false deferred_reachability=false reachability_checks=0 reachability_rejections=0
[Super Big Map][LoadingTiming] STEP END surface top-up anomalies {begin_session=1, destination_tiles=8192x8192, duration_ms=376, environment=Surface, first_result=nil, hex_size=820x946, map=BlankTerraceBig_05, map_ref=table: 000001F6D59732C8, mapdata_size=8192x8192, ok=true, sequence=334, session=1, since_previous_ms=376, slot=1, source_tiles=6144x6144, total_ms=80787}
[Super Big Map][LoadingTiming] STEP BEGIN surface top-up effect deposits {destination_tiles=8192x8192, environment=Surface, hex_size=820x946, map=BlankTerraceBig_05, map_ref=table: 000001F6D59732C8, mapdata_size=8192x8192, sequence=335, session=1, since_previous_ms=0, slot=1, source_tiles=6144x6144, total_ms=80787}
							Lua 0:01:41:722
[Super Big Map][TopUpCandidatePool] kind=effects valid=8 sampled=55 reused=false sequential=true shared_samples=0 sector_samples=0 whole_map_samples=0 shared_published=0 deferred_reachability=false reachability_checks=0 reachability_rejections=0 exclusion_ring=2 ring_rejected=14 remaining=0
[Super Big Map][LoadingTiming] STEP END surface top-up effect deposits {begin_session=1, destination_tiles=8192x8192, duration_ms=37, environment=Surface, first_result=nil, hex_size=820x946, map=BlankTerraceBig_05, map_ref=table: 000001F6D59732C8, mapdata_size=8192x8192, ok=true, sequence=336, session=1, since_previous_ms=37, slot=1, source_tiles=6144x6144, total_ms=80824}
							Lua 0:01:41:723
[Super Big Map][LoadingTiming] STEP BEGIN surface register top-up markers {destination_tiles=8192x8192, environment=Surface, hex_size=820x946, map=BlankTerraceBig_05, map_ref=table: 000001F6D59732C8, mapdata_size=8192x8192, sequence=337, session=1, since_previous_ms=1, slot=1, source_tiles=6144x6144, total_ms=80825}
							Lua 0:01:41:727
[Super Big Map][LoadingTiming] STEP END surface register top-up markers {begin_session=1, destination_tiles=8192x8192, duration_ms=5, environment=Surface, first_result=nil, hex_size=820x946, map=BlankTerraceBig_05, map_ref=table: 000001F6D59732C8, mapdata_size=8192x8192, ok=true, sequence=338, session=1, since_previous_ms=4, slot=1, source_tiles=6144x6144, total_ms=80829}
[Super Big Map][LoadingTiming] STEP BEGIN surface resolve marker overlaps {destination_tiles=8192x8192, environment=Surface, hex_size=820x946, map=BlankTerraceBig_05, map_ref=table: 000001F6D59732C8, mapdata_size=8192x8192, sequence=339, session=1, since_previous_ms=0, slot=1, source_tiles=6144x6144, total_ms=80829}
							Lua 0:01:41:755
[Super Big Map][LoadingTiming] STEP END surface resolve marker overlaps {begin_session=1, destination_tiles=8192x8192, duration_ms=28, environment=Surface, first_result=0, hex_size=820x946, map=BlankTerraceBig_05, map_ref=table: 000001F6D59732C8, mapdata_size=8192x8192, ok=true, sequence=340, session=1, since_previous_ms=28, slot=1, source_tiles=6144x6144, total_ms=80857}
[Super Big Map][LoadingTiming] STEP BEGIN surface hard top-up spacing audit {destination_tiles=8192x8192, environment=Surface, hex_size=820x946, map=BlankTerraceBig_05, map_ref=table: 000001F6D59732C8, mapdata_size=8192x8192, sequence=341, session=1, since_previous_ms=0, slot=1, source_tiles=6144x6144, total_ms=80857}
							Lua 0:01:41:815
[Super Big Map][LoadingTiming] STEP END surface hard top-up spacing audit {begin_session=1, density_status=resources=true anomalies=true effects=true, destination_tiles=8192x8192, duplicate_hex_pairs=0, duration_ms=60, environment=Surface, first_duplicate_hex_pair=, first_repulsion_violation=, hex_size=820x946, map=BlankTerraceBig_05, map_ref=table: 000001F6D59732C8, mapdata_size=8192x8192, markers=583, ok=true, outer_ring_spacing_violations=0, sequence=342, session=1, since_previous_ms=60, slot=1, source_tiles=6144x6144, surface_quota_spacing_violations=0, surface_quota_topups=40, topups=251, total_ms=80917, violations=0}
[Super Big Map][LoadingTiming] STEP BEGIN surface top-up placement audit {destination_tiles=8192x8192, environment=Surface, hex_size=820x946, map=BlankTerraceBig_05, map_ref=table: 000001F6D59732C8, mapdata_size=8192x8192, sequence=343, session=1, since_previous_ms=0, slot=1, source_tiles=6144x6144, total_ms=80917}
							Lua 0:01:41:816
[Super Big Map][LoadingTiming] STEP END surface top-up placement audit {begin_session=1, destination_tiles=8192x8192, duration_ms=0, environment=Surface, first_result=true, hex_size=820x946, map=BlankTerraceBig_05, map_ref=table: 000001F6D59732C8, mapdata_size=8192x8192, ok=true, sequence=344, session=1, since_previous_ms=0, slot=1, source_tiles=6144x6144, total_ms=80917}
							Lua 0:01:41:825
[Super Big Map][OuterResourceTopUpCensus] phase=pre-reveal marker census surface final ordinary_resource_topups=43 ordinary_resource_topups_placed=0 ordinary_resource_topups_visible=0 ordinary_resource_topups_outermost=24 guaranteed_resource_topups_outermost=23 guaranteed_resource_topups_inner_band=17 anomaly_topups=28 anomaly_topups_total=28 anomaly_topups_placed=0 anomaly_topups_outside_ring=0 maximum_anomalies_in_resource_cluster=0 anomaly_resource_cluster_overflow=0 maximum_total_members_in_resource_cluster=5 cluster_total_member_overflow=0 effect_topups=0 effect_topups_placed=0 verified_mountain_rocket_pad_effect_topups=0 unverified_outer_effect_topups=0 native_resources=0 resource_breakdown=Concrete:2|Metals:39|Polymers:2 anomaly_breakdown=complete:5|false:8|unlock:15 effect_breakdown=BeautyEffectDeposit:2|ResearchEffectDeposit:6 require_placed=false minimum=0 outermost_minimum=0 inner_band_minimum=0 shortfall=0 outermost_shortfall=0 inner_band_shortfall=0
							Lua 0:01:41:826
[Super Big Map][LoadingTiming] STEP BEGIN diagnostic surface enrichment audit {destination_tiles=8192x8192, environment=Surface, hex_size=820x946, map=BlankTerraceBig_05, map_ref=table: 000001F6D59732C8, mapdata_size=8192x8192, sequence=345, session=1, since_previous_ms=10, slot=1, source_tiles=6144x6144, total_ms=80927}
[Super Big Map][LoadingTiming] STEP END diagnostic surface enrichment audit {audit_ok=true, begin_session=1, destination_tiles=8192x8192, duration_ms=1, environment=Surface, error=, hex_size=820x946, map=BlankTerraceBig_05, map_ref=table: 000001F6D59732C8, mapdata_size=8192x8192, ok=true, sequence=346, session=1, since_previous_ms=1, slot=1, source_tiles=6144x6144, total_ms=80928}
							Lua 0:01:42:404
[Super Big Map][LoadingTiming] PHASE_END Distributing surface resources and anomalies {destination_tiles=8192x8192, duration_ms=7170, environment=Surface, hex_size=820x946, map=BlankTerraceBig_05, map_ref=table: 000001F6D59732C8, mapdata_size=8192x8192, ok=true, sequence=347, session=1, slot=1, source_tiles=6144x6144, total_ms=81506}
							Lua 0:01:42:405
[Super Big Map][LoadingTiming] PHASE_BEGIN Aligning the underground entrances {destination_tiles=8192x8192, environment=Surface, hex_size=820x946, map=BlankTerraceBig_05, map_ref=table: 000001F6D59732C8, mapdata_size=8192x8192, sequence=348, session=1, slot=1, source_tiles=6144x6144, total_ms=81506}
							Lua 0:01:43:054
[Super Big Map][LoadingTiming] PHASE_END Aligning the underground entrances {destination_tiles=8192x8192, duration_ms=650, environment=Surface, hex_size=820x946, map=BlankTerraceBig_05, map_ref=table: 000001F6D59732C8, mapdata_size=8192x8192, ok=true, sequence=349, session=1, slot=1, source_tiles=6144x6144, total_ms=82156}
[Super Big Map][LoadingTiming] PHASE_BEGIN Finalizing surface gameplay grids {destination_tiles=8192x8192, environment=Surface, hex_size=820x946, map=BlankTerraceBig_05, map_ref=table: 000001F6D59732C8, mapdata_size=8192x8192, sequence=350, session=1, slot=1, source_tiles=6144x6144, total_ms=82156}
							Lua 0:01:43:070
[Super Big Map][LoadingTiming] STEP BEGIN surface final RebuildPassability (after last object-grid transaction) {destination_tiles=8192x8192, environment=Surface, hex_size=820x946, map=BlankTerraceBig_05, map_ref=table: 000001F6D59732C8, mapdata_size=8192x8192, sequence=351, session=1, since_previous_ms=16, slot=1, source_tiles=6144x6144, total_ms=82172}
							Lua 0:01:48:398
[Super Big Map][LoadingTiming] STEP END surface final RebuildPassability (after last object-grid transaction) {begin_session=1, destination_tiles=8192x8192, duration_ms=5327, environment=Surface, error=, hex_size=820x946, map=BlankTerraceBig_05, map_ref=table: 000001F6D59732C8, mapdata_size=8192x8192, ok=true, sequence=352, session=1, since_previous_ms=5327, slot=1, source_tiles=6144x6144, total_ms=87499}
							Lua 0:01:48:413
[Super Big Map][LoadingTiming] PHASE_END Finalizing surface gameplay grids {destination_tiles=8192x8192, duration_ms=5358, environment=Surface, hex_size=820x946, map=BlankTerraceBig_05, map_ref=table: 000001F6D59732C8, mapdata_size=8192x8192, ok=true, sequence=353, session=1, slot=1, source_tiles=6144x6144, total_ms=87514}
[Super Big Map][LoadingTiming] PHASE_BEGIN Rebuilding the final surface build grid {destination_tiles=8192x8192, environment=Surface, hex_size=820x946, map=BlankTerraceBig_05, map_ref=table: 000001F6D59732C8, mapdata_size=8192x8192, sequence=354, session=1, slot=1, source_tiles=6144x6144, total_ms=87514}
[Super Big Map][LoadingTiming] STEP BEGIN surface final RebuildBuildableGrid (after last object-grid transaction) {destination_tiles=8192x8192, environment=Surface, hex_size=820x946, map=BlankTerraceBig_05, map_ref=table: 000001F6D59732C8, mapdata_size=8192x8192, sequence=355, session=1, since_previous_ms=1, slot=1, source_tiles=6144x6144, total_ms=87515}
							Lua 0:01:49:374
Buildable grid ready: 85/5149 valid zones.
							Lua 0:01:49:375
[Super Big Map][LoadingTiming] STEP END surface final RebuildBuildableGrid (after last object-grid transaction) {begin_session=1, destination_tiles=8192x8192, duration_ms=961, environment=Surface, error=, hex_size=820x946, map=BlankTerraceBig_05, map_ref=table: 000001F6D59732C8, mapdata_size=8192x8192, ok=true, sequence=356, session=1, since_previous_ms=961, slot=1, source_tiles=6144x6144, total_ms=88476}
[Super Big Map][LoadingTiming] STEP END surface expansion pipeline {begin_session=1, destination_tiles=8192x8192, duration_ms=33190, environment=Surface, error=, hex_size=820x946, map=BlankTerraceBig_05, map_ref=table: 000001F6D59732C8, mapdata_size=8192x8192, ok=true, sequence=357, session=1, since_previous_ms=1, slot=1, source_tiles=6144x6144, terrain_grids=4, total_ms=88477}
							Lua 0:01:49:607
[Super Big Map][LoadingTiming] STEP derived object provenance recorded {derived=12, destination_tiles=8192x8192, environment=Surface, error=, hex_size=820x946, map=BlankTerraceBig_05, map_ref=table: 000001F6D59732C8, mapdata_size=8192x8192, reason=surface stretch complete, sequence=358, session=1, since_previous_ms=231, slot=1, source_tiles=6144x6144, total_ms=88708, unresolved=6507}
							Lua 0:01:49:608
[Super Big Map][LoadingTiming] PHASE_END Rebuilding the final surface build grid {destination_tiles=8192x8192, duration_ms=1196, environment=Surface, hex_size=820x946, map=BlankTerraceBig_05, map_ref=table: 000001F6D59732C8, mapdata_size=8192x8192, ok=true, sequence=359, session=1, slot=1, source_tiles=6144x6144, total_ms=88710}
							Lua 0:01:49:609
[Super Big Map][LoadingTiming] SUMMARY surface expansion pipeline {calls=1, destination_tiles=8192x8192, environment=Surface, hex_size=820x946, map=BlankTerraceBig_05, map_ref=table: 000001F6D59732C8, mapdata_size=8192x8192, max_ms=33190, rank=1, session=1, slot=1, source_tiles=6144x6144, total_ms=33190}
[Super Big Map][LoadingTiming] SUMMARY phase: Finishing the expanded map... {calls=1, destination_tiles=8192x8192, environment=Surface, hex_size=820x946, map=BlankTerraceBig_05, map_ref=table: 000001F6D59732C8, mapdata_size=8192x8192, max_ms=23714, rank=2, session=1, slot=1, source_tiles=6144x6144, total_ms=23714}
[Super Big Map][LoadingTiming] SUMMARY phase: Restoring surface decoration density {calls=1, destination_tiles=8192x8192, environment=Surface, hex_size=820x946, map=BlankTerraceBig_05, map_ref=table: 000001F6D59732C8, mapdata_size=8192x8192, max_ms=15460, rank=3, session=1, slot=1, source_tiles=6144x6144, total_ms=15460}
[Super Big Map][LoadingTiming] SUMMARY phase: Generating the exact vanilla source terrain... {calls=1, destination_tiles=8192x8192, environment=Surface, hex_size=820x946, map=BlankTerraceBig_05, map_ref=table: 000001F6D59732C8, mapdata_size=8192x8192, max_ms=13003, rank=4, session=1, slot=1, source_tiles=6144x6144, total_ms=13003}
[Super Big Map][LoadingTiming] SUMMARY phase: Migrating the vanilla source into the expanded terrain... {calls=1, destination_tiles=8192x8192, environment=Surface, hex_size=820x946, map=BlankTerraceBig_05, map_ref=table: 000001F6D59732C8, mapdata_size=8192x8192, max_ms=11197, rank=5, session=1, slot=1, source_tiles=6144x6144, total_ms=11197}
[Super Big Map][LoadingTiming] SUMMARY source-view RandomMapGenerator.DoGenerate on expanded backing {calls=1, destination_tiles=8192x8192, environment=Surface, hex_size=820x946, map=BlankTerraceBig_05, map_ref=table: 000001F6D59732C8, mapdata_size=8192x8192, max_ms=9840, rank=6, session=1, slot=1, source_tiles=6144x6144, total_ms=9840}
[Super Big Map][LoadingTiming] SUMMARY surface engine decor pass {calls=1, destination_tiles=8192x8192, environment=Surface, hex_size=820x946, map=BlankTerraceBig_05, map_ref=table: 000001F6D59732C8, mapdata_size=8192x8192, max_ms=9768, rank=7, session=1, slot=1, source_tiles=6144x6144, total_ms=9768}
[Super Big Map][LoadingTiming] SUMMARY phase: Distributing surface resources and anomalies {calls=1, destination_tiles=8192x8192, environment=Surface, hex_size=820x946, map=BlankTerraceBig_05, map_ref=table: 000001F6D59732C8, mapdata_size=8192x8192, max_ms=7170, rank=8, session=1, slot=1, source_tiles=6144x6144, total_ms=7170}
[Super Big Map][LoadingTiming] SUMMARY stretch temporary source terrain directly to destination {calls=1, destination_tiles=8192x8192, environment=Surface, hex_size=820x946, map=BlankTerraceBig_05, map_ref=table: 000001F6D59732C8, mapdata_size=8192x8192, max_ms=6949, rank=9, session=1, slot=1, source_tiles=6144x6144, total_ms=6949}
							Lua 0:01:49:610
[Super Big Map][LoadingTiming] SUMMARY terrain grid stretch: height {calls=1, destination_tiles=8192x8192, environment=Surface, hex_size=820x946, map=BlankTerraceBig_05, map_ref=table: 000001F6D59732C8, mapdata_size=8192x8192, max_ms=6340, rank=10, session=1, slot=1, source_tiles=6144x6144, total_ms=6340}
[Super Big Map][LoadingTiming] SUMMARY vanilla RandomMapGenerator.DoGenerate {calls=1, destination_tiles=8192x8192, environment=Surface, hex_size=820x946, map=BlankTerraceBig_05, map_ref=table: 000001F6D59732C8, mapdata_size=8192x8192, max_ms=6265, rank=11, session=1, slot=1, source_tiles=6144x6144, total_ms=6265}
[Super Big Map][LoadingTiming] SUMMARY surface resume combined pass edits {calls=1, destination_tiles=8192x8192, environment=Surface, hex_size=820x946, map=BlankTerraceBig_05, map_ref=table: 000001F6D59732C8, mapdata_size=8192x8192, max_ms=5636, rank=12, session=1, slot=1, source_tiles=6144x6144, total_ms=5636}
[Super Big Map][LoadingTiming] SUMMARY phase: Finalizing surface gameplay grids {calls=1, destination_tiles=8192x8192, environment=Surface, hex_size=820x946, map=BlankTerraceBig_05, map_ref=table: 000001F6D59732C8, mapdata_size=8192x8192, max_ms=5358, rank=13, session=1, slot=1, source_tiles=6144x6144, total_ms=5358}
[Super Big Map][LoadingTiming] SUMMARY surface final RebuildPassability (after last object-grid transaction) {calls=1, destination_tiles=8192x8192, environment=Surface, hex_size=820x946, map=BlankTerraceBig_05, map_ref=table: 000001F6D59732C8, mapdata_size=8192x8192, max_ms=5327, rank=14, session=1, slot=1, source_tiles=6144x6144, total_ms=5327}
[Super Big Map][LoadingTiming] SUMMARY surface prepare outer resource terrain {calls=1, destination_tiles=8192x8192, environment=Surface, hex_size=820x946, map=BlankTerraceBig_05, map_ref=table: 000001F6D59732C8, mapdata_size=8192x8192, max_ms=3413, rank=15, session=1, slot=1, source_tiles=6144x6144, total_ms=3413}
[Super Big Map][LoadingTiming] SUMMARY RandomMapGenerator.OnGenerateLogic {calls=2, destination_tiles=8192x8192, environment=Surface, hex_size=820x946, map=BlankTerraceBig_05, map_ref=table: 000001F6D59732C8, mapdata_size=8192x8192, max_ms=2709, rank=16, session=1, slot=1, source_tiles=6144x6144, total_ms=3285}
[Super Big Map][LoadingTiming] SUMMARY allocate temporary vanilla backing {calls=1, destination_tiles=8192x8192, environment=Surface, hex_size=820x946, map=BlankTerraceBig_05, map_ref=table: 000001F6D59732C8, mapdata_size=8192x8192, max_ms=2952, rank=17, session=1, slot=1, source_tiles=6144x6144, total_ms=2952}
[Super Big Map][LoadingTiming] SUMMARY capture transferred decor relief from temporary terrain {calls=1, destination_tiles=8192x8192, environment=Surface, hex_size=820x946, map=BlankTerraceBig_05, map_ref=table: 000001F6D59732C8, mapdata_size=8192x8192, max_ms=2856, rank=18, session=1, slot=1, source_tiles=6144x6144, total_ms=2856}
[Super Big Map][LoadingTiming] SUMMARY phase: Please wait. {calls=1, destination_tiles=8192x8192, environment=Surface, hex_size=820x946, map=BlankTerraceBig_05, map_ref=table: 000001F6D59732C8, mapdata_size=8192x8192, max_ms=1881, rank=19, session=1, slot=1, source_tiles=6144x6144, total_ms=1881}
							Lua 0:01:49:611
[Super Big Map][LoadingTiming] SUMMARY switch temporary generator current slot {calls=2, destination_tiles=8192x8192, environment=Surface, hex_size=820x946, map=BlankTerraceBig_05, map_ref=table: 000001F6D59732C8, mapdata_size=8192x8192, max_ms=1202, rank=20, session=1, slot=1, source_tiles=6144x6144, total_ms=1857}
[Super Big Map][LoadingTiming] SUMMARY finalize temporary source pass edits {calls=1, destination_tiles=8192x8192, environment=Surface, hex_size=820x946, map=BlankTerraceBig_05, map_ref=table: 000001F6D59732C8, mapdata_size=8192x8192, max_ms=1816, rank=21, session=1, slot=1, source_tiles=6144x6144, total_ms=1816}
[Super Big Map][LoadingTiming] SUMMARY deferred underground passage bootstrap {calls=1, destination_tiles=8192x8192, environment=Surface, hex_size=820x946, map=BlankTerraceBig_05, map_ref=table: 000001F6D59732C8, mapdata_size=8192x8192, max_ms=1698, rank=22, session=1, slot=1, source_tiles=6144x6144, total_ms=1698}
[Super Big Map][LoadingTiming] SUMMARY transfer generated non-enrichment objects {calls=1, destination_tiles=8192x8192, environment=Surface, hex_size=820x946, map=BlankTerraceBig_05, map_ref=table: 000001F6D59732C8, mapdata_size=8192x8192, max_ms=1382, rank=23, session=1, slot=1, source_tiles=6144x6144, total_ms=1382}
[Super Big Map][LoadingTiming] SUMMARY RandomMap procedure: ResolveBuildable {calls=2, destination_tiles=8192x8192, environment=Surface, hex_size=820x946, map=BlankTerraceBig_05, map_ref=table: 000001F6D59732C8, mapdata_size=8192x8192, max_ms=944, rank=24, session=1, slot=1, source_tiles=6144x6144, total_ms=1354}
[Super Big Map][LoadingTiming] SUMMARY surface outer resource dirty-region RebuildPassability (after outer resource terrain preparation) {calls=1, destination_tiles=8192x8192, environment=Surface, hex_size=820x946, map=BlankTerraceBig_05, map_ref=table: 000001F6D59732C8, mapdata_size=8192x8192, max_ms=1208, rank=25, session=1, slot=1, source_tiles=6144x6144, total_ms=1208}
[Super Big Map][LoadingTiming] SUMMARY phase: Rebuilding the final surface build grid {calls=1, destination_tiles=8192x8192, environment=Surface, hex_size=820x946, map=BlankTerraceBig_05, map_ref=table: 000001F6D59732C8, mapdata_size=8192x8192, max_ms=1196, rank=26, session=1, slot=1, source_tiles=6144x6144, total_ms=1196}
[Super Big Map][LoadingTiming] SUMMARY surface final RebuildBuildableGrid (after last object-grid transaction) {calls=1, destination_tiles=8192x8192, environment=Surface, hex_size=820x946, map=BlankTerraceBig_05, map_ref=table: 000001F6D59732C8, mapdata_size=8192x8192, max_ms=961, rank=27, session=1, slot=1, source_tiles=6144x6144, total_ms=961}
[Super Big Map][LoadingTiming] SUMMARY phase: Rebuilding the surface build grid {calls=1, destination_tiles=8192x8192, environment=Surface, hex_size=820x946, map=BlankTerraceBig_05, map_ref=table: 000001F6D59732C8, mapdata_size=8192x8192, max_ms=923, rank=28, session=1, slot=1, source_tiles=6144x6144, total_ms=923}
[Super Big Map][LoadingTiming] SUMMARY surface final RebuildBuildableGrid {calls=1, destination_tiles=8192x8192, environment=Surface, hex_size=820x946, map=BlankTerraceBig_05, map_ref=table: 000001F6D59732C8, mapdata_size=8192x8192, max_ms=916, rank=29, session=1, slot=1, source_tiles=6144x6144, total_ms=916}
[Super Big Map][LoadingTiming] SUMMARY terrain map grid stretch: BiomeGrid {calls=1, destination_tiles=8192x8192, environment=Surface, hex_size=820x946, map=BlankTerraceBig_05, map_ref=table: 000001F6D59732C8, mapdata_size=8192x8192, max_ms=908, rank=30, session=1, slot=1, source_tiles=6144x6144, total_ms=908}
							Lua 0:01:49:612
[Super Big Map][LoadingTiming] SUMMARY surface outer resource RebuildBuildableGrid (after outer resource terrain preparation) {calls=1, destination_tiles=8192x8192, environment=Surface, hex_size=820x946, map=BlankTerraceBig_05, map_ref=table: 000001F6D59732C8, mapdata_size=8192x8192, max_ms=879, rank=31, session=1, slot=1, source_tiles=6144x6144, total_ms=879}
[Super Big Map][LoadingTiming] SUMMARY terrain map grid stretch: colorize {calls=1, destination_tiles=8192x8192, environment=Surface, hex_size=820x946, map=BlankTerraceBig_05, map_ref=table: 000001F6D59732C8, mapdata_size=8192x8192, max_ms=815, rank=32, session=1, slot=1, source_tiles=6144x6144, total_ms=815}
[Super Big Map][LoadingTiming] SUMMARY phase: Repositioning surface rocks and decorations {calls=1, destination_tiles=8192x8192, environment=Surface, hex_size=820x946, map=BlankTerraceBig_05, map_ref=table: 000001F6D59732C8, mapdata_size=8192x8192, max_ms=682, rank=33, session=1, slot=1, source_tiles=6144x6144, total_ms=682}
[Super Big Map][LoadingTiming] SUMMARY phase: Aligning the underground entrances {calls=1, destination_tiles=8192x8192, environment=Surface, hex_size=820x946, map=BlankTerraceBig_05, map_ref=table: 000001F6D59732C8, mapdata_size=8192x8192, max_ms=650, rank=34, session=1, slot=1, source_tiles=6144x6144, total_ms=650}
[Super Big Map][LoadingTiming] SUMMARY terrain map grid colorize: destination write {calls=1, destination_tiles=8192x8192, environment=Surface, hex_size=820x946, map=BlankTerraceBig_05, map_ref=table: 000001F6D59732C8, mapdata_size=8192x8192, max_ms=624, rank=35, session=1, slot=1, source_tiles=6144x6144, total_ms=624}
[Super Big Map][LoadingTiming] SUMMARY terrain grid stretch: type {calls=1, destination_tiles=8192x8192, environment=Surface, hex_size=820x946, map=BlankTerraceBig_05, map_ref=table: 000001F6D59732C8, mapdata_size=8192x8192, max_ms=608, rank=36, session=1, slot=1, source_tiles=6144x6144, total_ms=608}
[Super Big Map][LoadingTiming] SUMMARY surface top-up resources {calls=1, destination_tiles=8192x8192, environment=Surface, hex_size=820x946, map=BlankTerraceBig_05, map_ref=table: 000001F6D59732C8, mapdata_size=8192x8192, max_ms=565, rank=37, session=1, slot=1, source_tiles=6144x6144, total_ms=565}
[Super Big Map][LoadingTiming] SUMMARY terrain map grid BiomeGrid: resample {calls=1, destination_tiles=8192x8192, environment=Surface, hex_size=820x946, map=BlankTerraceBig_05, map_ref=table: 000001F6D59732C8, mapdata_size=8192x8192, max_ms=508, rank=38, session=1, slot=1, source_tiles=6144x6144, total_ms=508}
[Super Big Map][LoadingTiming] SUMMARY surface top-up anomalies {calls=1, destination_tiles=8192x8192, environment=Surface, hex_size=820x946, map=BlankTerraceBig_05, map_ref=table: 000001F6D59732C8, mapdata_size=8192x8192, max_ms=376, rank=39, session=1, slot=1, source_tiles=6144x6144, total_ms=376}
[Super Big Map][LoadingTiming] SUMMARY unload retained vanilla source backing {calls=1, destination_tiles=8192x8192, environment=Surface, hex_size=820x946, map=BlankTerraceBig_05, map_ref=table: 000001F6D59732C8, mapdata_size=8192x8192, max_ms=324, rank=40, session=1, slot=1, source_tiles=6144x6144, total_ms=324}
							Lua 0:01:49:613
[Super Big Map][LoadingTiming] SUMMARY terrain map grid BiomeGrid: destination write {calls=1, destination_tiles=8192x8192, environment=Surface, hex_size=820x946, map=BlankTerraceBig_05, map_ref=table: 000001F6D59732C8, mapdata_size=8192x8192, max_ms=258, rank=41, session=1, slot=1, source_tiles=6144x6144, total_ms=258}
[Super Big Map][LoadingTiming] SUMMARY RandomMap procedure: PlaceAnomalies {calls=2, destination_tiles=8192x8192, environment=Surface, hex_size=820x946, map=BlankTerraceBig_05, map_ref=table: 000001F6D59732C8, mapdata_size=8192x8192, max_ms=161, rank=42, session=1, slot=1, source_tiles=6144x6144, total_ms=199}
[Super Big Map][LoadingTiming] SUMMARY terrain map grid colorize: resample {calls=1, destination_tiles=8192x8192, environment=Surface, hex_size=820x946, map=BlankTerraceBig_05, map_ref=table: 000001F6D59732C8, mapdata_size=8192x8192, max_ms=125, rank=43, session=1, slot=1, source_tiles=6144x6144, total_ms=125}
[Super Big Map][LoadingTiming] SUMMARY terrain map grid BiomeGrid: compute conversion {calls=1, destination_tiles=8192x8192, environment=Surface, hex_size=820x946, map=BlankTerraceBig_05, map_ref=table: 000001F6D59732C8, mapdata_size=8192x8192, max_ms=124, rank=44, session=1, slot=1, source_tiles=6144x6144, total_ms=124}
[Super Big Map][LoadingTiming] SUMMARY capture native enrichment value records {calls=1, destination_tiles=8192x8192, environment=Surface, hex_size=820x946, map=BlankTerraceBig_05, map_ref=table: 000001F6D59732C8, mapdata_size=8192x8192, max_ms=79, rank=45, session=1, slot=1, source_tiles=6144x6144, total_ms=79}
[Super Big Map][LoadingTiming] SUMMARY RandomMap procedure: PlaceAnomalies_FindFeatures {calls=2, destination_tiles=8192x8192, environment=Surface, hex_size=820x946, map=BlankTerraceBig_05, map_ref=table: 000001F6D59732C8, mapdata_size=8192x8192, max_ms=64, rank=46, session=1, slot=1, source_tiles=6144x6144, total_ms=69}
[Super Big Map][LoadingTiming] SUMMARY phase: Restoring the vanilla resources and anomalies {calls=1, destination_tiles=8192x8192, environment=Surface, hex_size=820x946, map=BlankTerraceBig_05, map_ref=table: 000001F6D59732C8, mapdata_size=8192x8192, max_ms=67, rank=47, session=1, slot=1, source_tiles=6144x6144, total_ms=67}
[Super Big Map][LoadingTiming] SUMMARY surface hard top-up spacing audit {calls=1, destination_tiles=8192x8192, environment=Surface, hex_size=820x946, map=BlankTerraceBig_05, map_ref=table: 000001F6D59732C8, mapdata_size=8192x8192, max_ms=60, rank=48, session=1, slot=1, source_tiles=6144x6144, total_ms=60}
[Super Big Map][LoadingTiming] SUMMARY surface select stretched vanilla initial reveal {calls=1, destination_tiles=8192x8192, environment=Surface, hex_size=820x946, map=BlankTerraceBig_05, map_ref=table: 000001F6D59732C8, mapdata_size=8192x8192, max_ms=56, rank=49, session=1, slot=1, source_tiles=6144x6144, total_ms=56}
							Lua 0:01:49:614
[Super Big Map][LoadingTiming] SUMMARY terrain map grid colorize: compute conversion {calls=1, destination_tiles=8192x8192, environment=Surface, hex_size=820x946, map=BlankTerraceBig_05, map_ref=table: 000001F6D59732C8, mapdata_size=8192x8192, max_ms=52, rank=50, session=1, slot=1, source_tiles=6144x6144, total_ms=52}
[Super Big Map][LoadingTiming] SUMMARY RandomMap procedure: PlaceAnomalies_FindFeatures_Deposits {calls=2, destination_tiles=8192x8192, environment=Surface, hex_size=820x946, map=BlankTerraceBig_05, map_ref=table: 000001F6D59732C8, mapdata_size=8192x8192, max_ms=45, rank=51, session=1, slot=1, source_tiles=6144x6144, total_ms=45}
[Super Big Map][LoadingTiming] SUMMARY RandomMap procedure: PlaceAnomalies_FindAnomalies_Breakthrough {calls=2, destination_tiles=8192x8192, environment=Surface, hex_size=820x946, map=BlankTerraceBig_05, map_ref=table: 000001F6D59732C8, mapdata_size=8192x8192, max_ms=43, rank=52, session=1, slot=1, source_tiles=6144x6144, total_ms=43}
[Super Big Map][LoadingTiming] SUMMARY RandomMap procedure: PlaceAnomalies_PlaceDeposits {calls=2, destination_tiles=8192x8192, environment=Surface, hex_size=820x946, map=BlankTerraceBig_05, map_ref=table: 000001F6D59732C8, mapdata_size=8192x8192, max_ms=30, rank=53, session=1, slot=1, source_tiles=6144x6144, total_ms=40}
[Super Big Map][LoadingTiming] SUMMARY invalidate expanded terrain {calls=1, destination_tiles=8192x8192, environment=Surface, hex_size=820x946, map=BlankTerraceBig_05, map_ref=table: 000001F6D59732C8, mapdata_size=8192x8192, max_ms=39, rank=54, session=1, slot=1, source_tiles=6144x6144, total_ms=39}
[Super Big Map][LoadingTiming] SUMMARY surface top-up effect deposits {calls=1, destination_tiles=8192x8192, environment=Surface, hex_size=820x946, map=BlankTerraceBig_05, map_ref=table: 000001F6D59732C8, mapdata_size=8192x8192, max_ms=37, rank=55, session=1, slot=1, source_tiles=6144x6144, total_ms=37}
[Super Big Map][LoadingTiming] SUMMARY phase: Repositioning surface resource deposits {calls=1, destination_tiles=8192x8192, environment=Surface, hex_size=820x946, map=BlankTerraceBig_05, map_ref=table: 000001F6D59732C8, mapdata_size=8192x8192, max_ms=28, rank=56, session=1, slot=1, source_tiles=6144x6144, total_ms=28}
[Super Big Map][LoadingTiming] SUMMARY surface resolve marker overlaps {calls=1, destination_tiles=8192x8192, environment=Surface, hex_size=820x946, map=BlankTerraceBig_05, map_ref=table: 000001F6D59732C8, mapdata_size=8192x8192, max_ms=28, rank=57, session=1, slot=1, source_tiles=6144x6144, total_ms=28}
[Super Big Map][LoadingTiming] SUMMARY RandomMap procedure: PlaceObstructions {calls=2, destination_tiles=8192x8192, environment=Surface, hex_size=820x946, map=BlankTerraceBig_05, map_ref=table: 000001F6D59732C8, mapdata_size=8192x8192, max_ms=27, rank=58, session=1, slot=1, source_tiles=6144x6144, total_ms=27}
							Lua 0:01:49:615
[Super Big Map][LoadingTiming] SUMMARY surface scale marker objects {calls=1, destination_tiles=8192x8192, environment=Surface, hex_size=820x946, map=BlankTerraceBig_05, map_ref=table: 000001F6D59732C8, mapdata_size=8192x8192, max_ms=20, rank=59, session=1, slot=1, source_tiles=6144x6144, total_ms=20}
[Super Big Map][LoadingTiming] SUMMARY refresh temporary source object radius {calls=1, destination_tiles=8192x8192, environment=Surface, hex_size=820x946, map=BlankTerraceBig_05, map_ref=table: 000001F6D59732C8, mapdata_size=8192x8192, max_ms=19, rank=60, session=1, slot=1, source_tiles=6144x6144, total_ms=19}
[Super Big Map][LoadingTiming] SUMMARY RandomMap procedure: PlaceAnomalies_FindDeposits {calls=2, destination_tiles=8192x8192, environment=Surface, hex_size=820x946, map=BlankTerraceBig_05, map_ref=table: 000001F6D59732C8, mapdata_size=8192x8192, max_ms=9, rank=61, session=1, slot=1, source_tiles=6144x6144, total_ms=14}
[Super Big Map][LoadingTiming] SUMMARY RandomMap procedure: PlaceAnomalies_FindFeatures_EffectDeposits {calls=2, destination_tiles=8192x8192, environment=Surface, hex_size=820x946, map=BlankTerraceBig_05, map_ref=table: 000001F6D59732C8, mapdata_size=8192x8192, max_ms=8, rank=62, session=1, slot=1, source_tiles=6144x6144, total_ms=8}
[Super Big Map][LoadingTiming] SUMMARY capture vanilla initial sector {calls=1, destination_tiles=8192x8192, environment=Surface, hex_size=820x946, map=BlankTerraceBig_05, map_ref=table: 000001F6D59732C8, mapdata_size=8192x8192, max_ms=7, rank=63, session=1, slot=1, source_tiles=6144x6144, total_ms=7}
[Super Big Map][LoadingTiming] SUMMARY RandomMap procedure: PlaceAnomalies_FindAnomalies {calls=2, destination_tiles=8192x8192, environment=Surface, hex_size=820x946, map=BlankTerraceBig_05, map_ref=table: 000001F6D59732C8, mapdata_size=8192x8192, max_ms=4, rank=64, session=1, slot=1, source_tiles=6144x6144, total_ms=6}
[Super Big Map][LoadingTiming] SUMMARY surface enforce scan gate {calls=1, destination_tiles=8192x8192, environment=Surface, hex_size=820x946, map=BlankTerraceBig_05, map_ref=table: 000001F6D59732C8, mapdata_size=8192x8192, max_ms=6, rank=65, session=1, slot=1, source_tiles=6144x6144, total_ms=6}
[Super Big Map][LoadingTiming] SUMMARY surface verify native enrichment transform {calls=1, destination_tiles=8192x8192, environment=Surface, hex_size=820x946, map=BlankTerraceBig_05, map_ref=table: 000001F6D59732C8, mapdata_size=8192x8192, max_ms=6, rank=66, session=1, slot=1, source_tiles=6144x6144, total_ms=6}
[Super Big Map][LoadingTiming] SUMMARY surface register top-up markers {calls=1, destination_tiles=8192x8192, environment=Surface, hex_size=820x946, map=BlankTerraceBig_05, map_ref=table: 000001F6D59732C8, mapdata_size=8192x8192, max_ms=5, rank=67, session=1, slot=1, source_tiles=6144x6144, total_ms=5}
[Super Big Map][LoadingTiming] SUMMARY terrain map grid colorize: source extraction {calls=1, destination_tiles=8192x8192, environment=Surface, hex_size=820x946, map=BlankTerraceBig_05, map_ref=table: 000001F6D59732C8, mapdata_size=8192x8192, max_ms=5, rank=68, session=1, slot=1, source_tiles=6144x6144, total_ms=5}
							Lua 0:01:49:616
[Super Big Map][LoadingTiming] SUMMARY RandomMap procedure: PlaceAnomalies_FindClusters {calls=2, destination_tiles=8192x8192, environment=Surface, hex_size=820x946, map=BlankTerraceBig_05, map_ref=table: 000001F6D59732C8, mapdata_size=8192x8192, max_ms=4, rank=69, session=1, slot=1, source_tiles=6144x6144, total_ms=4}
[Super Big Map][LoadingTiming] SUMMARY capture native enrichment coordinates {calls=1, destination_tiles=8192x8192, environment=Surface, hex_size=820x946, map=BlankTerraceBig_05, map_ref=table: 000001F6D59732C8, mapdata_size=8192x8192, max_ms=4, rank=70, session=1, slot=1, source_tiles=6144x6144, total_ms=4}
[Super Big Map][LoadingTiming] SUMMARY RandomMap procedure: PlaceAnomalies_FindAnomalies_TechUnlock {calls=2, destination_tiles=8192x8192, environment=Surface, hex_size=820x946, map=BlankTerraceBig_05, map_ref=table: 000001F6D59732C8, mapdata_size=8192x8192, max_ms=2, rank=71, session=1, slot=1, source_tiles=6144x6144, total_ms=3}
[Super Big Map][LoadingTiming] SUMMARY RandomMap procedure: PlaceAnomalies_FindAnomalies_Event {calls=2, destination_tiles=8192x8192, environment=Surface, hex_size=820x946, map=BlankTerraceBig_05, map_ref=table: 000001F6D59732C8, mapdata_size=8192x8192, max_ms=1, rank=72, session=1, slot=1, source_tiles=6144x6144, total_ms=2}
[Super Big Map][LoadingTiming] SUMMARY RandomMap procedure: PlaceAnomalies_FindDeposits_subs_Metals {calls=2, destination_tiles=8192x8192, environment=Surface, hex_size=820x946, map=BlankTerraceBig_05, map_ref=table: 000001F6D59732C8, mapdata_size=8192x8192, max_ms=1, rank=73, session=1, slot=1, source_tiles=6144x6144, total_ms=2}
[Super Big Map][LoadingTiming] SUMMARY RandomMap procedure: PlaceAnomalies_FindDeposits_subs_PreciousMetals {calls=2, destination_tiles=8192x8192, environment=Surface, hex_size=820x946, map=BlankTerraceBig_05, map_ref=table: 000001F6D59732C8, mapdata_size=8192x8192, max_ms=1, rank=74, session=1, slot=1, source_tiles=6144x6144, total_ms=2}
[Super Big Map][LoadingTiming] SUMMARY RandomMap procedure: PlaceAnomalies_FindDeposits_subs_Water {calls=2, destination_tiles=8192x8192, environment=Surface, hex_size=820x946, map=BlankTerraceBig_05, map_ref=table: 000001F6D59732C8, mapdata_size=8192x8192, max_ms=1, rank=75, session=1, slot=1, source_tiles=6144x6144, total_ms=2}
[Super Big Map][LoadingTiming] SUMMARY RandomMap procedure: PlaceAnomalies_FindDeposits_surf_Metals {calls=1, destination_tiles=8192x8192, environment=Surface, hex_size=820x946, map=BlankTerraceBig_05, map_ref=table: 000001F6D59732C8, mapdata_size=8192x8192, max_ms=2, rank=76, session=1, slot=1, source_tiles=6144x6144, total_ms=2}
[Super Big Map][LoadingTiming] SUMMARY RandomMap procedure: PlaceAnomalies_FindDeposits_terr_Concrete {calls=2, destination_tiles=8192x8192, environment=Surface, hex_size=820x946, map=BlankTerraceBig_05, map_ref=table: 000001F6D59732C8, mapdata_size=8192x8192, max_ms=1, rank=77, session=1, slot=1, source_tiles=6144x6144, total_ms=2}
[Super Big Map][LoadingTiming] SUMMARY RandomMap procedure: PlaceAnomalies_FindEffectDeposits {calls=2, destination_tiles=8192x8192, environment=Surface, hex_size=820x946, map=BlankTerraceBig_05, map_ref=table: 000001F6D59732C8, mapdata_size=8192x8192, max_ms=1, rank=78, session=1, slot=1, source_tiles=6144x6144, total_ms=2}
							Lua 0:01:49:617
[Super Big Map][LoadingTiming] SUMMARY RandomMap procedure: ClearLandingZones {calls=2, destination_tiles=8192x8192, environment=Surface, hex_size=820x946, map=BlankTerraceBig_05, map_ref=table: 000001F6D59732C8, mapdata_size=8192x8192, max_ms=1, rank=79, session=1, slot=1, source_tiles=6144x6144, total_ms=1}
[Super Big Map][LoadingTiming] SUMMARY RandomMap procedure: PlaceAnomalies_FindAnomalies_FreeTech {calls=1, destination_tiles=8192x8192, environment=Surface, hex_size=820x946, map=BlankTerraceBig_05, map_ref=table: 000001F6D59732C8, mapdata_size=8192x8192, max_ms=1, rank=80, session=1, slot=1, source_tiles=6144x6144, total_ms=1}
[Super Big Map][LoadingTiming] SUMMARY RandomMap procedure: PlaceAnomalies_FindDeposits_surf_Polymers {calls=1, destination_tiles=8192x8192, environment=Surface, hex_size=820x946, map=BlankTerraceBig_05, map_ref=table: 000001F6D59732C8, mapdata_size=8192x8192, max_ms=1, rank=81, session=1, slot=1, source_tiles=6144x6144, total_ms=1}
[Super Big Map][LoadingTiming] SUMMARY RandomMap procedure: PlaceAnomalies_FindEffectDeposits_ResearchEffectDeposit {calls=1, destination_tiles=8192x8192, environment=Surface, hex_size=820x946, map=BlankTerraceBig_05, map_ref=table: 000001F6D59732C8, mapdata_size=8192x8192, max_ms=1, rank=82, session=1, slot=1, source_tiles=6144x6144, total_ms=1}
[Super Big Map][LoadingTiming] SUMMARY RandomMap procedure: PlaceAnomalies_FindFeatures_Anomalies {calls=2, destination_tiles=8192x8192, environment=Surface, hex_size=820x946, map=BlankTerraceBig_05, map_ref=table: 000001F6D59732C8, mapdata_size=8192x8192, max_ms=1, rank=83, session=1, slot=1, source_tiles=6144x6144, total_ms=1}
[Super Big Map][LoadingTiming] SUMMARY RandomMap procedure: PlaceAnomalies_PlaceEffectDeposits {calls=2, destination_tiles=8192x8192, environment=Surface, hex_size=820x946, map=BlankTerraceBig_05, map_ref=table: 000001F6D59732C8, mapdata_size=8192x8192, max_ms=1, rank=84, session=1, slot=1, source_tiles=6144x6144, total_ms=1}
[Super Big Map][LoadingTiming] SUMMARY RandomMap procedure: PlaceAnomalies_PlaceEventAnomalies {calls=2, destination_tiles=8192x8192, environment=Surface, hex_size=820x946, map=BlankTerraceBig_05, map_ref=table: 000001F6D59732C8, mapdata_size=8192x8192, max_ms=1, rank=85, session=1, slot=1, source_tiles=6144x6144, total_ms=1}
[Super Big Map][LoadingTiming] SUMMARY RandomMap procedure: PlaceAnomalies_PlaceTechUnlockAnomalies {calls=2, destination_tiles=8192x8192, environment=Surface, hex_size=820x946, map=BlankTerraceBig_05, map_ref=table: 000001F6D59732C8, mapdata_size=8192x8192, max_ms=1, rank=86, session=1, slot=1, source_tiles=6144x6144, total_ms=1}
[Super Big Map][LoadingTiming] SUMMARY RandomMap procedure: PlaceColdAreas {calls=2, destination_tiles=8192x8192, environment=Surface, hex_size=820x946, map=BlankTerraceBig_05, map_ref=table: 000001F6D59732C8, mapdata_size=8192x8192, max_ms=1, rank=87, session=1, slot=1, source_tiles=6144x6144, total_ms=1}
[Super Big Map][LoadingTiming] SUMMARY copy generated map state {calls=1, destination_tiles=8192x8192, environment=Surface, hex_size=820x946, map=BlankTerraceBig_05, map_ref=table: 000001F6D59732C8, mapdata_size=8192x8192, max_ms=1, rank=88, session=1, slot=1, source_tiles=6144x6144, total_ms=1}
							Lua 0:01:49:618
[Super Big Map][LoadingTiming] SUMMARY diagnostic surface enrichment audit {calls=1, destination_tiles=8192x8192, environment=Surface, hex_size=820x946, map=BlankTerraceBig_05, map_ref=table: 000001F6D59732C8, mapdata_size=8192x8192, max_ms=1, rank=89, session=1, slot=1, source_tiles=6144x6144, total_ms=1}
[Super Big Map][LoadingTiming] SUMMARY RandomMap procedure: PlaceAnomalies_AlignToHexGrid {calls=2, destination_tiles=8192x8192, environment=Surface, hex_size=820x946, map=BlankTerraceBig_05, map_ref=table: 000001F6D59732C8, mapdata_size=8192x8192, max_ms=0, rank=90, session=1, slot=1, source_tiles=6144x6144, total_ms=0}
[Super Big Map][LoadingTiming] SUMMARY RandomMap procedure: PlaceAnomalies_FindFeatures_RepulseDeposits {calls=2, destination_tiles=8192x8192, environment=Surface, hex_size=820x946, map=BlankTerraceBig_05, map_ref=table: 000001F6D59732C8, mapdata_size=8192x8192, max_ms=0, rank=91, session=1, slot=1, source_tiles=6144x6144, total_ms=0}
[Super Big Map][LoadingTiming] SUMMARY RandomMap procedure: PlaceAnomalies_PlaceBreakthroughAnomalies {calls=2, destination_tiles=8192x8192, environment=Surface, hex_size=820x946, map=BlankTerraceBig_05, map_ref=table: 000001F6D59732C8, mapdata_size=8192x8192, max_ms=0, rank=92, session=1, slot=1, source_tiles=6144x6144, total_ms=0}
[Super Big Map][LoadingTiming] SUMMARY RandomMap procedure: PlaceAnomalies_PlaceFreeTechAnomalies {calls=2, destination_tiles=8192x8192, environment=Surface, hex_size=820x946, map=BlankTerraceBig_05, map_ref=table: 000001F6D59732C8, mapdata_size=8192x8192, max_ms=0, rank=93, session=1, slot=1, source_tiles=6144x6144, total_ms=0}
[Super Big Map][LoadingTiming] SUMMARY RandomMap procedure: PlaceArtefacts {calls=1, destination_tiles=8192x8192, environment=Surface, hex_size=820x946, map=BlankTerraceBig_05, map_ref=table: 000001F6D59732C8, mapdata_size=8192x8192, max_ms=0, rank=94, session=1, slot=1, source_tiles=6144x6144, total_ms=0}
[Super Big Map][LoadingTiming] SUMMARY rebuild destination grids after source migration {calls=1, destination_tiles=8192x8192, environment=Surface, hex_size=820x946, map=BlankTerraceBig_05, map_ref=table: 000001F6D59732C8, mapdata_size=8192x8192, max_ms=0, rank=95, session=1, slot=1, source_tiles=6144x6144, total_ms=0}
[Super Big Map][LoadingTiming] SUMMARY surface top-up placement audit {calls=1, destination_tiles=8192x8192, environment=Surface, hex_size=820x946, map=BlankTerraceBig_05, map_ref=table: 000001F6D59732C8, mapdata_size=8192x8192, max_ms=0, rank=96, session=1, slot=1, source_tiles=6144x6144, total_ms=0}
[Super Big Map][LoadingTiming] SUMMARY terrain clutter grid stretch {calls=2, destination_tiles=8192x8192, environment=Surface, hex_size=820x946, map=BlankTerraceBig_05, map_ref=table: 000001F6D59732C8, mapdata_size=8192x8192, max_ms=0, rank=97, session=1, slot=1, source_tiles=6144x6144, total_ms=0}
[Super Big Map][LoadingTiming] SUMMARY terrain map grid BiomeGrid: destination metadata {calls=1, destination_tiles=8192x8192, environment=Surface, hex_size=820x946, map=BlankTerraceBig_05, map_ref=table: 000001F6D59732C8, mapdata_size=8192x8192, max_ms=0, rank=98, session=1, slot=1, source_tiles=6144x6144, total_ms=0}
							Lua 0:01:49:619
[Super Big Map][LoadingTiming] SUMMARY terrain map grid BiomeGrid: source extraction {calls=1, destination_tiles=8192x8192, environment=Surface, hex_size=820x946, map=BlankTerraceBig_05, map_ref=table: 000001F6D59732C8, mapdata_size=8192x8192, max_ms=0, rank=99, session=1, slot=1, source_tiles=6144x6144, total_ms=0}
[Super Big Map][LoadingTiming] SUMMARY terrain map grid colorize: destination metadata {calls=1, destination_tiles=8192x8192, environment=Surface, hex_size=820x946, map=BlankTerraceBig_05, map_ref=table: 000001F6D59732C8, mapdata_size=8192x8192, max_ms=0, rank=100, session=1, slot=1, source_tiles=6144x6144, total_ms=0}
[Super Big Map][LoadingTiming] SESSION_END {destination_tiles=8192x8192, diagnostic_print_ms=61, environment=Surface, error=, hex_size=820x946, map=BlankTerraceBig_05, map_ref=table: 000001F6D59732C8, mapdata_size=8192x8192, ok=true, reason=surface expansion complete, session=1, session_duration_ms=88710, slot=1, source_tiles=6144x6144, terrain_grids=4}
							Lua 0:01:49:634
[Super Big Map][LoadingTiming] SESSION_BEGIN {destination_tiles=8192x8192, environment=Surface, hex_size=820x946, map=BlankTerraceBig_05, map_ref=table: 000001F6D59732C8, mapdata_size=8192x8192, reason=surface final RebuildPassability (post-pipeline scheduled revalidation), session=2, slot=1, source_tiles=6144x6144}
[Super Big Map][LoadingTiming] STEP BEGIN surface final RebuildPassability (post-pipeline scheduled revalidation) {destination_tiles=8192x8192, environment=Surface, hex_size=820x946, map=BlankTerraceBig_05, map_ref=table: 000001F6D59732C8, mapdata_size=8192x8192, sequence=1, session=2, since_previous_ms=0, slot=1, source_tiles=6144x6144, total_ms=0}
							Lua 0:01:55:112
[Super Big Map][LoadingTiming] STEP END surface final RebuildPassability (post-pipeline scheduled revalidation) {begin_session=2, destination_tiles=8192x8192, duration_ms=5478, environment=Surface, error=, hex_size=820x946, map=BlankTerraceBig_05, map_ref=table: 000001F6D59732C8, mapdata_size=8192x8192, ok=true, sequence=2, session=2, since_previous_ms=5478, slot=1, source_tiles=6144x6144, total_ms=5478}
							Lua 0:01:55:127
[Super Big Map][LoadingTiming] PHASE_BEGIN Rebuilding the final surface build grid {destination_tiles=8192x8192, environment=Surface, hex_size=820x946, map=BlankTerraceBig_05, map_ref=table: 000001F6D59732C8, mapdata_size=8192x8192, sequence=3, session=2, slot=1, source_tiles=6144x6144, total_ms=5493}
[Super Big Map][LoadingTiming] STEP BEGIN surface final RebuildBuildableGrid (post-pipeline scheduled revalidation) {destination_tiles=8192x8192, environment=Surface, hex_size=820x946, map=BlankTerraceBig_05, map_ref=table: 000001F6D59732C8, mapdata_size=8192x8192, sequence=4, session=2, since_previous_ms=0, slot=1, source_tiles=6144x6144, total_ms=5493}
							Lua 0:01:56:086
Buildable grid ready: 85/5149 valid zones.
[Super Big Map][LoadingTiming] STEP END surface final RebuildBuildableGrid (post-pipeline scheduled revalidation) {begin_session=2, destination_tiles=8192x8192, duration_ms=959, environment=Surface, error=, hex_size=820x946, map=BlankTerraceBig_05, map_ref=table: 000001F6D59732C8, mapdata_size=8192x8192, ok=true, sequence=5, session=2, since_previous_ms=959, slot=1, source_tiles=6144x6144, total_ms=6452}
							Lua 0:01:56:091
[DebugAdapter] New connection to DebugAddapter 127.0.0.1:55730
[DebugAdapter] Connection lost to 127.0.0.1:55730 
							Lua 0:01:57:173
[RULES] surface half complete; starting first access
[RULES] scan test: no TerrainDeposit in an unexplored sector to scan sector=nil status nil->nil deposit vis nil->nil gate nil->nil
							Lua 0:01:57:508
Missing spot 'Top' in 'MapSharedDepot' state 'idle'
							Lua 0:01:57:594

!!! Quick Build !!!
							Lua 0:01:57:684
[Super Big Map][OuterResourceTopUpCensus] phase=post-deferred-GameInit surface final density suite ordinary_resource_topups=43 ordinary_resource_topups_placed=0 ordinary_resource_topups_visible=0 ordinary_resource_topups_outermost=24 guaranteed_resource_topups_outermost=23 guaranteed_resource_topups_inner_band=17 anomaly_topups=28 anomaly_topups_total=28 anomaly_topups_placed=0 anomaly_topups_outside_ring=0 maximum_anomalies_in_resource_cluster=0 anomaly_resource_cluster_overflow=0 maximum_total_members_in_resource_cluster=5 cluster_total_member_overflow=0 effect_topups=0 effect_topups_placed=0 verified_mountain_rocket_pad_effect_topups=0 unverified_outer_effect_topups=0 native_resources=0 resource_breakdown=Concrete:2|Metals:39|Polymers:2 anomaly_breakdown=complete:5|false:8|unlock:15 effect_breakdown=BeautyEffectDeposit:2|ResearchEffectDeposit:6 require_placed=false minimum=0 outermost_minimum=0 inner_band_minimum=0 shortfall=0 outermost_shortfall=0 inner_band_shortfall=0
							Lua 0:02:14:196
Buildable grid ready: 1/15 valid zones.
							Lua 0:02:20:749
Buildable grid ready: 1/15 valid zones.
							Lua 0:02:34:323
Buildable grid ready: 1/15 valid zones.
							Lua 0:02:34:422
[DebugAdapter] New connection to DebugAddapter 127.0.0.1:49447
[DebugAdapter] New connection to DebugAddapter 127.0.0.1:50822
[DebugAdapter] Connection lost to 127.0.0.1:49447 
							Lua 0:02:38:137
[DebugAdapter] Connection lost to 127.0.0.1:50822 
							Lua 0:02:44:164
[RULES] t0t1=95325 hex=820x946 enrich=174616285/677 decor=1587328577/5456 ring_decor=0 sectors=400 revealed=1 passages=2 signs=2 deps=1 vis_unexp=0 glued=0/2 max_ring=31
[RULES] seeds: surface=-8390921514018468018 pin_ug=5144878461829043810(pinned) pin_game=v932_sweep_14134_61n136w kept=v932_sweep_14134_61n136w game_seed=-2532904973854117793 matches=true
[RULES] mode: expand_map=true lifecycle=not_requested settle=0ms ratio=1.3333333333333 (surface tile metadata)
							Lua 0:02:44:165
[RULES] passages: surf UndergroundPassage hex=376,368 world=560000,318688 sector==7(14,8) ring_band=false ring_distance=13 stamped_distance=13 vanilla_surface_src=284,277 underground_src=272,279 stamped_image=363,372 committed=376,368 twin=[SurfacePassage hex=272,279 world=411500,241614 image_hex=363,372] | surf UndergroundPassage hex=-13,453 world=213500,392298 sector=E9(6,10) ring_band=false ring_distance=31 stamped_distance=31 vanilla_surface_src=8,342 underground_src=8,345 stamped_image=11,460 committed=-13,453 twin=[SurfacePassage hex=8,345 world=180500,298770 image_hex=11,460]
[RULES] glue 1: ring=13 algorithm=nearest fitting surface hex by outward ring walk from the twin image anchor_reason=vanilla terrain-flat test failed rejected=surface unbuildable footprint hex x19; surface vanilla terrain-flat test failed x480
[RULES] glue 2: ring=31 algorithm=nearest fitting surface hex by outward ring walk from the twin image anchor_reason=vanilla terrain-flat test failed rejected=surface impassable footprint hex x324; surface unbuildable footprint hex x101; surface vanilla terrain-flat test failed x2514
[RULES] surface decor: target=190 placed=190 (auth=9 synth=181) sites=1461 used=245 unused=1216 templates=254 attempts=727247 ms=9768 radius=6092/7759/11644 nn=2618/6631
[RULES] surface decor detail: band_known=true,decorated_circles=376,failed=0,fallback_sites=131,markers_resolved=1911,markers_unresolved=116,obstruct_circles=302,sites_exhausted=true,sites_prestretched=1461,sites_relocated=0,skipped_by_decorated=130,skipped_by_obstruct=1077,skipped_no_match=0,skipped_obstructed=1207,synthetic_allowed_types=17,synthetic_budget=36200,synthetic_escalations=762,synthetic_finite_attempts=701139,synthetic_finite_templates_left=254,synthetic_max_reach_percent=2800,synthetic_random_attempts=26108,synthetic_reach_cap_percent=2800,synthetic_rejected_band=24,synthetic_rejected_bounds=502,synthetic_rejected_decorated=60756,synthetic_rejected_empty=4,synthetic_rejected_failed=0,synthetic_rejected_no_match=0,synthetic_rejected_obstruct=652582,synthetic_rejected_terrain=13198,synthetic_templates_exhausted=0,synthetic_templates_left=0,version=10
[RULES] underground passages: SurfacePassage hex=272,279 world=411500,241614 image_hex=363,372 committed_src=272,279 true_image=363,372 linked=true | SurfacePassage hex=8,345 world=180500,298770 image_hex=11,460 committed_src=8,345 true_image=11,460 linked=true
[RULES] signs: SurfaceUndergroundTunnelSign hex=376,372 vis=true scale=550 sector==7/unexplored | SurfaceUndergroundTunnelSign hex=-13,457 vis=true scale=550 sector=E9/unexplored
[RULES] revealed: @14(11,15):scanned start=@14(11,15):scanned
[RULES] first access: ok=true error=none method=ConstructionController:Place snapped to the surface passage displays=2 hex 820x946 -> 820x946
[RULES] first access route: route=state_wrapper mod_gate=true cascade_cities=1 cascade_disabled=true pre=prep=false done=nil running=nil pending=true desired=8192 gen=6144
[RULES] gate env: vanilla_env=true probe_g=true mod_env=false ccms=function is_wrapper=false is_original=true caller_wrapper=false
[RULES] first access displays: cover_boxes=1 begins=2 ends=2 refs_final=0 in_window=1 (idSaveProfile/SaveAccountStorage3) outside=1 (idSaveProfile/SaveAccountStorage4)
[RULES] first access cover events: BEGIN(underground) refs 0->1 @1000ms display=true vis false->true  <- stack traceback: <- ...R/super-big-map/_ralph/tmp/.tmp_rules_probe_instance.lua:1050: in upvalue 'short_stack' <- ...R/super-big-map/_ralph/tmp/.tmp_rules_probe_instance.lua:1117: in function <...R/super-big-map/_ralph/tmp/.tmp_rules_probe_instance.lua:1105> <- [C]: in function 'pcall' <- Mod/SuperBigMap/Code/sbm_map_generation.lua:13554: in function <Mod/SuperBigMap/Code/sbm_map_generation.lu || BEGIN(underground) refs 1->2 @1008ms display=false vis true->true  <- stack traceback: <- ...R/super-big-map/_ralph/tmp/.tmp_rules_probe_instance.lua:1050: in upvalue 'short_stack' <- ...R/super-big-map/_ralph/tmp/.tmp_rules_probe_instance.lua:1117: in function <...R/super-big-map/_ralph/tmp/.tmp_rules_probe_instance.lua:1105> <- [C]: in function 'pcall' <- Mod/SuperBigMap/Code/sbm_map_generation.lua:11890: in function <Mod/SuperBigMap/Code/sbm_map_generation.lu || END(force=nil) refs 2->1 @37238ms closed=false vis true->true  <- stack traceback: <- ...R/super-big-map/_ralph/tmp/.tmp_rules_probe_instance.lua:1050: in upvalue 'short_stack' <- ...R/super-big-map/_ralph/tmp/.tmp_rules_probe_instance.lua:1138: in function <...R/super-big-map/_ralph/tmp/.tmp_rules_probe_instance.lua:1123> <- [C]: in function 'pcall' <- Mod/SuperBigMap/Code/sbm_map_generation.lua:12597: in function <Mod/SuperBigMap/Code/sbm_map_generation.lu || END(force=nil) refs 1->0 @40592ms closed=true vis true->false  <- stack traceback: <- ...R/super-big-map/_ralph/tmp/.tmp_rules_probe_instance.lua:1050: in upvalue 'short_stack' <- ...R/super-big-map/_ralph/tmp/.tmp_rules_probe_instance.lua:1138: in function <...R/super-big-map/_ralph/tmp/.tmp_rules_probe_instance.lua:1123> <- [C]: in function 'pcall' <- Mod/SuperBigMap/Code/sbm_map_generation.lua:13570: in local 'release_first_access_cover' <- Mod/SuperBigMa
[RULES] first access screens: idSaveProfile/SaveAccountStorage3 @37250ms window=in prep=true done=true running=false pending=false desired=8192 gen=6144  <- stack traceback: <- ...R/super-big-map/_ralph/tmp/.tmp_rules_probe_instance.lua:1050: in upvalue 'short_stack' <- ...R/super-big-map/_ralph/tmp/.tmp_rules_probe_instance.lua:1086: in function 'LoadingScreenOpen' <- CommonLua/AccountStorage.lua:140: in function <CommonLua/AccountStorage.lua:130> || idSaveProfile/SaveAccountStorage4 @40983ms window=out prep=true done=true running=false pending=false desired=8192 gen=6144  <- stack traceback: <- ...R/super-big-map/_ralph/tmp/.tmp_rules_probe_instance.lua:1050: in upvalue 'short_stack' <- ...R/super-big-map/_ralph/tmp/.tmp_rules_probe_instance.lua:1086: in function 'LoadingScreenOpen' <- CommonLua/AccountStorage.lua:140: in function <CommonLua/AccountStorage.lua:130>
[RULES] underground after access: passages: SurfacePassage hex=363,372 world=549000,322152 authored_image_ring=0 twin=376,368 glue_ring=13 linked=true ring_band=false sector==7(14,8) | SurfacePassage hex=11,460 world=241000,398360 authored_image_ring=0 twin=-13,453 glue_ring=31 linked=true ring_band=false sector=E9(6,10)
[RULES] underground wonder reachability (2 calls): call1{repair=true,markers=2,valid=2,invalid=0,moved=0,unresolved=0,disconnected=1,draws=0,method=pf.HasPosPath,entrances=368,372|15,461,conn_checks=2,conn_rejected=1,conn_failures=0}details=CaveOfWonders=valid:marker_world=397333,401824:spawner_world=397333,401824:marker_hex=165,464:spawner_hex=165,464:distance=0:terrain_ok=true:buildable=true:buildable_z=1000:unbuildable_z=65535:passable=true:flatness=4096:flat_min=4080:unobstructed=true:reserved=true:badge_overlap=false:entrance_connected=false:base_ok=true:local_ok=true:accepted_fallback=false:fresh_terrain_ok=true:fresh_base_ok=true:fresh_buildable=true:fresh_buildable_z=1000:fresh_passable=true:fresh_flatness=4096:fresh_unobstructed=true;AncientArtifact=valid:marker_world=477333,565787:spawner_world=477333,565787:marker_hex=151,653:spawner_hex=151,653:distance=0:terrain_ok=true:buildable=true:buildable_z=1000:unbuildable_z=65535:passable=true:flatness=4096:flat_min=4080:unobstructed=true:reserved=true:badge_overlap=false:entrance_connected=true:base_ok=true:local_ok=true:accepted_fallback=false:fresh_terrain_ok=true:fresh_base_ok=true:fresh_buildable=true:fresh_buildable_z=1000:fresh_passable=true:fresh_flatness=4096:fresh_unobstructed=true || call2{repair=false,markers=2,valid=2,invalid=0,moved=0,unresolved=0,disconnected=1,draws=0,method=pf.HasPosPath,entrances=368,372|15,461,conn_checks=156,conn_rejected=57,conn_failures=0}details=CaveOfWonders=valid:marker_world=397333,401824:spawner_world=397333,401824:marker_hex=165,464:spawner_hex=165,464:distance=0:terrain_ok=true:buildable=true:buildable_z=1000:unbuildable_z=65535:passable=true:flatness=4096:flat_min=4080:unobstructed=true:reserved=true:badge_overlap=false:entrance_connected=false:base_ok=true:local_ok=true:accepted_fallback=false:fresh_terrain_ok=true:fresh_base_ok=true:fresh_buildable=true:fresh_buildable_z=1000:fresh_passable=true:fresh_flatness=4096:fresh_unobstructed=true;AncientArtifact=valid:marker_world=477333,565787:spawner_world=477333,565787:marker_hex=151,653:spawner_hex=151,653:distance=0:terrain_ok=true:buildable=true:buildable_z=1000:unbuildable_z=65535:passable=true:flatness=4096:flat_min=4080:unobstructed=true:reserved=true:badge_overlap=false:entrance_connected=true:base_ok=true:local_ok=true:accepted_fallback=false:fresh_terrain_ok=true:fresh_base_ok=true:fresh_buildable=true:fresh_buildable_z=1000:fresh_passable=true:fresh_flatness=4096:fresh_unobstructed=true
[RULES] underground enrichment reachability audit (hook=installed, 1 calls): call1{candidates_built=96 candidates_refilled=0 candidates_remaining=93 candidates_reused=55 checked=76 connectivity_checks=154 connectivity_failures=0 connectivity_reachable=98 connectivity_rejected=56 fallback_clearance_minimum_move=48 fallback_clearance_relaxed_moves=0 invalid=3 invalid_by_class=SubsurfaceDepositMarker=3 invalid_by_resource=Metals=1 PreciousMetals=2 invalid_details=SubsurfaceDepositMarker/PreciousMetals:world=369000,393164,1000:hex=142,454:sector=A9:reason=entrance_unreachable:flags=wonder_conflict:buildable=true:passable=true:flatness=4096:unobstructed=true:reachable=false:reserved=false;SubsurfaceDepositMarker/Metals:world=401000,393164,1000:hex=174,454:sector=A9:reason=entrance_unreachable:flags=wonder_conflict:buildable=true:passable=true:flatness=4096:unobstructed=true:reachable=false:reserved=false;SubsurfaceDepositMarker/PreciousMetals:world=414000,393164,1000:hex=187,454:sector=@9:reason=entrance_unreachable:flags=wonder_conflict:buildable=true:passable=true:flatness=4096:unobstructed=true:reachable=false:reserved=false missing_repulsion_profile=0 moved=3 moved_by_class=SubsurfaceDepositMarker=3 ok=true pool_refills=0 postmove_rejected=0 relocation_attempts=40 relocation_details=SubsurfaceDepositMarker/PreciousMetals:world=369000,393164,1000:hex=142,454:sector=A9:reason=entrance_unreachable:flags=wonder_conflict:buildable=true:passable=true:flatness=4096:unobstructed=true:reachable=false:reserved=false:result=moved:attempts=7:to_world=516058,558375:snapped_rejected=0:repulsion_rejected=6:setpos_failed=0:postmove_rejected=0:fallback_clearance_hex=71;SubsurfaceDepositMarker/Metals:world=401000,393164,1000:hex=174,454:sector=A9:reason=entrance_unreachable:flags=wonder_conflict:buildable=true:passable=true:flatness=4096:unobstructed=true:reachable=false:reserved=false:result=moved:attempts=14:to_world=500647,556865:snapped_rejected=0:repulsion_rejected=13:setpos_failed=0:postmove_rejected=0:fallback_clearance_hex=54;SubsurfaceDepositMarker/PreciousMetals:world=414000,393164,1000:hex=187,454:sector=@9:reason=entrance_unreachable:flags=wonder_conflict:buildable=true:passable=true:flatness=4096:unobstructed=true:reachable=false:reserved=false:result=moved:attempts=19:to_world=475546,568434:snapped_rejected=0:repulsion_rejected=18:setpos_failed=0:postmove_rejected=0:fallback_clearance_hex=48 relocation_retries=37 repulsion_rejected=37 seeds=2 setpos_failed=0 snapped_rejected=0 strict_first_rejection= strict_last_rejection= topup_only_first_rejection=repulsion:candidate=subs/PreciousMetals@4314792313:blocker=SubsurfaceDepositMarker/PreciousMetals/topup@4311384458:required=38400:actual=23010 topup_only_last_rejection=repulsion:candidate=subs/PreciousMetals@4322918983:blocker=SubsurfaceDepositMarker/Metals/topup@4323443272:required=9600:actual=4482 unresolved=0 unresolved_by_class= unresolved_by_resource= unresolved_details= unrevealed_placed=0}
[RULES] underground decor: enabled=true src=map_record reason=vanilla placed no decor groups target=0 placed=0 (auth=nil synth=nil) objects=0 ring=nil/0 dropped=nil/nil sites=0 used=0 gen=true passes=0 ratio=25 seed=5144878461829043810(generator) area=1.778 cosmetic=237 ring_cosmetic=0
[RULES] underground decor classes: 
[RULES] underground band cosmetics: none
[RULES] underground after access: enrich=533903604/245 imprints=2 (hex=363,372 vis=true scale=100 | hex=11,460 vis=true scale=100) revealed=0/400
[RULES] underground passage carriers: 2 (hex=363,372 entity=ElevatorBuildIndicator_UndergroundImprint vis=false opacity=0 elevator=true decals=1{vis=true scale=100 opacity=100} | hex=11,460 entity=ElevatorBuildIndicator_Underground vis=true opacity=100 elevator=false decals=1{vis=true scale=100 opacity=100})
							Lua 0:02:47:360
[DebugAdapter] New connection to DebugAddapter 127.0.0.1:57783
							Lua 0:02:47:548
[DebugAdapter] New connection to DebugAddapter 127.0.0.1:57785
							Lua 0:02:47:750
[DebugAdapter] New connection to DebugAddapter 127.0.0.1:57788
							Lua 0:02:48:054
[DebugAdapter] Connection lost to 127.0.0.1:57788 
[DebugAdapter] Connection lost to 127.0.0.1:57785 
							Lua 0:02:48:055
[DebugAdapter] Connection lost to 127.0.0.1:57783 
							Lua 0:02:48:114
[DebugAdapter] New connection to DebugAddapter 127.0.0.1:57790
							Lua 0:02:48:304
[DebugAdapter] New connection to DebugAddapter 127.0.0.1:57792
							Lua 0:02:48:487
[DebugAdapter] New connection to DebugAddapter 127.0.0.1:57794
							Lua 0:02:59:115
[DebugAdapter] New connection to DebugAddapter 127.0.0.1:57796
[DebugAdapter] Connection lost to 127.0.0.1:57794 
[DebugAdapter] Connection lost to 127.0.0.1:57792 
[DebugAdapter] Connection lost to 127.0.0.1:57790 
							Lua 0:02:59:284
[DebugAdapter] New connection to DebugAddapter 127.0.0.1:57798
							Lua 0:02:59:455
[DebugAdapter] New connection to DebugAddapter 127.0.0.1:57800
							Lua 0:02:59:685
[DebugAdapter] New connection to DebugAddapter 127.0.0.1:57803
							Lua 0:03:00:054
[DebugAdapter] Connection lost to 127.0.0.1:57803 
[DebugAdapter] Connection lost to 127.0.0.1:57800 
							Lua 0:03:00:055
[DebugAdapter] Connection lost to 127.0.0.1:57798 
[DebugAdapter] Connection lost to 127.0.0.1:57796 
							Lua 0:03:00:187


Stopping the game threads from the Lua side with exit code 0.

					Render 0:03:00:225


Stopping the game threads after receiving WM_QUIT.

[QUIT] Waiting the game state to finish...
							Lua 0:03:00:614
[QUIT] Game state finished.
[QUIT] Stopping game state thread...
					Render 0:03:00:626
Map::Done: 6.77000 ms
					Render 0:03:00:649
Map::Done: 3.31000 ms
					Render 0:03:00:662
[Sound] Stopping...
					Render 0:03:00:669
[Sound] Done.
					Render 0:03:00:670
Hook 'Shader :: CompileEffect' not found!
					Render 0:03:00:751
DestroyVideos: 1 videos not cleaned up
					Render 0:03:00:887
[DebugAdapter] Stopped
					Render 0:03:01:074


*** Debug::Done()
Time (ms)	181074


