					Render 0:00:00:073
*** executable info
Timestamp:     	69e75da5
Date:          	Tue Apr 21 07:21:09 2026
Command line:  	-nointro -no_interactive_asserts -stdout -crash_folder D:\PROJS\SMR\smr-harness\.state\game-crashes\20260912-204052-18d4ad70d28a2414 -hidden
Compiler:      	194435214, 142 (VS 2019) or newer


*** hardware info
CPU name      	Intel(R) Core(TM) i9-10900X CPU @ 3.70GHz
CPU MHz       	3696
CPU cores     	10/20
Phys. Memory   	130752 MBytes
Memory In Use  	25%
Disk Free      	95428 MBytes


*** OS info
OS:            	Windows 11
Version:       	10.0.26100 


*** Debug::Init()


					Render 0:00:00:462
Steam initialized (AppId 3215050, Beta branch ???)
SteamFilterText is unavailable for user's language and will act as a passthrough.
					Render 0:00:00:466
Drive type for game installation: SSD, savegames: SSD
Language: English
					Render 0:00:01:289
Starting hidden
					Render 0:00:03:259
*** graphics info
GPU                            	NVIDIA GeForce RTX 5090 Feature Level: 12.1 {  DoublePrecisionFloatShaderOps: 1 OutputMergerLogicOp: 1 MinPrecisionSupport: 2 TiledResourcesTier: 3 ResourceBindingTier: 3 PSSpecifiedStencilRefSupported: 0 TypedUAVLoadAdditionalFormats: 1 ROVsSupported: 1 ConservativeRasterizationTier: 3 MaxGPUVirtualAddressBitsPerResource: 40 StandardSwizzle64KBSupported: 0 CrossNodeSharingTier: 0 CrossAdapterRowMajorTextureSupported: 0 VPAndRTArrayIndexFromAnyShaderFeedingRasterizerSupportedWithoutGSEmulation: 1 ResourceHeapTier: 2 NotZeroedPools: 1 UMA: 0 UnalignedBlockTextures: 1}
API                            	d3d12
GPU Driver Version             	32.0.15.7688
GPU Driver Package Version     	576.88
GPU Dedicated Video Memory     	32101 MB
					Render 0:00:03:472

Libs: Network, Sequences, MouseTrackWin, DumbAI, MapGen, Paradox, TriggersAndEvents, Notifications, Research, Resources, DevToolsPublic, DebugAdapter 

					Render 0:00:03:846

Platform: asserts, cheats, debug, desktop, editor, goldmaster, paradox, pc, steam

						Game Task 0:00:03:852

** Entity stats:
  entities: 2920
  unique state names: 335 / 1023
  unique spot names: 370
  unique spot transforms: 19621
  max surface radius: 47680 cm

					Render 0:00:05:255
*** audio info
Audio Endpoint                 	Speakers (Realtek(R) Audio)
							Lua 0:00:05:324
Lua revision: 392284
Assets revision: 30889
Steam AppID: 3215050
Build version: 1.0.7.392284
Build branch:  Release
							Lua 0:00:05:327
[DebugAdapter] Started at 127.0.0.1:8165
							Lua 0:00:05:336
Account storage loaded successfully in 8 ms
DLC thomas loaded, lua revision 392284, assets revision 30889
							Lua 0:00:05:347
[mod] Loaded mod def Real Mars Terrain (id RealMarsTerrain, v0.00-007) unpacked from appdata
[mod] Loaded mod def Attribute Inspector (id AttributeInspector, v0.00-014) unpacked from appdata
[mod] Loaded mod def Rover Drive Mode (id RoverDriveMode, v0.00-195) unpacked from appdata
[mod] Loaded mod def Whale - Aquatic Life for Mars Seas (id Whale, v0.00-10033) unpacked from appdata
[mod] Loaded mod def Extra Maps (id ExtraMaps, v0.00-011) unpacked from appdata
[mod] Loaded mod def Auto Clear Rubble (id AutoClearRubble, v1.00-023) unpacked from appdata
[mod] Loaded mod def Martian Waters Snow (id MartianWatersSnow, v0.00-407) unpacked from appdata
[mod] Loaded mod def insert-objects (id insert-objects, v0.00-005) unpacked from appdata
[mod] Loaded mod def DLSS 5 Neural Rendering - Experimental (id vzlLtM, v0.00-002) unpacked from appdata
[mod] Loaded mod def Buried Cables and Pipes (id bcp, v0.00-433) unpacked from appdata
[mod] Loaded mod def Toggle Console Log Off (id TCLoff7, v1.00-005) unpacked from appdata
[mod] Loaded mod def No Wonders (id no-wonders, v0.00-001) unpacked from appdata
[mod] Loaded mod def Copy Move (id CopyMove, v0.00-001) unpacked from appdata
[mod] Loaded mod def Scenario Editor Terrains (id SRM-scenario-editor-terrains, v0.00-001) unpacked from appdata
[mod] Loaded mod def Scenario Editor (id SRM-scenario-editor, v0.00-045) unpacked from appdata
[mod] Loaded mod def Animalia - Restored Wildlife (id Animalia, v0.00-018) unpacked from appdata
[mod] Loaded mod def Planet Dawn (id PlanetDawn, v1.00-193) unpacked from appdata
[mod] Loaded mod def Humpback Whale - Aquatic Life for Mars Seas (id HumpbackWhale, v0.00-10009) unpacked from appdata
[mod] Loaded mod def invisible-passage-ramp (id IPRAMP, v0.00-068) unpacked from appdata
[mod] Loaded mod def Disable All Mods (id DisableAllMods, v0.00-012) unpacked from appdata
[mod] Loaded mod def Super Big Map (id SuperBigMap, v0.00-979) unpacked from appdata
[mod] Loaded mod def My Wild Pet (id MyWildPet, v0.00-005) unpacked from appdata
[mod] Loaded mod def Colony Control (id ColonyControl, v0.00-014) unpacked from appdata
[mod] Loaded mod def Filter Landing Spots (id FilterLandingSpots, v0.00-018) packed from pops
[mod] Loaded mod def Mute Notifications (id MuteNotifications, v0.00-060) unpacked from appdata
[mod] Loaded mod def Project Ark (id ProjectArk, v0.00-004) unpacked from appdata
[mod] Loaded mod def Bridges (id Bridges, v0.00-099) unpacked from appdata
[mod] Loaded mod def Bridges Blender (id bridges-blender, v0.00-008) unpacked from appdata
							Lua 0:00:07:273
Reloading done in 1911 ms
[DebugAdapter] New connection to DebugAddapter 127.0.0.1:54617
							Lua 0:00:07:274
Available DLCs: thomas(Interplanetary Codex) 
							Lua 0:00:08:170
[preset] Preset postprocess took 163 ms.
							Lua 0:00:08:286
479 / 479 particle streams loaded in 105 ms.
							Lua 0:00:08:422
[PdxSDK] Started up. Took 3061
							Lua 0:00:09:264
Received achievements from Steam.
							Lua 0:00:09:579
[mod] Loaded mod items for: TCLoff7, SuperBigMap
							Lua 0:00:10:334
[Braze] Initialized. SE: true, SB false
							Lua 0:00:10:441
[Braze] ContentCards 2/2. FullSync true. Headers nil. Retry 0
							Lua 0:00:10:584
[DebugAdapter] New connection to DebugAddapter 127.0.0.1:54632
							Lua 0:00:10:675
[PdxSDKMods] Mod 147865 v 6 is up to date. Nothing to download.
							Lua 0:00:10:758
[DebugAdapter] New connection to DebugAddapter 127.0.0.1:54634
							Lua 0:00:10:943
[DebugAdapter] New connection to DebugAddapter 127.0.0.1:54637
							Lua 0:00:10:982
Game Seed:  ralph_seed_parity_14n134w 7803657426806324293 
							Lua 0:00:11:066
[DebugAdapter] Connection lost to 127.0.0.1:54637 
[DebugAdapter] Connection lost to 127.0.0.1:54634 
[DebugAdapter] Connection lost to 127.0.0.1:54632 
[DebugAdapter] Connection lost to 127.0.0.1:54617 
							Lua 0:00:11:144
[DebugAdapter] New connection to DebugAddapter 127.0.0.1:54639
							Lua 0:00:11:220
*** Reloading assets from folder 'BinAssets/'
							Lua 0:00:14:341
*** Assets reloaded in 3.1 s, read 205.5 MB, read speed 65.8 MB/s, average read 5023 bytes.
							Lua 0:00:17:171
Map::Init: 0.36000 ms
Map::Load: 67.08000 ms
CreateMap: 67.20000 ms
							Lua 0:00:17:193
MapLoadRandom:  -6547363612841328389 
							Lua 0:00:20:028
[DebugAdapter] Connection lost to 127.0.0.1:54639 
							Lua 0:00:20:660
Map (slot 1) changed to "PreGame" in 9669 ms.
							Lua 0:00:20:759
[Super Big Map][LoadingTiming] SESSION_BEGIN {destination_tiles=8192x8192, environment=Surface, hex_size=nilxnil, map=BlankBigTerraceCMix_02, map_ref=table: 000001B9C9431C80, mapdata_size=8192x8192, reason=expanded map allocation, session=1, slot=nil, source_tiles=6144x6144}
[Super Big Map][LoadingTiming] STEP session inputs {destination_tiles=8192x8192, environment=Surface, hex_size=nilxnil, map=BlankBigTerraceCMix_02, map_name=BlankBigTerraceCMix_02, map_ref=table: 000001B9C9431C80, map_slot=1, mapdata_size=8192x8192, sequence=1, session=1, since_previous_ms=0, slot=nil, source_tiles=6144x6144, total_ms=0}
							Lua 0:00:20:961
[Super Big Map][LoadingTiming] STEP lifecycle: NewMapObject {destination_tiles=8192x8192, environment=Surface, hex_size=nilxnil, map=BlankBigTerraceCMix_02, map_ref=table: 000001B9C9431C80, mapdata_size=8192x8192, sequence=2, session=1, since_previous_ms=202, slot=1, source_tiles=6144x6144, total_ms=202}
							Lua 0:00:21:835
Map::Done: 0.38000 ms
							Lua 0:00:22:126
Map::Init: 0.50000 ms
Map::Load: 281.48001 ms
							Lua 0:00:22:127
CreateMap: 281.63000 ms
							Lua 0:00:22:146
[Super Big Map][LoadingTiming] STEP lifecycle: PreNewMap {destination_tiles=8192x8192, environment=Surface, hex_size=nilxnil, map=BlankBigTerraceCMix_02, map_ref=table: 000001B9C9431C80, mapdata=table: 000001B9C93BADC8, mapdata_size=8192x8192, sequence=3, session=1, since_previous_ms=1185, slot=1, source_tiles=6144x6144, total_ms=1387}
							Lua 0:00:22:162
game_settings:
    sponsor: IMM
    profile: rocketscientist
    founding_faction: MarsDemocraticParty
    rival_colonies: Roscosmos, Japan, NASA
    mystery_random: 
    game_rules: RoughTerrain
more_game_settings: save_game_id: 0tTdmKonPFa_GK4i, mystery: BlackCubeMystery, coordinates: 14N134W, landing_spot: , logo: IMM
map_conditions: altitude: 6457, temperature: -15, cold_wave: 36, dust_devils: 127, dust_storm: 219, meteors: 36
map_resources: concrete: 109, metals: 109, precious_metals: 109, water: 102
							Lua 0:00:22:190
[Super Big Map][LoadingTiming] STEP lifecycle: NewMap {destination_tiles=8192x8192, environment=Surface, hex_size=820x946, map=BlankBigTerraceCMix_02, map_ref=table: 000001B9C9431C80, mapdata=table: 000001B9C93BADC8, mapdata_size=8192x8192, sequence=4, session=1, since_previous_ms=44, slot=1, source_tiles=6144x6144, total_ms=1431}
							Lua 0:00:22:192
[Super Big Map][LoadingTiming] STEP prefab feature game logic correspondence {actual_safari=0, created_safari=0, destination_tiles=8192x8192, environment=Surface, expected_safari=0, hex_size=820x946, map=BlankBigTerraceCMix_02, map_ref=table: 000001B9C9431C80, mapdata_size=8192x8192, markers=0, matched_safari=0, removed_orphan_safari=0, replayed_markers=0, sequence=5, session=1, since_previous_ms=2, slot=1, source_tiles=6144x6144, total_ms=1433}
							Lua 0:00:22:193
[Super Big Map][LoadingTiming] STEP lifecycle: UndergroundDarknessState {after=0, before=0, destination_tiles=8192x8192, environment=Surface, forced_reveal=false, hex_size=820x946, map=BlankBigTerraceCMix_02, map_ref=table: 000001B9C9431C80, mapdata_size=8192x8192, sequence=6, session=1, since_previous_ms=0, slot=1, source_tiles=6144x6144, total_ms=1433}
							Lua 0:00:22:211
MapLoadRandom:  -5538293783684720034 
							Lua 0:00:22:279
[Super Big Map][LoadingTiming] STEP lifecycle: NewMapLoaded {destination_tiles=8192x8192, environment=Surface, hex_size=820x946, map=BlankBigTerraceCMix_02, map_ref=table: 000001B9C9431C80, mapdata=table: 000001B9C93BADC8, mapdata_size=8192x8192, sequence=7, session=1, since_previous_ms=87, slot=1, source_tiles=6144x6144, total_ms=1520}
							Lua 0:00:22:280
[Super Big Map][LoadingTiming] STEP prefab feature game logic correspondence {actual_safari=0, created_safari=0, destination_tiles=8192x8192, environment=Surface, expected_safari=0, hex_size=820x946, map=BlankBigTerraceCMix_02, map_ref=table: 000001B9C9431C80, mapdata_size=8192x8192, markers=0, matched_safari=0, removed_orphan_safari=0, replayed_markers=0, sequence=8, session=1, since_previous_ms=1, slot=1, source_tiles=6144x6144, total_ms=1521}
							Lua 0:00:22:281
[Super Big Map][LoadingTiming] STEP lifecycle: UndergroundDarknessState {after=0, before=0, destination_tiles=8192x8192, environment=Surface, forced_reveal=false, hex_size=820x946, map=BlankBigTerraceCMix_02, map_ref=table: 000001B9C9431C80, mapdata_size=8192x8192, sequence=9, session=1, since_previous_ms=1, slot=1, source_tiles=6144x6144, total_ms=1522}
							Lua 0:00:26:472
[Super Big Map][LoadingTiming] STEP lifecycle: PostNewMapLoaded {destination_tiles=8192x8192, environment=Surface, hex_size=820x946, map=BlankBigTerraceCMix_02, map_ref=table: 000001B9C9431C80, mapdata=table: 000001B9C93BADC8, mapdata_size=8192x8192, sequence=10, session=1, since_previous_ms=4191, slot=1, source_tiles=6144x6144, total_ms=5713}
							Lua 0:00:26:474
[Super Big Map][LoadingTiming] STEP prefab feature game logic correspondence {actual_safari=0, created_safari=0, destination_tiles=8192x8192, environment=Surface, expected_safari=0, hex_size=820x946, map=BlankBigTerraceCMix_02, map_ref=table: 000001B9C9431C80, mapdata_size=8192x8192, markers=0, matched_safari=0, removed_orphan_safari=0, replayed_markers=0, sequence=11, session=1, since_previous_ms=2, slot=1, source_tiles=6144x6144, total_ms=5715}
[Super Big Map][LoadingTiming] STEP lifecycle: UndergroundDarknessState {after=0, before=0, destination_tiles=8192x8192, environment=Surface, forced_reveal=false, hex_size=820x946, map=BlankBigTerraceCMix_02, map_ref=table: 000001B9C9431C80, mapdata_size=8192x8192, sequence=12, session=1, since_previous_ms=0, slot=1, source_tiles=6144x6144, total_ms=5715}
							Lua 0:00:26:877
[Super Big Map][LoadingTiming] STEP lifecycle: CurrentMapChangeDone {destination_tiles=8192x8192, environment=Surface, hex_size=820x946, map=BlankBigTerraceCMix_02, map_ref=table: 000001B9C9431C80, map_slot=1, mapdata_size=8192x8192, sequence=13, session=1, since_previous_ms=403, slot=1, source_tiles=6144x6144, total_ms=6118}
							Lua 0:00:26:879
[Super Big Map][LoadingTiming] STEP prefab feature game logic correspondence {actual_safari=0, created_safari=0, destination_tiles=8192x8192, environment=Surface, expected_safari=0, hex_size=820x946, map=BlankBigTerraceCMix_02, map_ref=table: 000001B9C9431C80, mapdata_size=8192x8192, markers=0, matched_safari=0, removed_orphan_safari=0, replayed_markers=0, sequence=14, session=1, since_previous_ms=1, slot=1, source_tiles=6144x6144, total_ms=6119}
[Super Big Map][LoadingTiming] STEP lifecycle: UndergroundDarknessState {after=0, before=0, destination_tiles=8192x8192, environment=Surface, forced_reveal=false, hex_size=820x946, map=BlankBigTerraceCMix_02, map_ref=table: 000001B9C9431C80, mapdata_size=8192x8192, sequence=15, session=1, since_previous_ms=1, slot=1, source_tiles=6144x6144, total_ms=6120}
							Lua 0:00:26:899
[Super Big Map][LoadingTiming] STEP lifecycle: UndergroundDarknessState {after=0, before=0, destination_tiles=8192x8192, environment=Surface, forced_reveal=false, hex_size=820x946, map=BlankBigTerraceCMix_02, map_ref=table: 000001B9C9431C80, mapdata_size=8192x8192, sequence=16, session=1, since_previous_ms=20, slot=1, source_tiles=6144x6144, total_ms=6140}
							Lua 0:00:27:372
[DebugAdapter] New connection to DebugAddapter 127.0.0.1:54643
							Lua 0:00:28:028
[DebugAdapter] Connection lost to 127.0.0.1:54643 
							Lua 0:00:28:076
Map (slot 1) changed to "BlankBigTerraceCMix_02" in 7333 ms.
[Super Big Map][LoadingTiming] STEP session continues: RandomMapGenerator.DoGenerate {destination_tiles=8192x8192, environment=Surface, expansion_pending=true, hex_size=820x946, map=BlankBigTerraceCMix_02, map_ref=table: 000001B9C9431C80, mapdata_size=8192x8192, sequence=17, session=1, since_previous_ms=1177, slot=1, source_tiles=6144x6144, total_ms=7317, vanilla_source_migration=false}
[Super Big Map][LoadingTiming] STEP attempt exact temporary-source transaction {destination_tiles=8192x8192, environment=Surface, generator_limit_tiles=6144, hex_size=820x946, map=BlankBigTerraceCMix_02, map_ref=table: 000001B9C9431C80, map_tiles=8192x8192, mapdata_size=8192x8192, sequence=18, session=1, since_previous_ms=0, slot=1, source_tiles=6144x6144, total_ms=7317}
							Lua 0:00:28:077
[Super Big Map][LoadingTiming] PHASE_BEGIN Generating the exact vanilla source terrain... {destination_tiles=8192x8192, environment=Surface, hex_size=820x946, map=BlankBigTerraceCMix_02, map_ref=table: 000001B9C9431C80, mapdata_size=8192x8192, sequence=19, session=1, slot=1, source_tiles=6144x6144, total_ms=7317}
[Super Big Map][LoadingTiming] STEP temporary source transaction begin {destination_slot=1, destination_tiles=8192x8192, environment=Surface, hex_size=820x946, map=BlankBigTerraceCMix_02, map_ref=table: 000001B9C9431C80, mapdata_size=8192x8192, pass_border=102400, sequence=20, session=1, since_previous_ms=1, slot=1, source_slot=15, source_tiles=6144x6144, total_ms=7318}
[Super Big Map][LoadingTiming] STEP BEGIN allocate temporary vanilla backing {destination_tiles=8192x8192, environment=Surface, hex_size=820x946, map=BlankBigTerraceCMix_02, map_ref=table: 000001B9C9431C80, mapdata_size=8192x8192, sequence=21, session=1, since_previous_ms=0, slot=1, source_slot=15, source_tiles=6144x6144, total_ms=7318}
							Lua 0:00:29:063
Map::Init: 0.18000 ms
							Lua 0:00:29:064
Map::Load: 109.98000 ms
CreateMap: 110.06000 ms
							Lua 0:00:29:468
Buildable grid ready: 8/596 valid zones.
							Lua 0:00:29:481
MapLoadRandom:  -9132043453725689908 
							Lua 0:00:31:128
Map (slot 15) changed to "BlankBigTerraceCMix_02" in 3051 ms.
[Super Big Map][LoadingTiming] STEP END allocate temporary vanilla backing {begin_session=1, destination_tiles=8192x8192, duration_ms=3051, environment=Surface, error=nil, hex_size=820x946, map=BlankBigTerraceCMix_02, map_ref=table: 000001B9C9431C80, mapdata_size=8192x8192, ok=true, sequence=22, session=1, since_previous_ms=3051, slot=1, source_tiles=6144x6144, total_ms=10369}
[Super Big Map][LoadingTiming] STEP temporary source backing verified {actual_tiles=6144x6144, baseline_objects=0, destination_tiles=nilxnil, environment=Surface, hex_size=615x710, map=BlankBigTerraceCMix_02, map_ref=table: 000001B9CEB60A88, mapdata_size=6144x6144, sequence=23, session=1, since_previous_ms=0, slot=15, source_tiles=nilxnil, total_ms=10369}
[Super Big Map][LoadingTiming] STEP BEGIN switch temporary generator current slot {destination_tiles=nilxnil, environment=Surface, hex_size=615x710, map=BlankBigTerraceCMix_02, map_ref=table: 000001B9CEB60A88, mapdata_size=6144x6144, sequence=24, session=1, since_previous_ms=0, slot=15, source_tiles=nilxnil, target_slot=15, total_ms=10369}
							Lua 0:00:31:564
[Super Big Map][LoadingTiming] STEP lifecycle: CurrentMapChangeDone {destination_tiles=nilxnil, environment=Surface, hex_size=615x710, map=BlankBigTerraceCMix_02, map_ref=table: 000001B9CEB60A88, map_slot=15, mapdata_size=6144x6144, sequence=25, session=1, since_previous_ms=436, slot=15, source_tiles=nilxnil, total_ms=10805}
							Lua 0:00:31:565
[Super Big Map][LoadingTiming] STEP lifecycle: UndergroundDarknessState {after=0, before=0, destination_tiles=nilxnil, environment=Surface, forced_reveal=false, hex_size=615x710, map=BlankBigTerraceCMix_02, map_ref=table: 000001B9CEB60A88, mapdata_size=6144x6144, sequence=26, session=1, since_previous_ms=1, slot=15, source_tiles=nilxnil, total_ms=10806}
[Super Big Map][LoadingTiming] STEP lifecycle: UndergroundDarknessState {after=0, before=0, destination_tiles=nilxnil, environment=Surface, forced_reveal=false, hex_size=615x710, map=BlankBigTerraceCMix_02, map_ref=table: 000001B9CEB60A88, mapdata_size=6144x6144, sequence=27, session=1, since_previous_ms=0, slot=15, source_tiles=nilxnil, total_ms=10806}
[Super Big Map][LoadingTiming] STEP lifecycle: UndergroundDarknessState {after=0, before=0, destination_tiles=nilxnil, environment=Surface, forced_reveal=false, hex_size=615x710, map=BlankBigTerraceCMix_02, map_ref=table: 000001B9CEB60A88, mapdata_size=6144x6144, sequence=28, session=1, since_previous_ms=0, slot=15, source_tiles=nilxnil, total_ms=10806}
							Lua 0:00:31:634
[Super Big Map][LoadingTiming] STEP END switch temporary generator current slot {begin_session=1, destination_tiles=nilxnil, duration_ms=506, environment=Surface, hex_size=615x710, map=BlankBigTerraceCMix_02, map_ref=table: 000001B9CEB60A88, mapdata_size=6144x6144, mode=ChangeCurrentMapSlot, ok=true, sequence=29, session=1, since_previous_ms=69, slot=15, source_tiles=nilxnil, target_slot=15, total_ms=10875}
							Lua 0:00:31:635
[Super Big Map][LoadingTiming] STEP native clutter access probe {clutter_tile_size=nil, destination_tiles=nilxnil, environment=Surface, global_terrain=table: 000001B9C5FC6DE0, grid_names=none, height_tile_size=100, hex_size=615x710, map=BlankBigTerraceCMix_02, map_fields=none, map_import_terrain=false, map_is_current=true, map_ref=table: 000001B9CEB60A88, map_reset_terrain=false, mapdata_size=6144x6144, refs=editor.map.clutter=nil | orig.map.clutter=nil | editor.map.clutter_density=nil | orig.map.clutter_density=nil | editor.map.grass_density=nil | orig.map.grass_density=nil, samples=origin=nil | center=nil, sequence=30, session=1, since_previous_ms=1, slot=15, source_tiles=nilxnil, stage=temporary source before DoGenerate, total_ms=10876}
[Super Big Map][LoadingTiming] STEP BEGIN vanilla RandomMapGenerator.DoGenerate {destination_tiles=nilxnil, environment=Surface, hex_size=615x710, map=BlankBigTerraceCMix_02, map_ref=table: 000001B9CEB60A88, mapdata_size=6144x6144, sequence=31, session=1, since_previous_ms=0, slot=15, source_tiles=nilxnil, total_ms=10876}
							Lua 0:00:35:576
[Super Big Map][LoadingTiming] STEP BEGIN RandomMapGenerator.OnGenerateLogic {destination_tiles=nilxnil, environment=Surface, hex_size=615x710, map=BlankBigTerraceCMix_02, map_ref=table: 000001B9CEB60A88, mapdata_size=6144x6144, sequence=32, session=1, since_previous_ms=3941, slot=15, source_tiles=nilxnil, total_ms=14817}
[Super Big Map][LoadingTiming] STEP BEGIN RandomMap procedure: ResolveBuildable {destination_tiles=nilxnil, environment=Surface, hex_size=615x710, map=BlankBigTerraceCMix_02, map_ref=table: 000001B9CEB60A88, mapdata_size=6144x6144, randless=nil, sequence=33, session=1, since_previous_ms=0, slot=15, source_tiles=nilxnil, tag=ResolveBuildable, total_ms=14817}
							Lua 0:00:35:837
Buildable grid ready: 39/838 valid zones.
							Lua 0:00:35:956
[Super Big Map][LoadingTiming] STEP END RandomMap procedure: ResolveBuildable {begin_session=1, destination_tiles=nilxnil, duration_ms=380, environment=Surface, hex_size=615x710, map=BlankBigTerraceCMix_02, map_ref=table: 000001B9CEB60A88, mapdata_size=6144x6144, ok=true, sequence=34, session=1, since_previous_ms=380, slot=15, source_tiles=nilxnil, tag=ResolveBuildable, total_ms=15197}
[Super Big Map][LoadingTiming] STEP BEGIN RandomMap procedure: PlaceColdAreas {destination_tiles=nilxnil, environment=Surface, hex_size=615x710, map=BlankBigTerraceCMix_02, map_ref=table: 000001B9CEB60A88, mapdata_size=6144x6144, randless=nil, sequence=35, session=1, since_previous_ms=0, slot=15, source_tiles=nilxnil, tag=PlaceColdAreas, total_ms=15197}
							Lua 0:00:35:957
[Super Big Map][LoadingTiming] STEP END RandomMap procedure: PlaceColdAreas {begin_session=1, destination_tiles=nilxnil, duration_ms=1, environment=Surface, hex_size=615x710, map=BlankBigTerraceCMix_02, map_ref=table: 000001B9CEB60A88, mapdata_size=6144x6144, ok=true, sequence=36, session=1, since_previous_ms=1, slot=15, source_tiles=nilxnil, tag=PlaceColdAreas, total_ms=15198}
[Super Big Map][LoadingTiming] STEP BEGIN RandomMap procedure: PlaceArtefacts {destination_tiles=nilxnil, environment=Surface, hex_size=615x710, map=BlankBigTerraceCMix_02, map_ref=table: 000001B9CEB60A88, mapdata_size=6144x6144, randless=nil, sequence=37, session=1, since_previous_ms=0, slot=15, source_tiles=nilxnil, tag=PlaceArtefacts, total_ms=15198}
[Super Big Map][LoadingTiming] STEP END RandomMap procedure: PlaceArtefacts {begin_session=1, destination_tiles=nilxnil, duration_ms=0, environment=Surface, hex_size=615x710, map=BlankBigTerraceCMix_02, map_ref=table: 000001B9CEB60A88, mapdata_size=6144x6144, ok=true, sequence=38, session=1, since_previous_ms=0, slot=15, source_tiles=nilxnil, tag=PlaceArtefacts, total_ms=15198}
[Super Big Map][LoadingTiming] STEP BEGIN RandomMap procedure: PlaceAnomalies {destination_tiles=nilxnil, environment=Surface, hex_size=615x710, map=BlankBigTerraceCMix_02, map_ref=table: 000001B9CEB60A88, mapdata_size=6144x6144, randless=nil, sequence=39, session=1, since_previous_ms=0, slot=15, source_tiles=nilxnil, tag=PlaceAnomalies, total_ms=15198}
							Lua 0:00:35:962
[Super Big Map][LoadingTiming] STEP BEGIN RandomMap procedure: PlaceAnomalies_FindFeatures {destination_tiles=nilxnil, environment=Surface, hex_size=615x710, map=BlankBigTerraceCMix_02, map_ref=table: 000001B9CEB60A88, mapdata_size=6144x6144, randless=true, sequence=40, session=1, since_previous_ms=4, slot=15, source_tiles=nilxnil, tag=PlaceAnomalies_FindFeatures, total_ms=15202}
							Lua 0:00:35:965
[Super Big Map][LoadingTiming] STEP BEGIN RandomMap procedure: PlaceAnomalies_FindFeatures_RepulseDeposits {destination_tiles=nilxnil, environment=Surface, hex_size=615x710, map=BlankBigTerraceCMix_02, map_ref=table: 000001B9CEB60A88, mapdata_size=6144x6144, randless=nil, sequence=41, session=1, since_previous_ms=4, slot=15, source_tiles=nilxnil, tag=PlaceAnomalies_FindFeatures_RepulseDeposits, total_ms=15206}
							Lua 0:00:35:966
[Super Big Map][LoadingTiming] STEP END RandomMap procedure: PlaceAnomalies_FindFeatures_RepulseDeposits {begin_session=1, destination_tiles=nilxnil, duration_ms=0, environment=Surface, hex_size=615x710, map=BlankBigTerraceCMix_02, map_ref=table: 000001B9CEB60A88, mapdata_size=6144x6144, ok=true, sequence=42, session=1, since_previous_ms=0, slot=15, source_tiles=nilxnil, tag=PlaceAnomalies_FindFeatures_RepulseDeposits, total_ms=15206}
[Super Big Map][LoadingTiming] STEP BEGIN RandomMap procedure: PlaceAnomalies_FindFeatures_Deposits {destination_tiles=nilxnil, environment=Surface, hex_size=615x710, map=BlankBigTerraceCMix_02, map_ref=table: 000001B9CEB60A88, mapdata_size=6144x6144, randless=nil, sequence=43, session=1, since_previous_ms=1, slot=15, source_tiles=nilxnil, tag=PlaceAnomalies_FindFeatures_Deposits, total_ms=15207}
							Lua 0:00:36:007
[Super Big Map][LoadingTiming] STEP END RandomMap procedure: PlaceAnomalies_FindFeatures_Deposits {begin_session=1, destination_tiles=nilxnil, duration_ms=40, environment=Surface, hex_size=615x710, map=BlankBigTerraceCMix_02, map_ref=table: 000001B9CEB60A88, mapdata_size=6144x6144, ok=true, sequence=44, session=1, since_previous_ms=41, slot=15, source_tiles=nilxnil, tag=PlaceAnomalies_FindFeatures_Deposits, total_ms=15248}
[Super Big Map][LoadingTiming] STEP BEGIN RandomMap procedure: PlaceAnomalies_FindFeatures_Anomalies {destination_tiles=nilxnil, environment=Surface, hex_size=615x710, map=BlankBigTerraceCMix_02, map_ref=table: 000001B9CEB60A88, mapdata_size=6144x6144, randless=nil, sequence=45, session=1, since_previous_ms=0, slot=15, source_tiles=nilxnil, tag=PlaceAnomalies_FindFeatures_Anomalies, total_ms=15248}
[Super Big Map][LoadingTiming] STEP END RandomMap procedure: PlaceAnomalies_FindFeatures_Anomalies {begin_session=1, destination_tiles=nilxnil, duration_ms=0, environment=Surface, hex_size=615x710, map=BlankBigTerraceCMix_02, map_ref=table: 000001B9CEB60A88, mapdata_size=6144x6144, ok=true, sequence=46, session=1, since_previous_ms=0, slot=15, source_tiles=nilxnil, tag=PlaceAnomalies_FindFeatures_Anomalies, total_ms=15248}
[Super Big Map][LoadingTiming] STEP BEGIN RandomMap procedure: PlaceAnomalies_FindFeatures_EffectDeposits {destination_tiles=nilxnil, environment=Surface, hex_size=615x710, map=BlankBigTerraceCMix_02, map_ref=table: 000001B9CEB60A88, mapdata_size=6144x6144, randless=nil, sequence=47, session=1, since_previous_ms=0, slot=15, source_tiles=nilxnil, tag=PlaceAnomalies_FindFeatures_EffectDeposits, total_ms=15248}
							Lua 0:00:36:014
[Super Big Map][LoadingTiming] STEP END RandomMap procedure: PlaceAnomalies_FindFeatures_EffectDeposits {begin_session=1, destination_tiles=nilxnil, duration_ms=6, environment=Surface, hex_size=615x710, map=BlankBigTerraceCMix_02, map_ref=table: 000001B9CEB60A88, mapdata_size=6144x6144, ok=true, sequence=48, session=1, since_previous_ms=6, slot=15, source_tiles=nilxnil, tag=PlaceAnomalies_FindFeatures_EffectDeposits, total_ms=15254}
							Lua 0:00:36:017
[Super Big Map][LoadingTiming] STEP END RandomMap procedure: PlaceAnomalies_FindFeatures {begin_session=1, destination_tiles=nilxnil, duration_ms=56, environment=Surface, hex_size=615x710, map=BlankBigTerraceCMix_02, map_ref=table: 000001B9CEB60A88, mapdata_size=6144x6144, ok=true, sequence=49, session=1, since_previous_ms=4, slot=15, source_tiles=nilxnil, tag=PlaceAnomalies_FindFeatures, total_ms=15258}
[Super Big Map][LoadingTiming] STEP BEGIN RandomMap procedure: PlaceAnomalies_FindClusters {destination_tiles=nilxnil, environment=Surface, hex_size=615x710, map=BlankBigTerraceCMix_02, map_ref=table: 000001B9CEB60A88, mapdata_size=6144x6144, randless=nil, sequence=50, session=1, since_previous_ms=0, slot=15, source_tiles=nilxnil, tag=PlaceAnomalies_FindClusters, total_ms=15258}
							Lua 0:00:36:019
[Super Big Map][LoadingTiming] STEP END RandomMap procedure: PlaceAnomalies_FindClusters {begin_session=1, destination_tiles=nilxnil, duration_ms=2, environment=Surface, hex_size=615x710, map=BlankBigTerraceCMix_02, map_ref=table: 000001B9CEB60A88, mapdata_size=6144x6144, ok=true, sequence=51, session=1, since_previous_ms=2, slot=15, source_tiles=nilxnil, tag=PlaceAnomalies_FindClusters, total_ms=15260}
[Super Big Map][LoadingTiming] STEP BEGIN RandomMap procedure: PlaceAnomalies_FindAnomalies_Breakthrough {destination_tiles=nilxnil, environment=Surface, hex_size=615x710, map=BlankBigTerraceCMix_02, map_ref=table: 000001B9CEB60A88, mapdata_size=6144x6144, randless=nil, sequence=52, session=1, since_previous_ms=0, slot=15, source_tiles=nilxnil, tag=PlaceAnomalies_FindAnomalies_Breakthrough, total_ms=15260}
							Lua 0:00:36:061
[Super Big Map][LoadingTiming] STEP END RandomMap procedure: PlaceAnomalies_FindAnomalies_Breakthrough {begin_session=1, destination_tiles=nilxnil, duration_ms=41, environment=Surface, hex_size=615x710, map=BlankBigTerraceCMix_02, map_ref=table: 000001B9CEB60A88, mapdata_size=6144x6144, ok=true, sequence=53, session=1, since_previous_ms=41, slot=15, source_tiles=nilxnil, tag=PlaceAnomalies_FindAnomalies_Breakthrough, total_ms=15301}
[Super Big Map][LoadingTiming] STEP BEGIN RandomMap procedure: PlaceAnomalies_FindDeposits {destination_tiles=nilxnil, environment=Surface, hex_size=615x710, map=BlankBigTerraceCMix_02, map_ref=table: 000001B9CEB60A88, mapdata_size=6144x6144, randless=true, sequence=54, session=1, since_previous_ms=1, slot=15, source_tiles=nilxnil, tag=PlaceAnomalies_FindDeposits, total_ms=15302}
[Super Big Map][LoadingTiming] STEP BEGIN RandomMap procedure: PlaceAnomalies_FindDeposits_surf_Metals {destination_tiles=nilxnil, environment=Surface, hex_size=615x710, map=BlankBigTerraceCMix_02, map_ref=table: 000001B9CEB60A88, mapdata_size=6144x6144, randless=nil, sequence=55, session=1, since_previous_ms=0, slot=15, source_tiles=nilxnil, tag=PlaceAnomalies_FindDeposits_surf_Metals, total_ms=15302}
							Lua 0:00:36:063
[Super Big Map][LoadingTiming] STEP END RandomMap procedure: PlaceAnomalies_FindDeposits_surf_Metals {begin_session=1, destination_tiles=nilxnil, duration_ms=1, environment=Surface, hex_size=615x710, map=BlankBigTerraceCMix_02, map_ref=table: 000001B9CEB60A88, mapdata_size=6144x6144, ok=true, sequence=56, session=1, since_previous_ms=1, slot=15, source_tiles=nilxnil, tag=PlaceAnomalies_FindDeposits_surf_Metals, total_ms=15303}
[Super Big Map][LoadingTiming] STEP BEGIN RandomMap procedure: PlaceAnomalies_FindDeposits_subs_Metals {destination_tiles=nilxnil, environment=Surface, hex_size=615x710, map=BlankBigTerraceCMix_02, map_ref=table: 000001B9CEB60A88, mapdata_size=6144x6144, randless=nil, sequence=57, session=1, since_previous_ms=1, slot=15, source_tiles=nilxnil, tag=PlaceAnomalies_FindDeposits_subs_Metals, total_ms=15304}
							Lua 0:00:36:064
[Super Big Map][LoadingTiming] STEP END RandomMap procedure: PlaceAnomalies_FindDeposits_subs_Metals {begin_session=1, destination_tiles=nilxnil, duration_ms=1, environment=Surface, hex_size=615x710, map=BlankBigTerraceCMix_02, map_ref=table: 000001B9CEB60A88, mapdata_size=6144x6144, ok=true, sequence=58, session=1, since_previous_ms=1, slot=15, source_tiles=nilxnil, tag=PlaceAnomalies_FindDeposits_subs_Metals, total_ms=15305}
[Super Big Map][LoadingTiming] STEP BEGIN RandomMap procedure: PlaceAnomalies_FindDeposits_subs_PreciousMetals {destination_tiles=nilxnil, environment=Surface, hex_size=615x710, map=BlankBigTerraceCMix_02, map_ref=table: 000001B9CEB60A88, mapdata_size=6144x6144, randless=nil, sequence=59, session=1, since_previous_ms=0, slot=15, source_tiles=nilxnil, tag=PlaceAnomalies_FindDeposits_subs_PreciousMetals, total_ms=15305}
							Lua 0:00:36:065
[Super Big Map][LoadingTiming] STEP END RandomMap procedure: PlaceAnomalies_FindDeposits_subs_PreciousMetals {begin_session=1, destination_tiles=nilxnil, duration_ms=1, environment=Surface, hex_size=615x710, map=BlankBigTerraceCMix_02, map_ref=table: 000001B9CEB60A88, mapdata_size=6144x6144, ok=true, sequence=60, session=1, since_previous_ms=1, slot=15, source_tiles=nilxnil, tag=PlaceAnomalies_FindDeposits_subs_PreciousMetals, total_ms=15306}
							Lua 0:00:36:066
[Super Big Map][LoadingTiming] STEP BEGIN RandomMap procedure: PlaceAnomalies_FindDeposits_subs_Water {destination_tiles=nilxnil, environment=Surface, hex_size=615x710, map=BlankBigTerraceCMix_02, map_ref=table: 000001B9CEB60A88, mapdata_size=6144x6144, randless=nil, sequence=61, session=1, since_previous_ms=0, slot=15, source_tiles=nilxnil, tag=PlaceAnomalies_FindDeposits_subs_Water, total_ms=15306}
							Lua 0:00:36:067
[Super Big Map][LoadingTiming] STEP END RandomMap procedure: PlaceAnomalies_FindDeposits_subs_Water {begin_session=1, destination_tiles=nilxnil, duration_ms=1, environment=Surface, hex_size=615x710, map=BlankBigTerraceCMix_02, map_ref=table: 000001B9CEB60A88, mapdata_size=6144x6144, ok=true, sequence=62, session=1, since_previous_ms=2, slot=15, source_tiles=nilxnil, tag=PlaceAnomalies_FindDeposits_subs_Water, total_ms=15308}
[Super Big Map][LoadingTiming] STEP BEGIN RandomMap procedure: PlaceAnomalies_FindDeposits_terr_Concrete {destination_tiles=nilxnil, environment=Surface, hex_size=615x710, map=BlankBigTerraceCMix_02, map_ref=table: 000001B9CEB60A88, mapdata_size=6144x6144, randless=nil, sequence=63, session=1, since_previous_ms=0, slot=15, source_tiles=nilxnil, tag=PlaceAnomalies_FindDeposits_terr_Concrete, total_ms=15308}
							Lua 0:00:36:068
[Super Big Map][LoadingTiming] STEP END RandomMap procedure: PlaceAnomalies_FindDeposits_terr_Concrete {begin_session=1, destination_tiles=nilxnil, duration_ms=1, environment=Surface, hex_size=615x710, map=BlankBigTerraceCMix_02, map_ref=table: 000001B9CEB60A88, mapdata_size=6144x6144, ok=true, sequence=64, session=1, since_previous_ms=1, slot=15, source_tiles=nilxnil, tag=PlaceAnomalies_FindDeposits_terr_Concrete, total_ms=15309}
[Super Big Map][LoadingTiming] STEP END RandomMap procedure: PlaceAnomalies_FindDeposits {begin_session=1, destination_tiles=nilxnil, duration_ms=7, environment=Surface, hex_size=615x710, map=BlankBigTerraceCMix_02, map_ref=table: 000001B9CEB60A88, mapdata_size=6144x6144, ok=true, sequence=65, session=1, since_previous_ms=0, slot=15, source_tiles=nilxnil, tag=PlaceAnomalies_FindDeposits, total_ms=15309}
							Lua 0:00:36:069
[Super Big Map][LoadingTiming] STEP BEGIN RandomMap procedure: PlaceAnomalies_FindAnomalies {destination_tiles=nilxnil, environment=Surface, hex_size=615x710, map=BlankBigTerraceCMix_02, map_ref=table: 000001B9CEB60A88, mapdata_size=6144x6144, randless=true, sequence=66, session=1, since_previous_ms=1, slot=15, source_tiles=nilxnil, tag=PlaceAnomalies_FindAnomalies, total_ms=15310}
[Super Big Map][LoadingTiming] STEP BEGIN RandomMap procedure: PlaceAnomalies_FindAnomalies_TechUnlock {destination_tiles=nilxnil, environment=Surface, hex_size=615x710, map=BlankBigTerraceCMix_02, map_ref=table: 000001B9CEB60A88, mapdata_size=6144x6144, randless=nil, sequence=67, session=1, since_previous_ms=0, slot=15, source_tiles=nilxnil, tag=PlaceAnomalies_FindAnomalies_TechUnlock, total_ms=15310}
							Lua 0:00:36:070
[Super Big Map][LoadingTiming] STEP END RandomMap procedure: PlaceAnomalies_FindAnomalies_TechUnlock {begin_session=1, destination_tiles=nilxnil, duration_ms=1, environment=Surface, hex_size=615x710, map=BlankBigTerraceCMix_02, map_ref=table: 000001B9CEB60A88, mapdata_size=6144x6144, ok=true, sequence=68, session=1, since_previous_ms=1, slot=15, source_tiles=nilxnil, tag=PlaceAnomalies_FindAnomalies_TechUnlock, total_ms=15311}
							Lua 0:00:36:071
[Super Big Map][LoadingTiming] STEP BEGIN RandomMap procedure: PlaceAnomalies_FindAnomalies_Event {destination_tiles=nilxnil, environment=Surface, hex_size=615x710, map=BlankBigTerraceCMix_02, map_ref=table: 000001B9CEB60A88, mapdata_size=6144x6144, randless=nil, sequence=69, session=1, since_previous_ms=0, slot=15, source_tiles=nilxnil, tag=PlaceAnomalies_FindAnomalies_Event, total_ms=15311}
							Lua 0:00:36:072
[Super Big Map][LoadingTiming] STEP END RandomMap procedure: PlaceAnomalies_FindAnomalies_Event {begin_session=1, destination_tiles=nilxnil, duration_ms=1, environment=Surface, hex_size=615x710, map=BlankBigTerraceCMix_02, map_ref=table: 000001B9CEB60A88, mapdata_size=6144x6144, ok=true, sequence=70, session=1, since_previous_ms=2, slot=15, source_tiles=nilxnil, tag=PlaceAnomalies_FindAnomalies_Event, total_ms=15313}
[Super Big Map][LoadingTiming] STEP BEGIN RandomMap procedure: PlaceAnomalies_FindAnomalies_FreeTech {destination_tiles=nilxnil, environment=Surface, hex_size=615x710, map=BlankBigTerraceCMix_02, map_ref=table: 000001B9CEB60A88, mapdata_size=6144x6144, randless=nil, sequence=71, session=1, since_previous_ms=0, slot=15, source_tiles=nilxnil, tag=PlaceAnomalies_FindAnomalies_FreeTech, total_ms=15313}
							Lua 0:00:36:073
[Super Big Map][LoadingTiming] STEP END RandomMap procedure: PlaceAnomalies_FindAnomalies_FreeTech {begin_session=1, destination_tiles=nilxnil, duration_ms=1, environment=Surface, hex_size=615x710, map=BlankBigTerraceCMix_02, map_ref=table: 000001B9CEB60A88, mapdata_size=6144x6144, ok=true, sequence=72, session=1, since_previous_ms=1, slot=15, source_tiles=nilxnil, tag=PlaceAnomalies_FindAnomalies_FreeTech, total_ms=15314}
[Super Big Map][LoadingTiming] STEP END RandomMap procedure: PlaceAnomalies_FindAnomalies {begin_session=1, destination_tiles=nilxnil, duration_ms=5, environment=Surface, hex_size=615x710, map=BlankBigTerraceCMix_02, map_ref=table: 000001B9CEB60A88, mapdata_size=6144x6144, ok=true, sequence=73, session=1, since_previous_ms=0, slot=15, source_tiles=nilxnil, tag=PlaceAnomalies_FindAnomalies, total_ms=15314}
[Super Big Map][LoadingTiming] STEP BEGIN RandomMap procedure: PlaceAnomalies_FindEffectDeposits {destination_tiles=nilxnil, environment=Surface, hex_size=615x710, map=BlankBigTerraceCMix_02, map_ref=table: 000001B9CEB60A88, mapdata_size=6144x6144, randless=nil, sequence=74, session=1, since_previous_ms=0, slot=15, source_tiles=nilxnil, tag=PlaceAnomalies_FindEffectDeposits, total_ms=15314}
[Super Big Map][LoadingTiming] STEP BEGIN RandomMap procedure: PlaceAnomalies_FindEffectDeposits_ResearchEffectDeposit {destination_tiles=nilxnil, environment=Surface, hex_size=615x710, map=BlankBigTerraceCMix_02, map_ref=table: 000001B9CEB60A88, mapdata_size=6144x6144, randless=nil, sequence=75, session=1, since_previous_ms=0, slot=15, source_tiles=nilxnil, tag=PlaceAnomalies_FindEffectDeposits_ResearchEffectDeposit, total_ms=15314}
							Lua 0:00:36:074
[Super Big Map][LoadingTiming] STEP END RandomMap procedure: PlaceAnomalies_FindEffectDeposits_ResearchEffectDeposit {begin_session=1, destination_tiles=nilxnil, duration_ms=1, environment=Surface, hex_size=615x710, map=BlankBigTerraceCMix_02, map_ref=table: 000001B9CEB60A88, mapdata_size=6144x6144, ok=true, sequence=76, session=1, since_previous_ms=1, slot=15, source_tiles=nilxnil, tag=PlaceAnomalies_FindEffectDeposits_ResearchEffectDeposit, total_ms=15315}
[Super Big Map][LoadingTiming] STEP END RandomMap procedure: PlaceAnomalies_FindEffectDeposits {begin_session=1, destination_tiles=nilxnil, duration_ms=1, environment=Surface, hex_size=615x710, map=BlankBigTerraceCMix_02, map_ref=table: 000001B9CEB60A88, mapdata_size=6144x6144, ok=true, sequence=77, session=1, since_previous_ms=0, slot=15, source_tiles=nilxnil, tag=PlaceAnomalies_FindEffectDeposits, total_ms=15315}
[Super Big Map][LoadingTiming] STEP BEGIN RandomMap procedure: PlaceAnomalies_AlignToHexGrid {destination_tiles=nilxnil, environment=Surface, hex_size=615x710, map=BlankBigTerraceCMix_02, map_ref=table: 000001B9CEB60A88, mapdata_size=6144x6144, randless=true, sequence=78, session=1, since_previous_ms=0, slot=15, source_tiles=nilxnil, tag=PlaceAnomalies_AlignToHexGrid, total_ms=15315}
							Lua 0:00:36:075
[Super Big Map][LoadingTiming] STEP END RandomMap procedure: PlaceAnomalies_AlignToHexGrid {begin_session=1, destination_tiles=nilxnil, duration_ms=0, environment=Surface, hex_size=615x710, map=BlankBigTerraceCMix_02, map_ref=table: 000001B9CEB60A88, mapdata_size=6144x6144, ok=true, sequence=79, session=1, since_previous_ms=0, slot=15, source_tiles=nilxnil, tag=PlaceAnomalies_AlignToHexGrid, total_ms=15315}
[Super Big Map][LoadingTiming] STEP BEGIN RandomMap procedure: PlaceAnomalies_PlaceDeposits {destination_tiles=nilxnil, environment=Surface, hex_size=615x710, map=BlankBigTerraceCMix_02, map_ref=table: 000001B9CEB60A88, mapdata_size=6144x6144, randless=nil, sequence=80, session=1, since_previous_ms=1, slot=15, source_tiles=nilxnil, tag=PlaceAnomalies_PlaceDeposits, total_ms=15316}
							Lua 0:00:36:107
[Super Big Map][LoadingTiming] STEP END RandomMap procedure: PlaceAnomalies_PlaceDeposits {begin_session=1, destination_tiles=nilxnil, duration_ms=32, environment=Surface, hex_size=615x710, map=BlankBigTerraceCMix_02, map_ref=table: 000001B9CEB60A88, mapdata_size=6144x6144, ok=true, sequence=81, session=1, since_previous_ms=32, slot=15, source_tiles=nilxnil, tag=PlaceAnomalies_PlaceDeposits, total_ms=15348}
[Super Big Map][LoadingTiming] STEP BEGIN RandomMap procedure: PlaceAnomalies_PlaceBreakthroughAnomalies {destination_tiles=nilxnil, environment=Surface, hex_size=615x710, map=BlankBigTerraceCMix_02, map_ref=table: 000001B9CEB60A88, mapdata_size=6144x6144, randless=nil, sequence=82, session=1, since_previous_ms=0, slot=15, source_tiles=nilxnil, tag=PlaceAnomalies_PlaceBreakthroughAnomalies, total_ms=15348}
							Lua 0:00:36:108
[Super Big Map][LoadingTiming] STEP END RandomMap procedure: PlaceAnomalies_PlaceBreakthroughAnomalies {begin_session=1, destination_tiles=nilxnil, duration_ms=1, environment=Surface, hex_size=615x710, map=BlankBigTerraceCMix_02, map_ref=table: 000001B9CEB60A88, mapdata_size=6144x6144, ok=true, sequence=83, session=1, since_previous_ms=1, slot=15, source_tiles=nilxnil, tag=PlaceAnomalies_PlaceBreakthroughAnomalies, total_ms=15349}
[Super Big Map][LoadingTiming] STEP BEGIN RandomMap procedure: PlaceAnomalies_PlaceTechUnlockAnomalies {destination_tiles=nilxnil, environment=Surface, hex_size=615x710, map=BlankBigTerraceCMix_02, map_ref=table: 000001B9CEB60A88, mapdata_size=6144x6144, randless=nil, sequence=84, session=1, since_previous_ms=0, slot=15, source_tiles=nilxnil, tag=PlaceAnomalies_PlaceTechUnlockAnomalies, total_ms=15349}
							Lua 0:00:36:110
[Super Big Map][LoadingTiming] STEP END RandomMap procedure: PlaceAnomalies_PlaceTechUnlockAnomalies {begin_session=1, destination_tiles=nilxnil, duration_ms=1, environment=Surface, hex_size=615x710, map=BlankBigTerraceCMix_02, map_ref=table: 000001B9CEB60A88, mapdata_size=6144x6144, ok=true, sequence=85, session=1, since_previous_ms=1, slot=15, source_tiles=nilxnil, tag=PlaceAnomalies_PlaceTechUnlockAnomalies, total_ms=15350}
[Super Big Map][LoadingTiming] STEP BEGIN RandomMap procedure: PlaceAnomalies_PlaceFreeTechAnomalies {destination_tiles=nilxnil, environment=Surface, hex_size=615x710, map=BlankBigTerraceCMix_02, map_ref=table: 000001B9CEB60A88, mapdata_size=6144x6144, randless=nil, sequence=86, session=1, since_previous_ms=1, slot=15, source_tiles=nilxnil, tag=PlaceAnomalies_PlaceFreeTechAnomalies, total_ms=15351}
[Super Big Map][LoadingTiming] STEP END RandomMap procedure: PlaceAnomalies_PlaceFreeTechAnomalies {begin_session=1, destination_tiles=nilxnil, duration_ms=0, environment=Surface, hex_size=615x710, map=BlankBigTerraceCMix_02, map_ref=table: 000001B9CEB60A88, mapdata_size=6144x6144, ok=true, sequence=87, session=1, since_previous_ms=0, slot=15, source_tiles=nilxnil, tag=PlaceAnomalies_PlaceFreeTechAnomalies, total_ms=15351}
[Super Big Map][LoadingTiming] STEP BEGIN RandomMap procedure: PlaceAnomalies_PlaceEventAnomalies {destination_tiles=nilxnil, environment=Surface, hex_size=615x710, map=BlankBigTerraceCMix_02, map_ref=table: 000001B9CEB60A88, mapdata_size=6144x6144, randless=nil, sequence=88, session=1, since_previous_ms=0, slot=15, source_tiles=nilxnil, tag=PlaceAnomalies_PlaceEventAnomalies, total_ms=15351}
							Lua 0:00:36:111
[Super Big Map][LoadingTiming] STEP END RandomMap procedure: PlaceAnomalies_PlaceEventAnomalies {begin_session=1, destination_tiles=nilxnil, duration_ms=1, environment=Surface, hex_size=615x710, map=BlankBigTerraceCMix_02, map_ref=table: 000001B9CEB60A88, mapdata_size=6144x6144, ok=true, sequence=89, session=1, since_previous_ms=1, slot=15, source_tiles=nilxnil, tag=PlaceAnomalies_PlaceEventAnomalies, total_ms=15352}
[Super Big Map][LoadingTiming] STEP BEGIN RandomMap procedure: PlaceAnomalies_PlaceEffectDeposits {destination_tiles=nilxnil, environment=Surface, hex_size=615x710, map=BlankBigTerraceCMix_02, map_ref=table: 000001B9CEB60A88, mapdata_size=6144x6144, randless=nil, sequence=90, session=1, since_previous_ms=0, slot=15, source_tiles=nilxnil, tag=PlaceAnomalies_PlaceEffectDeposits, total_ms=15352}
							Lua 0:00:36:112
[Super Big Map][LoadingTiming] STEP END RandomMap procedure: PlaceAnomalies_PlaceEffectDeposits {begin_session=1, destination_tiles=nilxnil, duration_ms=0, environment=Surface, hex_size=615x710, map=BlankBigTerraceCMix_02, map_ref=table: 000001B9CEB60A88, mapdata_size=6144x6144, ok=true, sequence=91, session=1, since_previous_ms=0, slot=15, source_tiles=nilxnil, tag=PlaceAnomalies_PlaceEffectDeposits, total_ms=15352}
[Super Big Map][LoadingTiming] STEP END RandomMap procedure: PlaceAnomalies {begin_session=1, destination_tiles=nilxnil, duration_ms=155, environment=Surface, hex_size=615x710, map=BlankBigTerraceCMix_02, map_ref=table: 000001B9CEB60A88, mapdata_size=6144x6144, ok=true, sequence=92, session=1, since_previous_ms=1, slot=15, source_tiles=nilxnil, tag=PlaceAnomalies, total_ms=15353}
[Super Big Map][LoadingTiming] STEP BEGIN RandomMap procedure: PlaceObstructions {destination_tiles=nilxnil, environment=Surface, hex_size=615x710, map=BlankBigTerraceCMix_02, map_ref=table: 000001B9CEB60A88, mapdata_size=6144x6144, randless=nil, sequence=93, session=1, since_previous_ms=0, slot=15, source_tiles=nilxnil, tag=PlaceObstructions, total_ms=15353}
[Super Big Map][LoadingTiming] STEP END RandomMap procedure: PlaceObstructions {begin_session=1, destination_tiles=nilxnil, duration_ms=0, environment=Surface, hex_size=615x710, map=BlankBigTerraceCMix_02, map_ref=table: 000001B9CEB60A88, mapdata_size=6144x6144, ok=true, sequence=94, session=1, since_previous_ms=0, slot=15, source_tiles=nilxnil, tag=PlaceObstructions, total_ms=15353}
[Super Big Map][LoadingTiming] STEP BEGIN RandomMap procedure: ClearLandingZones {destination_tiles=nilxnil, environment=Surface, hex_size=615x710, map=BlankBigTerraceCMix_02, map_ref=table: 000001B9CEB60A88, mapdata_size=6144x6144, randless=nil, sequence=95, session=1, since_previous_ms=0, slot=15, source_tiles=nilxnil, tag=ClearLandingZones, total_ms=15353}
[Super Big Map][LoadingTiming] STEP END RandomMap procedure: ClearLandingZones {begin_session=1, destination_tiles=nilxnil, duration_ms=0, environment=Surface, hex_size=615x710, map=BlankBigTerraceCMix_02, map_ref=table: 000001B9CEB60A88, mapdata_size=6144x6144, ok=true, sequence=96, session=1, since_previous_ms=0, slot=15, source_tiles=nilxnil, tag=ClearLandingZones, total_ms=15353}
							Lua 0:00:36:113
[Super Big Map][LoadingTiming] STEP END RandomMapGenerator.OnGenerateLogic {begin_session=1, destination_tiles=nilxnil, duration_ms=537, environment=Surface, hex_size=615x710, map=BlankBigTerraceCMix_02, map_ref=table: 000001B9CEB60A88, mapdata_size=6144x6144, ok=true, sequence=97, session=1, since_previous_ms=1, slot=15, source_tiles=nilxnil, total_ms=15354}
							Lua 0:00:36:121
[Super Big Map][LoadingTiming] STEP captured vanilla native clutter operation {destination_tiles=nilxnil, environment=Surface, error=, grid_cells=none, hex_size=615x710, kind=none, map=BlankBigTerraceCMix_02, map_ref=table: 000001B9CEB60A88, mapdata_size=6144x6144, sequence=98, session=1, since_previous_ms=7, slot=15, source_tiles=nilxnil, terrain_candidates=global=table: 000001B9C5FC6DE0 | DoGenerate_env=nil | MapImport_env=nil | MapReset_env=nil | MapExport_env=nil, total_ms=15361, write_sources=global:0, writes=0}
[Super Big Map][LoadingTiming] STEP END vanilla RandomMapGenerator.DoGenerate {begin_session=1, destination_tiles=nilxnil, duration_ms=4486, environment=Surface, hex_size=615x710, map=BlankBigTerraceCMix_02, map_ref=table: 000001B9CEB60A88, mapdata_size=6144x6144, ok=true, sequence=99, session=1, since_previous_ms=1, slot=15, source_tiles=nilxnil, total_ms=15362}
[Super Big Map][LoadingTiming] STEP native clutter access probe {clutter_tile_size=nil, destination_tiles=nilxnil, environment=Surface, global_terrain=table: 000001B9C5FC6DE0, grid_names=none, height_tile_size=100, hex_size=615x710, map=BlankBigTerraceCMix_02, map_fields=none, map_import_terrain=false, map_is_current=true, map_ref=table: 000001B9CEB60A88, map_reset_terrain=false, mapdata_size=6144x6144, refs=editor.map.clutter=nil | orig.map.clutter=nil | editor.map.clutter_density=nil | orig.map.clutter_density=nil | editor.map.grass_density=nil | orig.map.grass_density=nil, samples=origin=nil | center=nil, sequence=100, session=1, since_previous_ms=0, slot=15, source_tiles=nilxnil, stage=temporary source after DoGenerate, total_ms=15362}
[Super Big Map][LoadingTiming] STEP BEGIN refresh temporary source object radius {destination_tiles=nilxnil, environment=Surface, hex_size=615x710, map=BlankBigTerraceCMix_02, map_ref=table: 000001B9CEB60A88, mapdata_size=6144x6144, sequence=101, session=1, since_previous_ms=0, slot=15, source_tiles=nilxnil, total_ms=15362}
							Lua 0:00:36:141
[Super Big Map][LoadingTiming] STEP END refresh temporary source object radius {begin_session=1, destination_tiles=nilxnil, duration_ms=20, environment=Surface, hex_size=615x710, map=BlankBigTerraceCMix_02, map_ref=table: 000001B9CEB60A88, mapdata_size=6144x6144, ok=true, sequence=102, session=1, since_previous_ms=20, slot=15, source_tiles=nilxnil, total_ms=15382}
[Super Big Map][LoadingTiming] STEP BEGIN finalize temporary source pass edits {destination_tiles=nilxnil, environment=Surface, hex_size=615x710, map=BlankBigTerraceCMix_02, map_ref=table: 000001B9CEB60A88, mapdata_size=6144x6144, mode=flush, sequence=103, session=1, since_previous_ms=0, slot=15, source_tiles=nilxnil, total_ms=15382}
							Lua 0:00:37:755
[Super Big Map][LoadingTiming] STEP END finalize temporary source pass edits {begin_session=1, destination_tiles=nilxnil, duration_ms=1614, environment=Surface, hex_size=615x710, map=BlankBigTerraceCMix_02, map_ref=table: 000001B9CEB60A88, mapdata_size=6144x6144, mode=flushed, ok=true, sequence=104, session=1, since_previous_ms=1614, slot=15, source_tiles=nilxnil, total_ms=16996}
							Lua 0:00:37:756
[Super Big Map][LoadingTiming] STEP native surface passage buildable retained {destination_tiles=8192x8192, environment=Surface, height=710, hex_size=820x946, map=BlankBigTerraceCMix_02, map_ref=table: 000001B9C9431C80, mapdata_size=6144x6144, sequence=105, session=1, since_previous_ms=0, slot=1, source_tiles=6144x6144, total_ms=16996, width=615}
[Super Big Map][UndergroundSeedReservation] RESERVATION {authority_tag=ralph_seed_parity, boundary=fresh_vanilla_twin_test_seam, destination_tiles=8192x8192, environment=Surface, hex_size=820x946, map=BlankBigTerraceCMix_02, map_ref=table: 000001B9C9431C80, mapdata_size=6144x6144, reserved_seed=5083534300309579687, slot=1, source_tiles=6144x6144}
[Super Big Map][LoadingTiming] STEP BEGIN capture native enrichment coordinates {destination_tiles=nilxnil, environment=Surface, hex_size=615x710, map=BlankBigTerraceCMix_02, map_ref=table: 000001B9CEB60A88, mapdata_size=6144x6144, sequence=106, session=1, since_previous_ms=1, slot=15, source_tiles=nilxnil, total_ms=16997}
							Lua 0:00:37:760
[Super Big Map][LoadingTiming] STEP END capture native enrichment coordinates {begin_session=1, coordinate_count=354, destination_tiles=nilxnil, duration_ms=4, environment=Surface, hex_size=615x710, map=BlankBigTerraceCMix_02, map_ref=table: 000001B9CEB60A88, mapdata_size=6144x6144, ok=true, sequence=107, session=1, since_previous_ms=4, slot=15, source_tiles=nilxnil, total_ms=17001}
							Lua 0:00:37:761
[Super Big Map][LoadingTiming] STEP BEGIN capture native enrichment value records {destination_tiles=nilxnil, environment=Surface, hex_size=615x710, map=BlankBigTerraceCMix_02, map_ref=table: 000001B9CEB60A88, mapdata_size=6144x6144, sequence=108, session=1, since_previous_ms=0, slot=15, source_tiles=nilxnil, total_ms=17001}
							Lua 0:00:37:839
[Super Big Map][LoadingTiming] STEP END capture native enrichment value records {begin_session=1, destination_tiles=nilxnil, duration_ms=79, environment=Surface, hex_size=615x710, map=BlankBigTerraceCMix_02, map_ref=table: 000001B9CEB60A88, mapdata_size=6144x6144, ok=true, record_count=354, sequence=109, session=1, since_previous_ms=79, slot=15, source_tiles=nilxnil, total_ms=17080}
[Super Big Map][LoadingTiming] STEP native enrichment records captured {coordinate_count=354, destination_tiles=nilxnil, environment=Surface, hex_size=615x710, map=BlankBigTerraceCMix_02, map_ref=table: 000001B9CEB60A88, mapdata_size=6144x6144, record_count=354, record_signature=5127262807174329434, sequence=110, session=1, since_previous_ms=0, slot=15, source_tiles=nilxnil, total_ms=17080}
[Super Big Map][LoadingTiming] STEP BEGIN capture vanilla initial sector {destination_tiles=nilxnil, environment=Surface, hex_size=615x710, map=BlankBigTerraceCMix_02, map_ref=table: 000001B9CEB60A88, mapdata_size=6144x6144, sequence=111, session=1, since_previous_ms=0, slot=15, source_tiles=nilxnil, total_ms=17080}
							Lua 0:00:37:846
[Super Big Map][LoadingTiming] STEP END capture vanilla initial sector {begin_session=1, destination_tiles=nilxnil, duration_ms=7, environment=Surface, hex_size=615x710, map=BlankBigTerraceCMix_02, map_ref=table: 000001B9CEB60A88, mapdata_size=6144x6144, ok=true, selection=table: 000001B9C7B9B340, sequence=112, session=1, since_previous_ms=7, slot=15, source_tiles=nilxnil, total_ms=17087}
[Super Big Map][LoadingTiming] STEP vanilla initial sector captured {destination_tiles=nilxnil, environment=Surface, hex_size=615x710, map=BlankBigTerraceCMix_02, map_ref=table: 000001B9CEB60A88, mapdata_size=6144x6144, selection=table: 000001B9C7B9B340, sequence=113, session=1, since_previous_ms=0, slot=15, source_tiles=nilxnil, total_ms=17087}
[Super Big Map][LoadingTiming] STEP BEGIN switch temporary generator current slot {destination_tiles=8192x8192, environment=Surface, hex_size=820x946, map=BlankBigTerraceCMix_02, map_ref=table: 000001B9C9431C80, mapdata_size=8192x8192, sequence=114, session=1, since_previous_ms=0, slot=1, source_tiles=6144x6144, target_slot=1, total_ms=17087}
							Lua 0:00:37:847
[DebugAdapter] New connection to DebugAddapter 127.0.0.1:54648
							Lua 0:00:38:271
[DebugAdapter] Connection lost to 127.0.0.1:54648 
							Lua 0:00:38:277
[Super Big Map][LoadingTiming] STEP lifecycle: UndergroundDarknessState {after=0, before=0, destination_tiles=nilxnil, environment=Surface, forced_reveal=false, hex_size=615x710, map=BlankBigTerraceCMix_02, map_ref=table: 000001B9CEB60A88, mapdata_size=6144x6144, sequence=115, session=1, since_previous_ms=431, slot=15, source_tiles=nilxnil, total_ms=17518}
							Lua 0:00:38:446
[Super Big Map][LoadingTiming] STEP lifecycle: CurrentMapChangeDone {destination_tiles=8192x8192, environment=Surface, hex_size=820x946, map=BlankBigTerraceCMix_02, map_ref=table: 000001B9C9431C80, map_slot=1, mapdata_size=8192x8192, sequence=116, session=1, since_previous_ms=169, slot=1, source_tiles=6144x6144, total_ms=17687}
							Lua 0:00:38:448
[Super Big Map][LoadingTiming] STEP prefab feature game logic correspondence {actual_safari=0, created_safari=0, destination_tiles=8192x8192, environment=Surface, expected_safari=0, hex_size=820x946, map=BlankBigTerraceCMix_02, map_ref=table: 000001B9C9431C80, mapdata_size=8192x8192, markers=0, matched_safari=0, removed_orphan_safari=0, replayed_markers=0, sequence=117, session=1, since_previous_ms=2, slot=1, source_tiles=6144x6144, total_ms=17689}
[Super Big Map][LoadingTiming] STEP lifecycle: UndergroundDarknessState {after=0, before=0, destination_tiles=8192x8192, environment=Surface, forced_reveal=false, hex_size=820x946, map=BlankBigTerraceCMix_02, map_ref=table: 000001B9C9431C80, mapdata_size=8192x8192, sequence=118, session=1, since_previous_ms=0, slot=1, source_tiles=6144x6144, total_ms=17689}
							Lua 0:00:38:466
[Super Big Map][LoadingTiming] STEP lifecycle: UndergroundDarknessState {after=0, before=0, destination_tiles=8192x8192, environment=Surface, forced_reveal=false, hex_size=820x946, map=BlankBigTerraceCMix_02, map_ref=table: 000001B9C9431C80, mapdata_size=8192x8192, sequence=119, session=1, since_previous_ms=18, slot=1, source_tiles=6144x6144, total_ms=17707}
							Lua 0:00:39:918
[Super Big Map][LoadingTiming] STEP END switch temporary generator current slot {begin_session=1, destination_tiles=8192x8192, duration_ms=2071, environment=Surface, hex_size=820x946, map=BlankBigTerraceCMix_02, map_ref=table: 000001B9C9431C80, mapdata_size=8192x8192, mode=ChangeCurrentMapSlot, ok=true, sequence=120, session=1, since_previous_ms=1451, slot=1, source_tiles=6144x6144, target_slot=1, total_ms=19158}
[Super Big Map][LoadingTiming] PHASE_END Generating the exact vanilla source terrain... {destination_tiles=8192x8192, duration_ms=11842, environment=Surface, hex_size=820x946, map=BlankBigTerraceCMix_02, map_ref=table: 000001B9C9431C80, mapdata_size=8192x8192, ok=true, sequence=121, session=1, slot=1, source_tiles=6144x6144, total_ms=19159}
[Super Big Map][LoadingTiming] PHASE_BEGIN Migrating the vanilla source into the expanded terrain... {destination_tiles=8192x8192, environment=Surface, hex_size=820x946, map=BlankBigTerraceCMix_02, map_ref=table: 000001B9C9431C80, mapdata_size=8192x8192, sequence=122, session=1, slot=1, source_tiles=6144x6144, total_ms=19159}
[Super Big Map][LoadingTiming] STEP BEGIN stretch temporary source terrain directly to destination {destination_tiles=8192x8192, environment=Surface, hex_size=820x946, map=BlankBigTerraceCMix_02, map_ref=table: 000001B9C9431C80, mapdata_size=8192x8192, sequence=123, session=1, since_previous_ms=0, slot=1, source_tiles=6144x6144, total_ms=19159}
[Super Big Map][LoadingTiming] STEP BEGIN terrain grid stretch: height {destination_tiles=8192x8192, environment=Surface, hex_size=820x946, interpolate=true, map=BlankBigTerraceCMix_02, map_ref=table: 000001B9C9431C80, mapdata_size=8192x8192, scale_values=true, sequence=124, session=1, since_previous_ms=0, slot=1, source_tiles=6144x6144, total_ms=19159}
							Lua 0:00:40:177
[Super Big Map][TerrainCreaseRepair] SOURCE_DETECTED {axis=x,x, bottom_tracks=42, destination_tiles=8192x8192, detected=433, edge=right,right, edge_margin=614, edge_perp=5927, environment=Surface, first_along=5351, hex_size=820x946, last_along=5553, left_tracks=61, map=BlankBigTerraceCMix_02, map_ref=table: 000001B9C9431C80, mapdata_size=8192x8192, max=65535, max_offset=898, min=2129, min_offset=128, modified=0, outer_guard=6, qualified=2, reason=vanilla outer-ring steps qualified for pre-resample repair, repairs=2, right_tracks=41, rows=200, slot=1, source_tiles=6144x6144, threshold=128, top_tracks=83}
							Lua 0:00:40:479
[Super Big Map][TerrainCreaseRepair] SOURCE_REPAIRED {destination_tiles=8192x8192, environment=Surface, hex_size=820x946, map=BlankBigTerraceCMix_02, map_ref=table: 000001B9C9431C80, mapdata_size=8192x8192, modified=50895, reason=qualified vanilla crease side tilted before resampling, rows=567, slot=1, source_tiles=6144x6144, tracks=2}
							Lua 0:00:45:454
[Super Big Map][TerrainCreaseRepair] DESTINATION_REPAIRED {axis=y,x,x,y,y,y,x,x,x,x,y,y,x,y, bottom_tracks=409, destination_tiles=8192x8192, detected=16671, edge=bottom,right,right,bottom,bottom,bottom,right,right,right,right,bottom,bottom,right,bottom, edge_margin=42, edge_perp=8171, environment=Surface, first_along=1348, hex_size=820x946, last_along=4365, left_tracks=167, map=BlankBigTerraceCMix_02, map_ref=table: 000001B9C9431C80, mapdata_size=8192x8192, max=65535, max_offset=2634, min=2148, min_offset=317, modified=688775, outer_guard=8, qualified=14, reason=destination edge lower regions translated with slope-matched feathered joins, repairs=14, right_tracks=370, rows=3018, slot=1, source_tiles=6144x6144, threshold=317, top_tracks=112}
							Lua 0:00:45:586
[Super Big Map][LoadingTiming] STEP terrain height similarity transform {destination_tiles=8192x8192, environment=Surface, final_max=65535, final_min=1020, hex_size=820x946, map=BlankBigTerraceCMix_02, map_ref=table: 000001B9C9431C80, mapdata_size=8192x8192, projected_max=85541, sequence=125, session=1, since_previous_ms=5667, slot=1, source_min=2129, source_tiles=6144x6144, terrain_max=65535, total_ms=24826, uniform_applied=false, uniform_required=false, whole_map_normalized=true, xy_scale_div=6144, xy_scale_mul=8192, z_scale_add=-1166, z_scale_div=63406, z_scale_mul=64535}
							Lua 0:00:49:102
[Super Big Map][LoadingTiming] STEP natural mountain-base buildable aprons {candidates=116, considered=9216, created=73, destination_tiles=8192x8192, environment=Surface, error=, hex_size=820x946, map=BlankBigTerraceCMix_02, map_ref=table: 000001B9C9431C80, mapdata_size=8192x8192, modified=1910302, reason=reserved, relief_rejections=190, ring_sectors=2, sequence=126, session=1, shaped=50, since_previous_ms=3517, slope_rejections=6401, slot=1, source_tiles=6144x6144, total_ms=28343, unchanged=23}
							Lua 0:00:49:136
[Super Big Map][LoadingTiming] STEP END terrain grid stretch: height {begin_session=1, destination_tiles=8192x8192, duration_ms=9217, environment=Surface, error=, extraction_path=direct_source_compute, full_cells=8192x8192, hex_size=820x946, internal_step_modified=739670, internal_step_repair=vanilla outer-ring steps qualified for pre-resample repair; qualified vanilla crease side tilted before resampling; destination edge lower regions translated with slope-matched feathered joins, internal_step_rows=3785, map=BlankBigTerraceCMix_02, map_ref=table: 000001B9C9431C80, mapdata_size=8192x8192, ok=true, sequence=127, session=1, since_previous_ms=34, slot=1, source_tiles=6144x6144, total_ms=28377}
[Super Big Map][LoadingTiming] STEP BEGIN terrain grid stretch: type {destination_tiles=8192x8192, environment=Surface, hex_size=820x946, interpolate=false, map=BlankBigTerraceCMix_02, map_ref=table: 000001B9C9431C80, mapdata_size=8192x8192, scale_values=false, sequence=128, session=1, since_previous_ms=0, slot=1, source_tiles=6144x6144, total_ms=28377}
							Lua 0:00:49:728
[Super Big Map][LoadingTiming] STEP END terrain grid stretch: type {begin_session=1, destination_tiles=8192x8192, duration_ms=592, environment=Surface, error=, extraction_path=direct_source_compute, full_cells=8192x8192, hex_size=820x946, internal_step_modified=0, internal_step_repair=not requested, internal_step_rows=0, map=BlankBigTerraceCMix_02, map_ref=table: 000001B9C9431C80, mapdata_size=8192x8192, ok=true, sequence=129, session=1, since_previous_ms=592, slot=1, source_tiles=6144x6144, total_ms=28969}
[Super Big Map][LoadingTiming] STEP BEGIN terrain clutter grid stretch {destination_tiles=8192x8192, direct_source=true, environment=Surface, hex_size=820x946, map=BlankBigTerraceCMix_02, map_ref=table: 000001B9C9431C80, mapdata_size=8192x8192, sequence=130, session=1, since_previous_ms=0, slot=1, source_tiles=6144x6144, total_ms=28969}
[Super Big Map][LoadingTiming] STEP ERROR terrain clutter grid stretch {begin_session=1, destination_alias=none, destination_tiles=8192x8192, duration_ms=0, environment=Surface, error=captured/native clutter source unavailable, hex_size=820x946, map=BlankBigTerraceCMix_02, map_ref=table: 000001B9C9431C80, mapdata_size=8192x8192, ok=false, sequence=131, session=1, since_previous_ms=0, slot=1, source_alias=none, source_tiles=6144x6144, total_ms=28969}
[Super Big Map][LoadingTiming] STEP direct source terrain grid suite complete {clutter=false, completed_grids=2, destination_tiles=8192x8192, environment=Surface, hex_size=820x946, map=BlankBigTerraceCMix_02, map_ref=table: 000001B9C9431C80, mapdata_size=8192x8192, sequence=132, session=1, since_previous_ms=0, slot=1, source_tiles=6144x6144, total_ms=28969}
							Lua 0:00:49:729
[Super Big Map][LoadingTiming] STEP END stretch temporary source terrain directly to destination {begin_session=1, completed_grids=2, destination_tiles=8192x8192, duration_ms=9810, environment=Surface, error=, hex_size=820x946, map=BlankBigTerraceCMix_02, map_ref=table: 000001B9C9431C80, mapdata_size=8192x8192, ok=true, sequence=133, session=1, since_previous_ms=0, slot=1, source_tiles=6144x6144, total_ms=28969}
[Super Big Map][LoadingTiming] STEP BEGIN copy generated map state {destination_tiles=8192x8192, environment=Surface, hex_size=820x946, map=BlankBigTerraceCMix_02, map_ref=table: 000001B9C9431C80, mapdata_size=8192x8192, sequence=134, session=1, since_previous_ms=1, slot=1, source_tiles=6144x6144, total_ms=28970}
[Super Big Map][LoadingTiming] STEP END copy generated map state {begin_session=1, destination_tiles=8192x8192, duration_ms=0, environment=Surface, hex_size=820x946, map=BlankBigTerraceCMix_02, map_ref=table: 000001B9C9431C80, mapdata_size=8192x8192, ok=true, sequence=135, session=1, since_previous_ms=0, slot=1, source_tiles=6144x6144, total_ms=28970}
[Super Big Map][LoadingTiming] STEP native enrichment records staged on destination {destination_tiles=8192x8192, environment=Surface, hex_size=820x946, map=BlankBigTerraceCMix_02, map_ref=table: 000001B9C9431C80, mapdata_size=8192x8192, record_count=354, sequence=136, session=1, since_previous_ms=0, slot=1, source_tiles=6144x6144, total_ms=28970}
[Super Big Map][LoadingTiming] STEP BEGIN transfer generated non-enrichment objects {destination_tiles=8192x8192, environment=Surface, hex_size=820x946, map=BlankBigTerraceCMix_02, map_ref=table: 000001B9C9431C80, mapdata_size=8192x8192, sequence=137, session=1, since_previous_ms=0, slot=1, source_tiles=6144x6144, total_ms=28970}
							Lua 0:00:51:118
[Super Big Map][LoadingTiming] STEP END transfer generated non-enrichment objects {begin_session=1, destination_tiles=8192x8192, duration_ms=1389, environment=Surface, hex_size=820x946, map=BlankBigTerraceCMix_02, map_ref=table: 000001B9C9431C80, mapdata_size=8192x8192, ok=true, sequence=138, session=1, since_previous_ms=1389, slot=1, source_tiles=6144x6144, total_ms=30359, transferred=16651}
							Lua 0:00:51:119
[Super Big Map][LoadingTiming] STEP BEGIN capture transferred decor relief from temporary terrain {destination_tiles=8192x8192, environment=Surface, hex_size=820x946, map=BlankBigTerraceCMix_02, map_ref=table: 000001B9C9431C80, mapdata_size=8192x8192, sequence=139, session=1, since_previous_ms=0, slot=1, source_tiles=6144x6144, total_ms=30359}
							Lua 0:00:52:552
[Super Big Map][LoadingTiming] STEP decoration relief capture complete {audit_candidates=0, destination_tiles=8192x8192, eligible=16580, environment=Surface, explicit_z=1022, height_failures=0, hex_size=820x946, map=BlankBigTerraceCMix_02, map_ref=table: 000001B9C9431C80, mapdata_size=8192x8192, max_abs_relief=8330, out_of_box_despawned=0, out_of_box_stamped=350, scanned=17031, sequence=140, session=1, since_previous_ms=1434, slot=1, source_tiles=6144x6144, terrain_glued=15558, terrain_source_is_destination=false, total_ms=31793}
							Lua 0:00:52:554
[Super Big Map][LoadingTiming] STEP END capture transferred decor relief from temporary terrain {begin_session=1, destination_tiles=8192x8192, duration_ms=1435, environment=Surface, hex_size=820x946, map=BlankBigTerraceCMix_02, map_ref=table: 000001B9C9431C80, mapdata_size=8192x8192, ok=true, sequence=141, session=1, since_previous_ms=2, slot=1, source_tiles=6144x6144, total_ms=31795}
[Super Big Map][LoadingTiming] STEP BEGIN rebuild destination grids after source migration {destination_tiles=8192x8192, environment=Surface, hex_size=820x946, map=BlankBigTerraceCMix_02, map_ref=table: 000001B9C9431C80, mapdata_size=8192x8192, sequence=142, session=1, since_previous_ms=0, slot=1, source_tiles=6144x6144, total_ms=31795}
[Super Big Map][LoadingTiming] STEP END rebuild destination grids after source migration {begin_session=1, destination_tiles=8192x8192, duration_ms=0, environment=Surface, hex_size=820x946, map=BlankBigTerraceCMix_02, map_ref=table: 000001B9C9431C80, mapdata_size=8192x8192, ok=true, sequence=143, session=1, since_previous_ms=0, slot=1, source_tiles=6144x6144, total_ms=31795}
[Super Big Map][LoadingTiming] STEP temporary vanilla backing retained for the passage passability bridge {destination_tiles=8192x8192, environment=Surface, hex_size=820x946, map=BlankBigTerraceCMix_02, map_ref=table: 000001B9C9431C80, mapdata_size=8192x8192, pass_edits_deferred=false, sequence=144, session=1, since_previous_ms=0, slot=1, source_slot=15, source_tiles=6144x6144, total_ms=31795}
							Lua 0:00:52:562
[Super Big Map][LoadingTiming] STEP staged enrichment records survived source unload {destination_tiles=8192x8192, environment=Surface, hex_size=820x946, map=BlankBigTerraceCMix_02, map_ref=table: 000001B9C9431C80, mapdata_size=8192x8192, record_count=354, sequence=145, session=1, since_previous_ms=8, slot=1, source_tiles=6144x6144, total_ms=31803, verified=true}
[Super Big Map][LoadingTiming] PHASE_END Migrating the vanilla source into the expanded terrain... {destination_tiles=8192x8192, duration_ms=12644, environment=Surface, hex_size=820x946, map=BlankBigTerraceCMix_02, map_ref=table: 000001B9C9431C80, mapdata_size=8192x8192, ok=true, sequence=146, session=1, slot=1, source_tiles=6144x6144, total_ms=31803}
[Super Big Map][LoadingTiming] PHASE_BEGIN Finishing the expanded map... {destination_tiles=8192x8192, environment=Surface, hex_size=820x946, map=BlankBigTerraceCMix_02, map_ref=table: 000001B9C9431C80, mapdata_size=8192x8192, sequence=147, session=1, slot=1, source_tiles=6144x6144, total_ms=31803}
							Lua 0:00:52:563
[Super Big Map][LoadingTiming] STEP temporary source transaction complete {destination_tiles=8192x8192, environment=Surface, hex_size=820x946, map=BlankBigTerraceCMix_02, map_ref=table: 000001B9C9431C80, mapdata_size=8192x8192, sequence=148, session=1, since_previous_ms=1, slot=1, source_tiles=6144x6144, total_ms=31804}
							Lua 0:00:57:153
[Super Big Map][LoadingTiming] STEP lifecycle: MapGenerated {destination_tiles=8192x8192, environment=Surface, hex_size=820x946, map=BlankBigTerraceCMix_02, map_ref=table: 000001B9C9431C80, mapdata_size=8192x8192, mod_map=true, sequence=149, session=1, since_previous_ms=4590, slot=1, source_tiles=6144x6144, total_ms=36394}
							Lua 0:00:57:301
[Super Big Map][LoadingTiming] STEP prefab feature game logic correspondence {actual_safari=42, created_safari=42, destination_tiles=8192x8192, environment=Surface, expected_safari=42, hex_size=820x946, map=BlankBigTerraceCMix_02, map_ref=table: 000001B9C9431C80, mapdata_size=8192x8192, markers=130, matched_safari=0, removed_orphan_safari=0, replayed_markers=130, sequence=150, session=1, since_previous_ms=147, slot=1, source_tiles=6144x6144, total_ms=36541}
[Super Big Map][LoadingTiming] STEP lifecycle: UndergroundDarknessState {after=0, before=0, destination_tiles=8192x8192, environment=Surface, forced_reveal=false, hex_size=820x946, map=BlankBigTerraceCMix_02, map_ref=table: 000001B9C9431C80, mapdata_size=8192x8192, sequence=151, session=1, since_previous_ms=1, slot=1, source_tiles=6144x6144, total_ms=36542}
							Lua 0:00:57:322
[Super Big Map][LoadingTiming] STEP lifecycle: UndergroundDarknessState {after=0, before=0, destination_tiles=8192x8192, environment=Surface, forced_reveal=false, hex_size=820x946, map=BlankBigTerraceCMix_02, map_ref=table: 000001B9C9431C80, mapdata_size=8192x8192, sequence=152, session=1, since_previous_ms=21, slot=1, source_tiles=6144x6144, total_ms=36563}
							Lua 0:00:57:323
[Super Big Map][UndergroundSeedReservation] CONSUMER {boundary=fresh_vanilla_twin_test_seam, consumer_seed=5083534300309579687, consumer_status=pending_injected, destination_tiles=8192x8192, environment=Surface, fill_ok=true, hex_size=820x946, map=BlankBigTerraceCMix_02, map_ref=table: 000001B9C9431C80, mapdata_size=8192x8192, reserved_seed=5083534300309579687, seeded_params_seed=5083534300309579687, slot=1, source_tiles=6144x6144}
							Lua 0:00:57:324
[Super Big Map][LoadingTiming] STEP session continues: expanded map allocation {destination_tiles=8192x8192, environment=Underground, hex_size=nilxnil, map=BlankUnderground_04, map_name=BlankUnderground_04, map_ref=table: 000001B9D56EBAB8, map_slot=2, mapdata_size=8192x8192, sequence=153, session=1, since_previous_ms=2, slot=nil, source_tiles=6144x6144, total_ms=36565}
							Lua 0:00:57:325
[Super Big Map][LoadingTiming] STEP lifecycle: NewMapObject {destination_tiles=8192x8192, environment=Underground, hex_size=nilxnil, map=BlankUnderground_04, map_ref=table: 000001B9D56EBAB8, mapdata_size=8192x8192, sequence=154, session=1, since_previous_ms=0, slot=2, source_tiles=6144x6144, total_ms=36565}
							Lua 0:00:57:353
[DebugAdapter] New connection to DebugAddapter 127.0.0.1:54651
							Lua 0:00:58:556
Map::Init: 0.22000 ms
Map::Load: 259.35999 ms
CreateMap: 259.51999 ms
[Super Big Map][LoadingTiming] STEP lifecycle: PreNewMap {destination_tiles=8192x8192, environment=Underground, hex_size=nilxnil, map=BlankUnderground_04, map_ref=table: 000001B9D56EBAB8, mapdata=table: 000001B9D56EB9E0, mapdata_size=8192x8192, sequence=155, session=1, since_previous_ms=1232, slot=2, source_tiles=6144x6144, total_ms=37797}
							Lua 0:00:58:851
Buildable grid ready: 1/5 valid zones.
							Lua 0:00:58:859
[Super Big Map][LoadingTiming] STEP lifecycle: NewMap {destination_tiles=8192x8192, environment=Underground, hex_size=820x946, map=BlankUnderground_04, map_ref=table: 000001B9D56EBAB8, mapdata=table: 000001B9D56EB9E0, mapdata_size=8192x8192, sequence=156, session=1, since_previous_ms=303, slot=2, source_tiles=6144x6144, total_ms=38100}
							Lua 0:00:58:860
[Super Big Map][LoadingTiming] STEP prefab feature game logic correspondence {actual_safari=0, created_safari=0, destination_tiles=8192x8192, environment=Underground, expected_safari=0, hex_size=820x946, map=BlankUnderground_04, map_ref=table: 000001B9D56EBAB8, mapdata_size=8192x8192, markers=0, matched_safari=0, removed_orphan_safari=0, replayed_markers=0, sequence=157, session=1, since_previous_ms=1, slot=2, source_tiles=6144x6144, total_ms=38101}
							Lua 0:00:59:154
Buildable grid ready: 1/5 valid zones.
							Lua 0:00:59:155
[Super Big Map][LoadingTiming] STEP lifecycle: UndergroundDarknessState {after=90, before=0, destination_tiles=8192x8192, environment=Underground, forced_reveal=false, hex_size=820x946, map=BlankUnderground_04, map_ref=table: 000001B9D56EBAB8, mapdata_size=8192x8192, sequence=158, session=1, since_previous_ms=295, slot=2, source_tiles=6144x6144, total_ms=38396}
							Lua 0:00:59:160
MapLoadRandom:  1704688611871215472 
							Lua 0:00:59:250
[Super Big Map][LoadingTiming] STEP lifecycle: NewMapLoaded {destination_tiles=8192x8192, environment=Underground, hex_size=820x946, map=BlankUnderground_04, map_ref=table: 000001B9D56EBAB8, mapdata=table: 000001B9D56EB9E0, mapdata_size=8192x8192, sequence=159, session=1, since_previous_ms=95, slot=2, source_tiles=6144x6144, total_ms=38491}
							Lua 0:00:59:252
[Super Big Map][LoadingTiming] STEP prefab feature game logic correspondence {actual_safari=0, created_safari=0, destination_tiles=8192x8192, environment=Underground, expected_safari=0, hex_size=820x946, map=BlankUnderground_04, map_ref=table: 000001B9D56EBAB8, mapdata_size=8192x8192, markers=0, matched_safari=0, removed_orphan_safari=0, replayed_markers=0, sequence=160, session=1, since_previous_ms=2, slot=2, source_tiles=6144x6144, total_ms=38493}
							Lua 0:00:59:253
[Super Big Map][LoadingTiming] STEP lifecycle: UndergroundDarknessState {after=90, before=90, destination_tiles=8192x8192, environment=Underground, forced_reveal=false, hex_size=820x946, map=BlankUnderground_04, map_ref=table: 000001B9D56EBAB8, mapdata_size=8192x8192, sequence=161, session=1, since_previous_ms=1, slot=2, source_tiles=6144x6144, total_ms=38494}
							Lua 0:01:03:787
[Super Big Map][LoadingTiming] STEP lifecycle: PostNewMapLoaded {destination_tiles=8192x8192, environment=Underground, hex_size=820x946, map=BlankUnderground_04, map_ref=table: 000001B9D56EBAB8, mapdata=table: 000001B9D56EB9E0, mapdata_size=8192x8192, sequence=162, session=1, since_previous_ms=4534, slot=2, source_tiles=6144x6144, total_ms=43028}
							Lua 0:01:03:789
[Super Big Map][LoadingTiming] STEP prefab feature game logic correspondence {actual_safari=0, created_safari=0, destination_tiles=8192x8192, environment=Underground, expected_safari=0, hex_size=820x946, map=BlankUnderground_04, map_ref=table: 000001B9D56EBAB8, mapdata_size=8192x8192, markers=0, matched_safari=0, removed_orphan_safari=0, replayed_markers=0, sequence=163, session=1, since_previous_ms=1, slot=2, source_tiles=6144x6144, total_ms=43029}
[Super Big Map][LoadingTiming] STEP lifecycle: UndergroundDarknessState {after=90, before=90, destination_tiles=8192x8192, environment=Underground, forced_reveal=false, hex_size=820x946, map=BlankUnderground_04, map_ref=table: 000001B9D56EBAB8, mapdata_size=8192x8192, sequence=164, session=1, since_previous_ms=1, slot=2, source_tiles=6144x6144, total_ms=43030}
							Lua 0:01:03:804
Map (slot 2) changed to "BlankUnderground_04" in 6481 ms.
[Super Big Map][LoadingTiming] STEP session continues: RandomMapGenerator.DoGenerate {destination_tiles=8192x8192, environment=Underground, expansion_pending=true, hex_size=820x946, map=BlankUnderground_04, map_ref=table: 000001B9D56EBAB8, mapdata_size=8192x8192, sequence=165, session=1, since_previous_ms=15, slot=2, source_tiles=6144x6144, total_ms=43045, vanilla_source_migration=false}
[Super Big Map][LoadingTiming] STEP attempt exact temporary-source transaction {destination_tiles=8192x8192, environment=Underground, generator_limit_tiles=6144, hex_size=820x946, map=BlankUnderground_04, map_ref=table: 000001B9D56EBAB8, map_tiles=8192x8192, mapdata_size=8192x8192, sequence=166, session=1, since_previous_ms=0, slot=2, source_tiles=6144x6144, total_ms=43045}
							Lua 0:01:04:716
Buildable grid ready: 79/8708 valid zones.
							Lua 0:01:04:717
[Super Big Map][LoadingTiming] STEP surface passage pairing grid ready {created=false, destination_tiles=8192x8192, environment=Surface, hex_size=820x946, map=BlankBigTerraceCMix_02, map_ref=table: 000001B9C9431C80, mapdata_size=8192x8192, sequence=167, session=1, since_previous_ms=912, slot=1, source_tiles=6144x6144, total_ms=43957}
[Super Big Map][LoadingTiming] STEP BEGIN source-view RandomMapGenerator.DoGenerate on expanded backing {destination_tiles=8192x8192, environment=Underground, hex_size=615x710, map=BlankUnderground_04, map_ref=table: 000001B9D56EBAB8, mapdata_size=6144x6144, sequence=168, session=1, since_previous_ms=1, slot=2, source_tiles=6144x6144, total_ms=43958}
[Super Big Map][LoadingTiming] STEP native clutter access probe {clutter_tile_size=nil, destination_tiles=8192x8192, environment=Underground, global_terrain=table: 000001B9C5FC6DE0, grid_names=none, height_tile_size=100, hex_size=615x710, map=BlankUnderground_04, map_fields=none, map_import_terrain=false, map_is_current=false, map_ref=table: 000001B9D56EBAB8, map_reset_terrain=false, mapdata_size=6144x6144, refs=editor.map.clutter=nil | orig.map.clutter=nil | editor.map.clutter_density=nil | orig.map.clutter_density=nil | editor.map.grass_density=nil | orig.map.grass_density=nil, samples=not-current-or-unavailable, sequence=169, session=1, since_previous_ms=0, slot=2, source_tiles=6144x6144, stage=expanded backing before underground DoGenerate, total_ms=43958}
							Lua 0:01:10:086
[DebugAdapter] Connection lost to 127.0.0.1:54651 
							Lua 0:01:12:305
[Super Big Map][LoadingTiming] STEP BEGIN RandomMapGenerator.OnGenerateLogic {destination_tiles=8192x8192, environment=Underground, hex_size=615x710, map=BlankUnderground_04, map_ref=table: 000001B9D56EBAB8, mapdata_size=6144x6144, sequence=170, session=1, since_previous_ms=7588, slot=2, source_tiles=6144x6144, total_ms=51546}
[Super Big Map][LoadingTiming] STEP BEGIN RandomMap procedure: ResolveBuildable {destination_tiles=8192x8192, environment=Underground, hex_size=615x710, map=BlankUnderground_04, map_ref=table: 000001B9D56EBAB8, mapdata_size=6144x6144, randless=nil, sequence=171, session=1, since_previous_ms=0, slot=2, source_tiles=6144x6144, tag=ResolveBuildable, total_ms=51546}
							Lua 0:01:12:498
Buildable grid ready: 1/6 valid zones.
							Lua 0:01:13:231
[Super Big Map][LoadingTiming] STEP END RandomMap procedure: ResolveBuildable {begin_session=1, destination_tiles=8192x8192, duration_ms=926, environment=Underground, hex_size=615x710, map=BlankUnderground_04, map_ref=table: 000001B9D56EBAB8, mapdata_size=6144x6144, ok=true, sequence=172, session=1, since_previous_ms=926, slot=2, source_tiles=6144x6144, tag=ResolveBuildable, total_ms=52472}
[Super Big Map][LoadingTiming] STEP BEGIN RandomMap procedure: PlaceColdAreas {destination_tiles=8192x8192, environment=Underground, hex_size=615x710, map=BlankUnderground_04, map_ref=table: 000001B9D56EBAB8, mapdata_size=6144x6144, randless=nil, sequence=173, session=1, since_previous_ms=0, slot=2, source_tiles=6144x6144, tag=PlaceColdAreas, total_ms=52472}
[Super Big Map][LoadingTiming] STEP END RandomMap procedure: PlaceColdAreas {begin_session=1, destination_tiles=8192x8192, duration_ms=0, environment=Underground, hex_size=615x710, map=BlankUnderground_04, map_ref=table: 000001B9D56EBAB8, mapdata_size=6144x6144, ok=true, sequence=174, session=1, since_previous_ms=0, slot=2, source_tiles=6144x6144, tag=PlaceColdAreas, total_ms=52472}
[Super Big Map][LoadingTiming] STEP BEGIN deferred underground passage bootstrap {destination_tiles=8192x8192, environment=Underground, hex_size=615x710, map=BlankUnderground_04, map_ref=table: 000001B9D56EBAB8, mapdata_size=6144x6144, sequence=175, session=1, since_previous_ms=0, slot=2, source_tiles=6144x6144, total_ms=52472}
							Lua 0:01:13:439
[Super Big Map][LoadingTiming] STEP underground buried wonder source vertical geometry {class=BottomlessPit, destination_tiles=8192x8192, entity=WonderBottomlessPit, environment=Underground, flatten_shape_hexes=1162, hex_size=615x710, map=BlankUnderground_04, map_ref=table: 000001B9D56EBAB8, mapdata_size=6144x6144, marker_scale=100, sequence=176, session=1, since_previous_ms=208, slot=2, source_flatten_z=10000, source_tiles=6144x6144, total_ms=52680}
							Lua 0:01:13:708
[Super Big Map][LoadingTiming] STEP underground buried wonder source vertical geometry {class=AncientArtifact, destination_tiles=8192x8192, entity=WonderAncientArtifact, environment=Underground, flatten_shape_hexes=1283, hex_size=615x710, map=BlankUnderground_04, map_ref=table: 000001B9D56EBAB8, mapdata_size=6144x6144, marker_scale=100, sequence=177, session=1, since_previous_ms=269, slot=2, source_flatten_z=10000, source_tiles=6144x6144, total_ms=52949}
							Lua 0:01:13:998
[Super Big Map][LoadingTiming] STEP native underground wonder footprint cleared {class=BottomlessPit, clearance_mode=native_vanilla_flatten_shape, destination_tiles=8192x8192, environment=Underground, flatten_z=10000, hex_size=615x710, map=BlankUnderground_04, map_ref=table: 000001B9D56EBAB8, mapdata_size=6144x6144, sequence=178, session=1, since_previous_ms=289, slot=2, source_tiles=6144x6144, total_ms=53238}
							Lua 0:01:14:545
[Super Big Map][LoadingTiming] STEP native underground wonder footprint cleared {class=AncientArtifact, clearance_mode=native_vanilla_flatten_shape, destination_tiles=8192x8192, environment=Underground, flatten_z=10000, hex_size=615x710, map=BlankUnderground_04, map_ref=table: 000001B9D56EBAB8, mapdata_size=6144x6144, sequence=179, session=1, since_previous_ms=548, slot=2, source_tiles=6144x6144, total_ms=53786}
							Lua 0:01:14:694
[Super Big Map][LoadingTiming] STEP native surface passage buildable bridge installed {destination_tiles=8192x8192, environment=Surface, expanded_height=946, expanded_width=820, hex_size=820x946, map=BlankBigTerraceCMix_02, map_ref=table: 000001B9C9431C80, mapdata_size=8192x8192, sequence=180, session=1, since_previous_ms=149, slot=1, source_height=710, source_tiles=6144x6144, source_width=615, total_ms=53935}
							Lua 0:01:14:695
[Super Big Map][LoadingTiming] STEP native surface passage fallback radius pinned to the source extent {destination_tiles=8192x8192, environment=Surface, expanded_height=819200, expanded_width=819200, hex_size=820x946, map=BlankBigTerraceCMix_02, map_ref=table: 000001B9C9431C80, mapdata_size=8192x8192, max_radius=307200, sequence=181, session=1, since_previous_ms=0, slot=1, source_height=614400, source_tiles=6144x6144, source_width=614400, total_ms=53935}
[Super Big Map][LoadingTiming] STEP native surface passage passability bridged to the retained source map {destination_tiles=8192x8192, environment=Surface, hex_size=820x946, map=BlankBigTerraceCMix_02, map_ref=table: 000001B9C9431C80, mapdata_size=8192x8192, sequence=182, session=1, since_previous_ms=1, slot=1, source_slot=15, source_tiles=6144x6144, total_ms=53936}
							Lua 0:01:15:462
[Super Big Map][LoadingTiming] STEP BEGIN unload retained vanilla source backing {destination_tiles=8192x8192, environment=Surface, hex_size=820x946, map=BlankBigTerraceCMix_02, map_ref=table: 000001B9C9431C80, mapdata_size=8192x8192, reason=passage bootstrap selection window closed, sequence=183, session=1, since_previous_ms=767, slot=1, source_slot=15, source_tiles=6144x6144, total_ms=54703}
							Lua 0:01:15:751
Map::Done: 0.49000 ms
							Lua 0:01:15:765
[Super Big Map][LoadingTiming] STEP END unload retained vanilla source backing {begin_session=1, destination_tiles=8192x8192, duration_ms=303, environment=Surface, error=nil, hex_size=820x946, map=BlankBigTerraceCMix_02, map_ref=table: 000001B9C9431C80, mapdata_size=8192x8192, ok=true, sequence=184, session=1, since_previous_ms=303, slot=1, source_tiles=6144x6144, total_ms=55006}
							Lua 0:01:16:043
[Super Big Map][LoadingTiming] STEP END deferred underground passage bootstrap {begin_session=1, destination_tiles=8192x8192, duration_ms=2812, environment=Underground, hex_size=615x710, map=BlankUnderground_04, map_ref=table: 000001B9D56EBAB8, mapdata_size=6144x6144, ok=true, passages=2, planned_pairs=2, sequence=185, session=1, since_previous_ms=278, slot=2, source_tiles=6144x6144, total_ms=55284, wonders_deferred=2}
[Super Big Map][LoadingTiming] STEP BEGIN RandomMap procedure: PlaceAnomalies {destination_tiles=8192x8192, environment=Underground, hex_size=615x710, map=BlankUnderground_04, map_ref=table: 000001B9D56EBAB8, mapdata_size=6144x6144, randless=nil, sequence=186, session=1, since_previous_ms=0, slot=2, source_tiles=6144x6144, tag=PlaceAnomalies, total_ms=55284}
							Lua 0:01:16:048
[Super Big Map][LoadingTiming] STEP BEGIN RandomMap procedure: PlaceAnomalies_FindFeatures {destination_tiles=8192x8192, environment=Underground, hex_size=615x710, map=BlankUnderground_04, map_ref=table: 000001B9D56EBAB8, mapdata_size=6144x6144, randless=true, sequence=187, session=1, since_previous_ms=5, slot=2, source_tiles=6144x6144, tag=PlaceAnomalies_FindFeatures, total_ms=55289}
[Super Big Map][LoadingTiming] STEP BEGIN RandomMap procedure: PlaceAnomalies_FindFeatures_RepulseDeposits {destination_tiles=8192x8192, environment=Underground, hex_size=615x710, map=BlankUnderground_04, map_ref=table: 000001B9D56EBAB8, mapdata_size=6144x6144, randless=nil, sequence=188, session=1, since_previous_ms=0, slot=2, source_tiles=6144x6144, tag=PlaceAnomalies_FindFeatures_RepulseDeposits, total_ms=55289}
[Super Big Map][LoadingTiming] STEP END RandomMap procedure: PlaceAnomalies_FindFeatures_RepulseDeposits {begin_session=1, destination_tiles=8192x8192, duration_ms=0, environment=Underground, hex_size=615x710, map=BlankUnderground_04, map_ref=table: 000001B9D56EBAB8, mapdata_size=6144x6144, ok=true, sequence=189, session=1, since_previous_ms=0, slot=2, source_tiles=6144x6144, tag=PlaceAnomalies_FindFeatures_RepulseDeposits, total_ms=55289}
[Super Big Map][LoadingTiming] STEP BEGIN RandomMap procedure: PlaceAnomalies_FindFeatures_Deposits {destination_tiles=8192x8192, environment=Underground, hex_size=615x710, map=BlankUnderground_04, map_ref=table: 000001B9D56EBAB8, mapdata_size=6144x6144, randless=nil, sequence=190, session=1, since_previous_ms=0, slot=2, source_tiles=6144x6144, tag=PlaceAnomalies_FindFeatures_Deposits, total_ms=55289}
							Lua 0:01:16:049
[Super Big Map][LoadingTiming] STEP END RandomMap procedure: PlaceAnomalies_FindFeatures_Deposits {begin_session=1, destination_tiles=8192x8192, duration_ms=1, environment=Underground, hex_size=615x710, map=BlankUnderground_04, map_ref=table: 000001B9D56EBAB8, mapdata_size=6144x6144, ok=true, sequence=191, session=1, since_previous_ms=1, slot=2, source_tiles=6144x6144, tag=PlaceAnomalies_FindFeatures_Deposits, total_ms=55290}
[Super Big Map][LoadingTiming] STEP BEGIN RandomMap procedure: PlaceAnomalies_FindFeatures_Anomalies {destination_tiles=8192x8192, environment=Underground, hex_size=615x710, map=BlankUnderground_04, map_ref=table: 000001B9D56EBAB8, mapdata_size=6144x6144, randless=nil, sequence=192, session=1, since_previous_ms=0, slot=2, source_tiles=6144x6144, tag=PlaceAnomalies_FindFeatures_Anomalies, total_ms=55290}
[Super Big Map][LoadingTiming] STEP END RandomMap procedure: PlaceAnomalies_FindFeatures_Anomalies {begin_session=1, destination_tiles=8192x8192, duration_ms=0, environment=Underground, hex_size=615x710, map=BlankUnderground_04, map_ref=table: 000001B9D56EBAB8, mapdata_size=6144x6144, ok=true, sequence=193, session=1, since_previous_ms=0, slot=2, source_tiles=6144x6144, tag=PlaceAnomalies_FindFeatures_Anomalies, total_ms=55290}
[Super Big Map][LoadingTiming] STEP BEGIN RandomMap procedure: PlaceAnomalies_FindFeatures_EffectDeposits {destination_tiles=8192x8192, environment=Underground, hex_size=615x710, map=BlankUnderground_04, map_ref=table: 000001B9D56EBAB8, mapdata_size=6144x6144, randless=nil, sequence=194, session=1, since_previous_ms=0, slot=2, source_tiles=6144x6144, tag=PlaceAnomalies_FindFeatures_EffectDeposits, total_ms=55290}
[Super Big Map][LoadingTiming] STEP END RandomMap procedure: PlaceAnomalies_FindFeatures_EffectDeposits {begin_session=1, destination_tiles=8192x8192, duration_ms=0, environment=Underground, hex_size=615x710, map=BlankUnderground_04, map_ref=table: 000001B9D56EBAB8, mapdata_size=6144x6144, ok=true, sequence=195, session=1, since_previous_ms=0, slot=2, source_tiles=6144x6144, tag=PlaceAnomalies_FindFeatures_EffectDeposits, total_ms=55290}
							Lua 0:01:16:053
[Super Big Map][LoadingTiming] STEP END RandomMap procedure: PlaceAnomalies_FindFeatures {begin_session=1, destination_tiles=8192x8192, duration_ms=4, environment=Underground, hex_size=615x710, map=BlankUnderground_04, map_ref=table: 000001B9D56EBAB8, mapdata_size=6144x6144, ok=true, sequence=196, session=1, since_previous_ms=3, slot=2, source_tiles=6144x6144, tag=PlaceAnomalies_FindFeatures, total_ms=55293}
[Super Big Map][LoadingTiming] STEP BEGIN RandomMap procedure: PlaceAnomalies_FindClusters {destination_tiles=8192x8192, environment=Underground, hex_size=615x710, map=BlankUnderground_04, map_ref=table: 000001B9D56EBAB8, mapdata_size=6144x6144, randless=nil, sequence=197, session=1, since_previous_ms=1, slot=2, source_tiles=6144x6144, tag=PlaceAnomalies_FindClusters, total_ms=55294}
							Lua 0:01:16:058
[Super Big Map][LoadingTiming] STEP END RandomMap procedure: PlaceAnomalies_FindClusters {begin_session=1, destination_tiles=8192x8192, duration_ms=5, environment=Underground, hex_size=615x710, map=BlankUnderground_04, map_ref=table: 000001B9D56EBAB8, mapdata_size=6144x6144, ok=true, sequence=198, session=1, since_previous_ms=5, slot=2, source_tiles=6144x6144, tag=PlaceAnomalies_FindClusters, total_ms=55299}
[Super Big Map][LoadingTiming] STEP BEGIN RandomMap procedure: PlaceAnomalies_FindAnomalies_Breakthrough {destination_tiles=8192x8192, environment=Underground, hex_size=615x710, map=BlankUnderground_04, map_ref=table: 000001B9D56EBAB8, mapdata_size=6144x6144, randless=nil, sequence=199, session=1, since_previous_ms=0, slot=2, source_tiles=6144x6144, tag=PlaceAnomalies_FindAnomalies_Breakthrough, total_ms=55299}
[Super Big Map][LoadingTiming] STEP END RandomMap procedure: PlaceAnomalies_FindAnomalies_Breakthrough {begin_session=1, destination_tiles=8192x8192, duration_ms=0, environment=Underground, hex_size=615x710, map=BlankUnderground_04, map_ref=table: 000001B9D56EBAB8, mapdata_size=6144x6144, ok=true, sequence=200, session=1, since_previous_ms=0, slot=2, source_tiles=6144x6144, tag=PlaceAnomalies_FindAnomalies_Breakthrough, total_ms=55299}
							Lua 0:01:16:059
[Super Big Map][LoadingTiming] STEP BEGIN RandomMap procedure: PlaceAnomalies_FindDeposits {destination_tiles=8192x8192, environment=Underground, hex_size=615x710, map=BlankUnderground_04, map_ref=table: 000001B9D56EBAB8, mapdata_size=6144x6144, randless=true, sequence=201, session=1, since_previous_ms=0, slot=2, source_tiles=6144x6144, tag=PlaceAnomalies_FindDeposits, total_ms=55299}
[Super Big Map][LoadingTiming] STEP BEGIN RandomMap procedure: PlaceAnomalies_FindDeposits_surf_Metals {destination_tiles=8192x8192, environment=Underground, hex_size=615x710, map=BlankUnderground_04, map_ref=table: 000001B9D56EBAB8, mapdata_size=6144x6144, randless=nil, sequence=202, session=1, since_previous_ms=1, slot=2, source_tiles=6144x6144, tag=PlaceAnomalies_FindDeposits_surf_Metals, total_ms=55300}
[Super Big Map][LoadingTiming] STEP END RandomMap procedure: PlaceAnomalies_FindDeposits_surf_Metals {begin_session=1, destination_tiles=8192x8192, duration_ms=0, environment=Underground, hex_size=615x710, map=BlankUnderground_04, map_ref=table: 000001B9D56EBAB8, mapdata_size=6144x6144, ok=true, sequence=203, session=1, since_previous_ms=0, slot=2, source_tiles=6144x6144, tag=PlaceAnomalies_FindDeposits_surf_Metals, total_ms=55300}
							Lua 0:01:16:060
[Super Big Map][LoadingTiming] STEP BEGIN RandomMap procedure: PlaceAnomalies_FindDeposits_subs_Metals {destination_tiles=8192x8192, environment=Underground, hex_size=615x710, map=BlankUnderground_04, map_ref=table: 000001B9D56EBAB8, mapdata_size=6144x6144, randless=nil, sequence=204, session=1, since_previous_ms=0, slot=2, source_tiles=6144x6144, tag=PlaceAnomalies_FindDeposits_subs_Metals, total_ms=55300}
							Lua 0:01:16:061
[Super Big Map][LoadingTiming] STEP END RandomMap procedure: PlaceAnomalies_FindDeposits_subs_Metals {begin_session=1, destination_tiles=8192x8192, duration_ms=2, environment=Underground, hex_size=615x710, map=BlankUnderground_04, map_ref=table: 000001B9D56EBAB8, mapdata_size=6144x6144, ok=true, sequence=205, session=1, since_previous_ms=2, slot=2, source_tiles=6144x6144, tag=PlaceAnomalies_FindDeposits_subs_Metals, total_ms=55302}
[Super Big Map][LoadingTiming] STEP BEGIN RandomMap procedure: PlaceAnomalies_FindDeposits_subs_PreciousMetals {destination_tiles=8192x8192, environment=Underground, hex_size=615x710, map=BlankUnderground_04, map_ref=table: 000001B9D56EBAB8, mapdata_size=6144x6144, randless=nil, sequence=206, session=1, since_previous_ms=0, slot=2, source_tiles=6144x6144, tag=PlaceAnomalies_FindDeposits_subs_PreciousMetals, total_ms=55302}
							Lua 0:01:16:062
[Super Big Map][LoadingTiming] STEP END RandomMap procedure: PlaceAnomalies_FindDeposits_subs_PreciousMetals {begin_session=1, destination_tiles=8192x8192, duration_ms=1, environment=Underground, hex_size=615x710, map=BlankUnderground_04, map_ref=table: 000001B9D56EBAB8, mapdata_size=6144x6144, ok=true, sequence=207, session=1, since_previous_ms=1, slot=2, source_tiles=6144x6144, tag=PlaceAnomalies_FindDeposits_subs_PreciousMetals, total_ms=55303}
[Super Big Map][LoadingTiming] STEP BEGIN RandomMap procedure: PlaceAnomalies_FindDeposits_subs_Water {destination_tiles=8192x8192, environment=Underground, hex_size=615x710, map=BlankUnderground_04, map_ref=table: 000001B9D56EBAB8, mapdata_size=6144x6144, randless=nil, sequence=208, session=1, since_previous_ms=0, slot=2, source_tiles=6144x6144, tag=PlaceAnomalies_FindDeposits_subs_Water, total_ms=55303}
							Lua 0:01:16:063
[Super Big Map][LoadingTiming] STEP END RandomMap procedure: PlaceAnomalies_FindDeposits_subs_Water {begin_session=1, destination_tiles=8192x8192, duration_ms=1, environment=Underground, hex_size=615x710, map=BlankUnderground_04, map_ref=table: 000001B9D56EBAB8, mapdata_size=6144x6144, ok=true, sequence=209, session=1, since_previous_ms=1, slot=2, source_tiles=6144x6144, tag=PlaceAnomalies_FindDeposits_subs_Water, total_ms=55304}
							Lua 0:01:16:064
[Super Big Map][LoadingTiming] STEP BEGIN RandomMap procedure: PlaceAnomalies_FindDeposits_terr_Concrete {destination_tiles=8192x8192, environment=Underground, hex_size=615x710, map=BlankUnderground_04, map_ref=table: 000001B9D56EBAB8, mapdata_size=6144x6144, randless=nil, sequence=210, session=1, since_previous_ms=0, slot=2, source_tiles=6144x6144, tag=PlaceAnomalies_FindDeposits_terr_Concrete, total_ms=55304}
[Super Big Map][LoadingTiming] STEP END RandomMap procedure: PlaceAnomalies_FindDeposits_terr_Concrete {begin_session=1, destination_tiles=8192x8192, duration_ms=1, environment=Underground, hex_size=615x710, map=BlankUnderground_04, map_ref=table: 000001B9D56EBAB8, mapdata_size=6144x6144, ok=true, sequence=211, session=1, since_previous_ms=1, slot=2, source_tiles=6144x6144, tag=PlaceAnomalies_FindDeposits_terr_Concrete, total_ms=55305}
							Lua 0:01:16:065
[Super Big Map][LoadingTiming] STEP END RandomMap procedure: PlaceAnomalies_FindDeposits {begin_session=1, destination_tiles=8192x8192, duration_ms=7, environment=Underground, hex_size=615x710, map=BlankUnderground_04, map_ref=table: 000001B9D56EBAB8, mapdata_size=6144x6144, ok=true, sequence=212, session=1, since_previous_ms=1, slot=2, source_tiles=6144x6144, tag=PlaceAnomalies_FindDeposits, total_ms=55306}
[Super Big Map][LoadingTiming] STEP BEGIN RandomMap procedure: PlaceAnomalies_FindAnomalies {destination_tiles=8192x8192, environment=Underground, hex_size=615x710, map=BlankUnderground_04, map_ref=table: 000001B9D56EBAB8, mapdata_size=6144x6144, randless=true, sequence=213, session=1, since_previous_ms=0, slot=2, source_tiles=6144x6144, tag=PlaceAnomalies_FindAnomalies, total_ms=55306}
[Super Big Map][LoadingTiming] STEP BEGIN RandomMap procedure: PlaceAnomalies_FindAnomalies_TechUnlock {destination_tiles=8192x8192, environment=Underground, hex_size=615x710, map=BlankUnderground_04, map_ref=table: 000001B9D56EBAB8, mapdata_size=6144x6144, randless=nil, sequence=214, session=1, since_previous_ms=0, slot=2, source_tiles=6144x6144, tag=PlaceAnomalies_FindAnomalies_TechUnlock, total_ms=55306}
							Lua 0:01:16:066
[Super Big Map][LoadingTiming] STEP END RandomMap procedure: PlaceAnomalies_FindAnomalies_TechUnlock {begin_session=1, destination_tiles=8192x8192, duration_ms=1, environment=Underground, hex_size=615x710, map=BlankUnderground_04, map_ref=table: 000001B9D56EBAB8, mapdata_size=6144x6144, ok=true, sequence=215, session=1, since_previous_ms=1, slot=2, source_tiles=6144x6144, tag=PlaceAnomalies_FindAnomalies_TechUnlock, total_ms=55307}
[Super Big Map][LoadingTiming] STEP BEGIN RandomMap procedure: PlaceAnomalies_FindAnomalies_Event {destination_tiles=8192x8192, environment=Underground, hex_size=615x710, map=BlankUnderground_04, map_ref=table: 000001B9D56EBAB8, mapdata_size=6144x6144, randless=nil, sequence=216, session=1, since_previous_ms=0, slot=2, source_tiles=6144x6144, tag=PlaceAnomalies_FindAnomalies_Event, total_ms=55307}
							Lua 0:01:16:067
[Super Big Map][LoadingTiming] STEP END RandomMap procedure: PlaceAnomalies_FindAnomalies_Event {begin_session=1, destination_tiles=8192x8192, duration_ms=1, environment=Underground, hex_size=615x710, map=BlankUnderground_04, map_ref=table: 000001B9D56EBAB8, mapdata_size=6144x6144, ok=true, sequence=217, session=1, since_previous_ms=1, slot=2, source_tiles=6144x6144, tag=PlaceAnomalies_FindAnomalies_Event, total_ms=55308}
[Super Big Map][LoadingTiming] STEP END RandomMap procedure: PlaceAnomalies_FindAnomalies {begin_session=1, destination_tiles=8192x8192, duration_ms=2, environment=Underground, hex_size=615x710, map=BlankUnderground_04, map_ref=table: 000001B9D56EBAB8, mapdata_size=6144x6144, ok=true, sequence=218, session=1, since_previous_ms=0, slot=2, source_tiles=6144x6144, tag=PlaceAnomalies_FindAnomalies, total_ms=55308}
[Super Big Map][LoadingTiming] STEP BEGIN RandomMap procedure: PlaceAnomalies_FindEffectDeposits {destination_tiles=8192x8192, environment=Underground, hex_size=615x710, map=BlankUnderground_04, map_ref=table: 000001B9D56EBAB8, mapdata_size=6144x6144, randless=nil, sequence=219, session=1, since_previous_ms=0, slot=2, source_tiles=6144x6144, tag=PlaceAnomalies_FindEffectDeposits, total_ms=55308}
[Super Big Map][LoadingTiming] STEP BEGIN RandomMap procedure: PlaceAnomalies_FindEffectDeposits_ResearchEffectDeposit {destination_tiles=8192x8192, environment=Underground, hex_size=615x710, map=BlankUnderground_04, map_ref=table: 000001B9D56EBAB8, mapdata_size=6144x6144, randless=nil, sequence=220, session=1, since_previous_ms=0, slot=2, source_tiles=6144x6144, tag=PlaceAnomalies_FindEffectDeposits_ResearchEffectDeposit, total_ms=55308}
							Lua 0:01:16:068
[Super Big Map][LoadingTiming] STEP END RandomMap procedure: PlaceAnomalies_FindEffectDeposits_ResearchEffectDeposit {begin_session=1, destination_tiles=8192x8192, duration_ms=1, environment=Underground, hex_size=615x710, map=BlankUnderground_04, map_ref=table: 000001B9D56EBAB8, mapdata_size=6144x6144, ok=true, sequence=221, session=1, since_previous_ms=1, slot=2, source_tiles=6144x6144, tag=PlaceAnomalies_FindEffectDeposits_ResearchEffectDeposit, total_ms=55309}
[Super Big Map][LoadingTiming] STEP END RandomMap procedure: PlaceAnomalies_FindEffectDeposits {begin_session=1, destination_tiles=8192x8192, duration_ms=1, environment=Underground, hex_size=615x710, map=BlankUnderground_04, map_ref=table: 000001B9D56EBAB8, mapdata_size=6144x6144, ok=true, sequence=222, session=1, since_previous_ms=0, slot=2, source_tiles=6144x6144, tag=PlaceAnomalies_FindEffectDeposits, total_ms=55309}
							Lua 0:01:16:069
[Super Big Map][LoadingTiming] STEP BEGIN RandomMap procedure: PlaceAnomalies_AlignToHexGrid {destination_tiles=8192x8192, environment=Underground, hex_size=615x710, map=BlankUnderground_04, map_ref=table: 000001B9D56EBAB8, mapdata_size=6144x6144, randless=true, sequence=223, session=1, since_previous_ms=0, slot=2, source_tiles=6144x6144, tag=PlaceAnomalies_AlignToHexGrid, total_ms=55309}
[Super Big Map][LoadingTiming] STEP END RandomMap procedure: PlaceAnomalies_AlignToHexGrid {begin_session=1, destination_tiles=8192x8192, duration_ms=1, environment=Underground, hex_size=615x710, map=BlankUnderground_04, map_ref=table: 000001B9D56EBAB8, mapdata_size=6144x6144, ok=true, sequence=224, session=1, since_previous_ms=1, slot=2, source_tiles=6144x6144, tag=PlaceAnomalies_AlignToHexGrid, total_ms=55310}
[Super Big Map][LoadingTiming] STEP BEGIN RandomMap procedure: PlaceAnomalies_PlaceDeposits {destination_tiles=8192x8192, environment=Underground, hex_size=615x710, map=BlankUnderground_04, map_ref=table: 000001B9D56EBAB8, mapdata_size=6144x6144, randless=nil, sequence=225, session=1, since_previous_ms=0, slot=2, source_tiles=6144x6144, tag=PlaceAnomalies_PlaceDeposits, total_ms=55310}
							Lua 0:01:16:108
[Super Big Map][LoadingTiming] STEP END RandomMap procedure: PlaceAnomalies_PlaceDeposits {begin_session=1, destination_tiles=8192x8192, duration_ms=39, environment=Underground, hex_size=615x710, map=BlankUnderground_04, map_ref=table: 000001B9D56EBAB8, mapdata_size=6144x6144, ok=true, sequence=226, session=1, since_previous_ms=39, slot=2, source_tiles=6144x6144, tag=PlaceAnomalies_PlaceDeposits, total_ms=55349}
							Lua 0:01:16:109
[Super Big Map][LoadingTiming] STEP BEGIN RandomMap procedure: PlaceAnomalies_PlaceBreakthroughAnomalies {destination_tiles=8192x8192, environment=Underground, hex_size=615x710, map=BlankUnderground_04, map_ref=table: 000001B9D56EBAB8, mapdata_size=6144x6144, randless=nil, sequence=227, session=1, since_previous_ms=1, slot=2, source_tiles=6144x6144, tag=PlaceAnomalies_PlaceBreakthroughAnomalies, total_ms=55350}
[Super Big Map][LoadingTiming] STEP END RandomMap procedure: PlaceAnomalies_PlaceBreakthroughAnomalies {begin_session=1, destination_tiles=8192x8192, duration_ms=0, environment=Underground, hex_size=615x710, map=BlankUnderground_04, map_ref=table: 000001B9D56EBAB8, mapdata_size=6144x6144, ok=true, sequence=228, session=1, since_previous_ms=0, slot=2, source_tiles=6144x6144, tag=PlaceAnomalies_PlaceBreakthroughAnomalies, total_ms=55350}
[Super Big Map][LoadingTiming] STEP BEGIN RandomMap procedure: PlaceAnomalies_PlaceTechUnlockAnomalies {destination_tiles=8192x8192, environment=Underground, hex_size=615x710, map=BlankUnderground_04, map_ref=table: 000001B9D56EBAB8, mapdata_size=6144x6144, randless=nil, sequence=229, session=1, since_previous_ms=0, slot=2, source_tiles=6144x6144, tag=PlaceAnomalies_PlaceTechUnlockAnomalies, total_ms=55350}
[Super Big Map][LoadingTiming] STEP END RandomMap procedure: PlaceAnomalies_PlaceTechUnlockAnomalies {begin_session=1, destination_tiles=8192x8192, duration_ms=0, environment=Underground, hex_size=615x710, map=BlankUnderground_04, map_ref=table: 000001B9D56EBAB8, mapdata_size=6144x6144, ok=true, sequence=230, session=1, since_previous_ms=0, slot=2, source_tiles=6144x6144, tag=PlaceAnomalies_PlaceTechUnlockAnomalies, total_ms=55350}
							Lua 0:01:16:110
[Super Big Map][LoadingTiming] STEP BEGIN RandomMap procedure: PlaceAnomalies_PlaceFreeTechAnomalies {destination_tiles=8192x8192, environment=Underground, hex_size=615x710, map=BlankUnderground_04, map_ref=table: 000001B9D56EBAB8, mapdata_size=6144x6144, randless=nil, sequence=231, session=1, since_previous_ms=0, slot=2, source_tiles=6144x6144, tag=PlaceAnomalies_PlaceFreeTechAnomalies, total_ms=55350}
[Super Big Map][LoadingTiming] STEP END RandomMap procedure: PlaceAnomalies_PlaceFreeTechAnomalies {begin_session=1, destination_tiles=8192x8192, duration_ms=1, environment=Underground, hex_size=615x710, map=BlankUnderground_04, map_ref=table: 000001B9D56EBAB8, mapdata_size=6144x6144, ok=true, sequence=232, session=1, since_previous_ms=1, slot=2, source_tiles=6144x6144, tag=PlaceAnomalies_PlaceFreeTechAnomalies, total_ms=55351}
[Super Big Map][LoadingTiming] STEP BEGIN RandomMap procedure: PlaceAnomalies_PlaceEventAnomalies {destination_tiles=8192x8192, environment=Underground, hex_size=615x710, map=BlankUnderground_04, map_ref=table: 000001B9D56EBAB8, mapdata_size=6144x6144, randless=nil, sequence=233, session=1, since_previous_ms=0, slot=2, source_tiles=6144x6144, tag=PlaceAnomalies_PlaceEventAnomalies, total_ms=55351}
[Super Big Map][LoadingTiming] STEP END RandomMap procedure: PlaceAnomalies_PlaceEventAnomalies {begin_session=1, destination_tiles=8192x8192, duration_ms=0, environment=Underground, hex_size=615x710, map=BlankUnderground_04, map_ref=table: 000001B9D56EBAB8, mapdata_size=6144x6144, ok=true, sequence=234, session=1, since_previous_ms=0, slot=2, source_tiles=6144x6144, tag=PlaceAnomalies_PlaceEventAnomalies, total_ms=55351}
[Super Big Map][LoadingTiming] STEP BEGIN RandomMap procedure: PlaceAnomalies_PlaceEffectDeposits {destination_tiles=8192x8192, environment=Underground, hex_size=615x710, map=BlankUnderground_04, map_ref=table: 000001B9D56EBAB8, mapdata_size=6144x6144, randless=nil, sequence=235, session=1, since_previous_ms=0, slot=2, source_tiles=6144x6144, tag=PlaceAnomalies_PlaceEffectDeposits, total_ms=55351}
							Lua 0:01:16:111
[Super Big Map][LoadingTiming] STEP END RandomMap procedure: PlaceAnomalies_PlaceEffectDeposits {begin_session=1, destination_tiles=8192x8192, duration_ms=1, environment=Underground, hex_size=615x710, map=BlankUnderground_04, map_ref=table: 000001B9D56EBAB8, mapdata_size=6144x6144, ok=true, sequence=236, session=1, since_previous_ms=1, slot=2, source_tiles=6144x6144, tag=PlaceAnomalies_PlaceEffectDeposits, total_ms=55352}
[Super Big Map][LoadingTiming] STEP END RandomMap procedure: PlaceAnomalies {begin_session=1, destination_tiles=8192x8192, duration_ms=68, environment=Underground, hex_size=615x710, map=BlankUnderground_04, map_ref=table: 000001B9D56EBAB8, mapdata_size=6144x6144, ok=true, sequence=237, session=1, since_previous_ms=0, slot=2, source_tiles=6144x6144, tag=PlaceAnomalies, total_ms=55352}
[Super Big Map][LoadingTiming] STEP BEGIN RandomMap procedure: PlaceObstructions {destination_tiles=8192x8192, environment=Underground, hex_size=615x710, map=BlankUnderground_04, map_ref=table: 000001B9D56EBAB8, mapdata_size=6144x6144, randless=nil, sequence=238, session=1, since_previous_ms=0, slot=2, source_tiles=6144x6144, tag=PlaceObstructions, total_ms=55352}
							Lua 0:01:16:136
[Super Big Map][LoadingTiming] STEP END RandomMap procedure: PlaceObstructions {begin_session=1, destination_tiles=8192x8192, duration_ms=25, environment=Underground, hex_size=615x710, map=BlankUnderground_04, map_ref=table: 000001B9D56EBAB8, mapdata_size=6144x6144, ok=true, sequence=239, session=1, since_previous_ms=25, slot=2, source_tiles=6144x6144, tag=PlaceObstructions, total_ms=55377}
[Super Big Map][LoadingTiming] STEP temporary native underground wonders removed {cleaned=2, destination_tiles=8192x8192, environment=Underground, hex_size=615x710, map=BlankUnderground_04, map_ref=table: 000001B9D56EBAB8, mapdata_size=6144x6144, reason=after stock PlaceObstructions, sequence=240, session=1, since_previous_ms=0, slot=2, source_tiles=6144x6144, temporary_flight_queues=3, total_ms=55377}
[Super Big Map][LoadingTiming] STEP BEGIN RandomMap procedure: ClearLandingZones {destination_tiles=8192x8192, environment=Underground, hex_size=615x710, map=BlankUnderground_04, map_ref=table: 000001B9D56EBAB8, mapdata_size=6144x6144, randless=nil, sequence=241, session=1, since_previous_ms=0, slot=2, source_tiles=6144x6144, tag=ClearLandingZones, total_ms=55377}
							Lua 0:01:16:137
[Super Big Map][LoadingTiming] STEP END RandomMap procedure: ClearLandingZones {begin_session=1, destination_tiles=8192x8192, duration_ms=0, environment=Underground, hex_size=615x710, map=BlankUnderground_04, map_ref=table: 000001B9D56EBAB8, mapdata_size=6144x6144, ok=true, sequence=242, session=1, since_previous_ms=1, slot=2, source_tiles=6144x6144, tag=ClearLandingZones, total_ms=55378}
[Super Big Map][LoadingTiming] STEP END RandomMapGenerator.OnGenerateLogic {begin_session=1, destination_tiles=8192x8192, duration_ms=3832, environment=Underground, hex_size=615x710, map=BlankUnderground_04, map_ref=table: 000001B9D56EBAB8, mapdata_size=6144x6144, ok=true, sequence=243, session=1, since_previous_ms=0, slot=2, source_tiles=6144x6144, total_ms=55378}
							Lua 0:01:16:146
[Super Big Map][LoadingTiming] STEP captured vanilla native clutter operation {destination_tiles=8192x8192, environment=Underground, error=, grid_cells=none, hex_size=615x710, kind=none, map=BlankUnderground_04, map_ref=table: 000001B9D56EBAB8, mapdata_size=6144x6144, sequence=244, session=1, since_previous_ms=8, slot=2, source_tiles=6144x6144, terrain_candidates=global=table: 000001B9C5FC6DE0 | DoGenerate_env=nil | MapImport_env=nil | MapReset_env=nil | MapExport_env=nil, total_ms=55386, write_sources=global:0, writes=0}
[Super Big Map][LoadingTiming] STEP underground mark grid allocated at backing scale {backing_world=819200, destination_tiles=8192x8192, environment=Underground, grid_cells=768x768->1024x1024, hex_size=615x710, map=BlankUnderground_04, map_ref=table: 000001B9D56EBAB8, mapdata_size=6144x6144, mark_phases=3, scaled_grids=4, sequence=245, session=1, since_previous_ms=1, slot=2, source_tiles=6144x6144, source_world=614400, total_ms=55387, unscaled_grids=15}
[Super Big Map][LoadingTiming] STEP source prefab raster transaction serialized {destination_tiles=8192x8192, environment=Underground, generation_ok=true, hex_size=615x710, map=BlankUnderground_04, map_ref=table: 000001B9D56EBAB8, mapdata_size=6144x6144, previous_parallel_div=8, restored_parallel_div=8, sequence=246, session=1, since_previous_ms=0, slot=2, source_tiles=6144x6144, total_ms=55387}
							Lua 0:01:16:147
[Super Big Map][UndergroundSeedReservation] HOLDER {boundary=fresh_vanilla_twin_test_seam, consumer_seed=5083534300309579687, consumer_status=pending_injected, destination_tiles=8192x8192, environment=Underground, generation_ok=true, hex_size=615x710, holder_generation_hash=-1768524702444233987, holder_seed=5083534300309579687, map=BlankUnderground_04, map_ref=table: 000001B9D56EBAB8, mapdata_size=6144x6144, reserved_seed=5083534300309579687, seeded_params_seed=5083534300309579687, slot=2, source_tiles=6144x6144}
							Lua 0:01:16:148
[Super Big Map][LoadingTiming] STEP native clutter access probe {clutter_tile_size=nil, destination_tiles=8192x8192, environment=Underground, global_terrain=table: 000001B9C5FC6DE0, grid_names=none, height_tile_size=100, hex_size=615x710, map=BlankUnderground_04, map_fields=none, map_import_terrain=false, map_is_current=false, map_ref=table: 000001B9D56EBAB8, map_reset_terrain=false, mapdata_size=6144x6144, refs=editor.map.clutter=nil | orig.map.clutter=nil | editor.map.clutter_density=nil | orig.map.clutter_density=nil | editor.map.grass_density=nil | orig.map.grass_density=nil, samples=not-current-or-unavailable, sequence=247, session=1, since_previous_ms=2, slot=2, source_tiles=6144x6144, stage=expanded backing after underground DoGenerate, total_ms=55389}
[Super Big Map][LoadingTiming] STEP END source-view RandomMapGenerator.DoGenerate on expanded backing {begin_session=1, destination_tiles=8192x8192, duration_ms=11431, environment=Underground, hex_size=615x710, map=BlankUnderground_04, map_ref=table: 000001B9D56EBAB8, mapdata_size=6144x6144, ok=true, sequence=248, session=1, since_previous_ms=0, slot=2, source_tiles=6144x6144, total_ms=55389}
							Lua 0:01:18:164
[Super Big Map][LoadingTiming] STEP lifecycle: MapGenerated {destination_tiles=8192x8192, environment=Underground, hex_size=820x946, map=BlankUnderground_04, map_ref=table: 000001B9D56EBAB8, mapdata_size=8192x8192, mod_map=true, sequence=249, session=1, since_previous_ms=2015, slot=2, source_tiles=6144x6144, total_ms=57404}
							Lua 0:01:18:204
[Super Big Map][LoadingTiming] STEP prefab feature game logic correspondence {actual_safari=0, created_safari=0, destination_tiles=8192x8192, environment=Underground, expected_safari=0, hex_size=820x946, map=BlankUnderground_04, map_ref=table: 000001B9D56EBAB8, mapdata_size=8192x8192, markers=0, matched_safari=0, removed_orphan_safari=0, replayed_markers=0, sequence=250, session=1, since_previous_ms=41, slot=2, source_tiles=6144x6144, total_ms=57445}
[Super Big Map][LoadingTiming] STEP lifecycle: UndergroundDarknessState {after=90, before=90, destination_tiles=8192x8192, environment=Underground, forced_reveal=false, hex_size=820x946, map=BlankUnderground_04, map_ref=table: 000001B9D56EBAB8, mapdata_size=8192x8192, sequence=251, session=1, since_previous_ms=0, slot=2, source_tiles=6144x6144, total_ms=57445}
							Lua 0:01:18:224
[Super Big Map][LoadingTiming] STEP lifecycle: UndergroundDarknessState {after=0, before=90, destination_tiles=8192x8192, environment=Surface, forced_reveal=false, hex_size=820x946, map=BlankBigTerraceCMix_02, map_ref=table: 000001B9C9431C80, mapdata_size=8192x8192, sequence=252, session=1, since_previous_ms=20, slot=1, source_tiles=6144x6144, total_ms=57465}
							Lua 0:01:18:268
no sectors found with enough average expected metals
no resources expected at all on the map
							Lua 0:01:18:269
[Super Big Map][LoadingTiming] STEP lifecycle: MapSectorsReady {destination_tiles=8192x8192, environment=Surface, hex_size=820x946, map=BlankBigTerraceCMix_02, map_ref=table: 000001B9C9431C80, mapdata_size=8192x8192, sequence=253, session=1, since_previous_ms=45, slot=1, source_tiles=6144x6144, total_ms=57510}
							Lua 0:01:18:295
[Super Big Map][LoadingTiming] STEP lifecycle: CityInitialized {destination_tiles=8192x8192, environment=Surface, hex_size=820x946, map=BlankBigTerraceCMix_02, map_ref=table: 000001B9C9431C80, mapdata_size=8192x8192, sequence=254, session=1, since_previous_ms=26, slot=1, source_tiles=6144x6144, total_ms=57536}
							Lua 0:01:18:357
[Super Big Map][LoadingTiming] STEP lifecycle: MapSectorsReady {destination_tiles=8192x8192, environment=Underground, hex_size=820x946, map=BlankUnderground_04, map_ref=table: 000001B9D56EBAB8, mapdata_size=8192x8192, sequence=255, session=1, since_previous_ms=61, slot=2, source_tiles=6144x6144, total_ms=57597}
							Lua 0:01:18:384
[Super Big Map][LoadingTiming] STEP lifecycle: CityInitialized {destination_tiles=8192x8192, environment=Underground, hex_size=820x946, map=BlankUnderground_04, map_ref=table: 000001B9D56EBAB8, mapdata_size=8192x8192, sequence=256, session=1, since_previous_ms=28, slot=2, source_tiles=6144x6144, total_ms=57625}
							Lua 0:01:18:536
[Super Big Map][LoadingTiming] STEP BEGIN surface expansion pipeline {destination_tiles=8192x8192, environment=Surface, hex_size=820x946, map=BlankBigTerraceCMix_02, map_ref=table: 000001B9C9431C80, mapdata_size=8192x8192, sequence=257, session=1, since_previous_ms=151, slot=1, source_tiles=6144x6144, total_ms=57776}
							Lua 0:01:18:544
[Super Big Map][LoadingTiming] PHASE_END Finishing the expanded map... {destination_tiles=8192x8192, duration_ms=25981, environment=Surface, hex_size=820x946, map=BlankBigTerraceCMix_02, map_ref=table: 000001B9C9431C80, mapdata_size=8192x8192, ok=true, sequence=258, session=1, slot=1, source_tiles=6144x6144, total_ms=57784}
[Super Big Map][LoadingTiming] PHASE_BEGIN Please wait. {destination_tiles=8192x8192, environment=Surface, hex_size=820x946, map=BlankBigTerraceCMix_02, map_ref=table: 000001B9C9431C80, mapdata_size=8192x8192, sequence=259, session=1, slot=1, source_tiles=6144x6144, total_ms=57784}
							Lua 0:01:18:658
[Super Big Map][LoadingTiming] STEP surface custom loading handoff {destination_tiles=8192x8192, environment=Surface, hex_size=820x946, map=BlankBigTerraceCMix_02, map_ref=table: 000001B9C9431C80, mapdata_size=8192x8192, milestone=before_pass_edit_suspension_and_terrain_stretch, sequence=260, session=1, since_previous_ms=115, slot=1, source_tiles=6144x6144, started=true, total_ms=57899, visible=true}
[Super Big Map][LoadingTiming] STEP using decor relief captured from temporary source {destination_tiles=8192x8192, environment=Surface, hex_size=820x946, map=BlankBigTerraceCMix_02, map_ref=table: 000001B9C9431C80, mapdata_size=8192x8192, sequence=261, session=1, since_previous_ms=0, slot=1, source_tiles=6144x6144, total_ms=57899}
							Lua 0:01:18:659
[Super Big Map][LoadingTiming] STEP terrain grids already stretched directly from temporary source {destination_tiles=8192x8192, environment=Surface, height=true, hex_size=820x946, map=BlankBigTerraceCMix_02, map_ref=table: 000001B9C9431C80, mapdata_size=8192x8192, sequence=262, session=1, since_previous_ms=0, slot=1, source_tiles=6144x6144, terrain_type=true, total_ms=57899}
[Super Big Map][LoadingTiming] STEP BEGIN terrain clutter grid stretch {destination_tiles=8192x8192, direct_source=false, environment=Surface, hex_size=820x946, map=BlankBigTerraceCMix_02, map_ref=table: 000001B9C9431C80, mapdata_size=8192x8192, sequence=263, session=1, since_previous_ms=1, slot=1, source_tiles=6144x6144, total_ms=57900}
[Super Big Map][LoadingTiming] STEP ERROR terrain clutter grid stretch {begin_session=1, destination_alias=none, destination_tiles=8192x8192, duration_ms=0, environment=Surface, error=captured/native clutter source unavailable, hex_size=820x946, map=BlankBigTerraceCMix_02, map_ref=table: 000001B9C9431C80, mapdata_size=8192x8192, ok=false, sequence=264, session=1, since_previous_ms=0, slot=1, source_alias=none, source_tiles=6144x6144, total_ms=57900}
[Super Big Map][LoadingTiming] STEP terrain clutter grid unavailable; continuing diagnostic generation {destination_tiles=8192x8192, direct_source=false, environment=Surface, hex_size=820x946, map=BlankBigTerraceCMix_02, map_ref=table: 000001B9C9431C80, mapdata_size=8192x8192, sequence=265, session=1, since_previous_ms=0, slot=1, source_tiles=6144x6144, total_ms=57900}
[Super Big Map][LoadingTiming] STEP BEGIN terrain map grid stretch: colorize {destination_tiles=8192x8192, environment=Surface, hex_size=820x946, interpolate=false, map=BlankBigTerraceCMix_02, map_ref=table: 000001B9C9431C80, mapdata_size=8192x8192, sequence=266, session=1, since_previous_ms=0, slot=1, source_tiles=6144x6144, total_ms=57900}
[Super Big Map][LoadingTiming] STEP BEGIN terrain map grid colorize: source extraction {destination_tiles=8192x8192, environment=Surface, hex_size=820x946, map=BlankBigTerraceCMix_02, map_ref=table: 000001B9C9431C80, mapdata_size=8192x8192, sequence=267, session=1, since_previous_ms=0, slot=1, source_tiles=6144x6144, total_ms=57900}
							Lua 0:01:18:664
[Super Big Map][LoadingTiming] STEP END terrain map grid colorize: source extraction {begin_session=1, destination_tiles=8192x8192, duration_ms=5, environment=Surface, hex_size=820x946, map=BlankBigTerraceCMix_02, map_ref=table: 000001B9C9431C80, mapdata_size=8192x8192, ok=true, sequence=268, session=1, since_previous_ms=5, slot=1, source_cells=3072x3072, source_tiles=6144x6144, total_ms=57905}
[Super Big Map][LoadingTiming] STEP BEGIN terrain map grid colorize: destination metadata {destination_tiles=8192x8192, environment=Surface, hex_size=820x946, map=BlankBigTerraceCMix_02, map_ref=table: 000001B9C9431C80, mapdata_size=8192x8192, sequence=269, session=1, since_previous_ms=0, slot=1, source_tiles=6144x6144, total_ms=57905}
							Lua 0:01:18:665
[Super Big Map][LoadingTiming] STEP END terrain map grid colorize: destination metadata {begin_session=1, destination_cells=4096x4096, destination_tiles=8192x8192, duration_ms=0, environment=Surface, hex_size=820x946, map=BlankBigTerraceCMix_02, map_ref=table: 000001B9C9431C80, mapdata_size=8192x8192, ok=true, sequence=270, session=1, since_previous_ms=0, slot=1, source_tiles=6144x6144, target_bits=?, target_format=hierarchical, total_ms=57905}
[Super Big Map][LoadingTiming] STEP BEGIN terrain map grid colorize: compute conversion {destination_tiles=8192x8192, environment=Surface, hex_size=820x946, map=BlankBigTerraceCMix_02, map_ref=table: 000001B9C9431C80, mapdata_size=8192x8192, sequence=271, session=1, since_previous_ms=1, slot=1, source_tiles=6144x6144, total_ms=57906}
							Lua 0:01:18:717
[Super Big Map][LoadingTiming] STEP END terrain map grid colorize: compute conversion {begin_session=1, destination_tiles=8192x8192, duration_ms=52, environment=Surface, hex_size=820x946, map=BlankBigTerraceCMix_02, map_ref=table: 000001B9C9431C80, mapdata_size=8192x8192, ok=true, sequence=272, session=1, since_previous_ms=52, slot=1, source_tiles=6144x6144, total_ms=57958}
[Super Big Map][LoadingTiming] STEP BEGIN terrain map grid colorize: resample {destination_cells=4096x4096, destination_tiles=8192x8192, environment=Surface, hex_size=820x946, interpolate=false, map=BlankBigTerraceCMix_02, map_ref=table: 000001B9C9431C80, mapdata_size=8192x8192, sequence=273, session=1, since_previous_ms=0, slot=1, source_tiles=6144x6144, total_ms=57958}
							Lua 0:01:18:844
[Super Big Map][LoadingTiming] STEP END terrain map grid colorize: resample {begin_session=1, destination_tiles=8192x8192, duration_ms=127, environment=Surface, hex_size=820x946, map=BlankBigTerraceCMix_02, map_ref=table: 000001B9C9431C80, mapdata_size=8192x8192, ok=true, sequence=274, session=1, since_previous_ms=127, slot=1, source_tiles=6144x6144, total_ms=58085}
[Super Big Map][LoadingTiming] STEP BEGIN terrain map grid colorize: destination write {destination_tiles=8192x8192, environment=Surface, hex_size=820x946, map=BlankBigTerraceCMix_02, map_ref=table: 000001B9C9431C80, mapdata_size=8192x8192, sequence=275, session=1, since_previous_ms=0, slot=1, source_tiles=6144x6144, total_ms=58085}
							Lua 0:01:19:435
[Super Big Map][LoadingTiming] STEP END terrain map grid colorize: destination write {begin_session=1, destination_tiles=8192x8192, duration_ms=591, environment=Surface, hex_size=820x946, map=BlankBigTerraceCMix_02, map_ref=table: 000001B9C9431C80, mapdata_size=8192x8192, mode=editor_set_grid, ok=true, sequence=276, session=1, since_previous_ms=591, slot=1, source_tiles=6144x6144, total_ms=58676}
							Lua 0:01:19:442
[Super Big Map][LoadingTiming] STEP END terrain map grid stretch: colorize {begin_session=1, destination_tiles=8192x8192, duration_ms=783, environment=Surface, hex_size=820x946, map=BlankBigTerraceCMix_02, map_ref=table: 000001B9C9431C80, mapdata_size=8192x8192, ok=true, sequence=277, session=1, since_previous_ms=7, slot=1, source_tiles=6144x6144, total_ms=58683}
[Super Big Map][LoadingTiming] STEP BEGIN terrain map grid stretch: BiomeGrid {destination_tiles=8192x8192, environment=Surface, hex_size=820x946, interpolate=false, map=BlankBigTerraceCMix_02, map_ref=table: 000001B9C9431C80, mapdata_size=8192x8192, sequence=278, session=1, since_previous_ms=0, slot=1, source_tiles=6144x6144, total_ms=58683}
[Super Big Map][LoadingTiming] STEP BEGIN terrain map grid BiomeGrid: source extraction {destination_tiles=8192x8192, environment=Surface, hex_size=820x946, map=BlankBigTerraceCMix_02, map_ref=table: 000001B9C9431C80, mapdata_size=8192x8192, sequence=279, session=1, since_previous_ms=0, slot=1, source_tiles=6144x6144, total_ms=58683}
[Super Big Map][LoadingTiming] STEP END terrain map grid BiomeGrid: source extraction {begin_session=1, destination_tiles=8192x8192, duration_ms=0, environment=Surface, hex_size=820x946, map=BlankBigTerraceCMix_02, map_ref=table: 000001B9C9431C80, mapdata_size=8192x8192, ok=true, sequence=280, session=1, since_previous_ms=0, slot=1, source_cells=6144x6144, source_tiles=6144x6144, total_ms=58683}
							Lua 0:01:19:443
[Super Big Map][LoadingTiming] STEP BEGIN terrain map grid BiomeGrid: destination metadata {destination_tiles=8192x8192, environment=Surface, hex_size=820x946, map=BlankBigTerraceCMix_02, map_ref=table: 000001B9C9431C80, mapdata_size=8192x8192, sequence=281, session=1, since_previous_ms=0, slot=1, source_tiles=6144x6144, total_ms=58683}
[Super Big Map][LoadingTiming] STEP END terrain map grid BiomeGrid: destination metadata {begin_session=1, destination_cells=8192x8192, destination_tiles=8192x8192, duration_ms=1, environment=Surface, hex_size=820x946, map=BlankBigTerraceCMix_02, map_ref=table: 000001B9C9431C80, mapdata_size=8192x8192, ok=true, sequence=282, session=1, since_previous_ms=1, slot=1, source_tiles=6144x6144, target_bits=?, target_format=hierarchical, total_ms=58684}
[Super Big Map][LoadingTiming] STEP BEGIN terrain map grid BiomeGrid: compute conversion {destination_tiles=8192x8192, environment=Surface, hex_size=820x946, map=BlankBigTerraceCMix_02, map_ref=table: 000001B9C9431C80, mapdata_size=8192x8192, sequence=283, session=1, since_previous_ms=0, slot=1, source_tiles=6144x6144, total_ms=58684}
							Lua 0:01:19:571
[Super Big Map][LoadingTiming] STEP END terrain map grid BiomeGrid: compute conversion {begin_session=1, destination_tiles=8192x8192, duration_ms=128, environment=Surface, hex_size=820x946, map=BlankBigTerraceCMix_02, map_ref=table: 000001B9C9431C80, mapdata_size=8192x8192, ok=true, sequence=284, session=1, since_previous_ms=128, slot=1, source_tiles=6144x6144, total_ms=58812}
[Super Big Map][LoadingTiming] STEP BEGIN terrain map grid BiomeGrid: resample {destination_cells=8192x8192, destination_tiles=8192x8192, environment=Surface, hex_size=820x946, interpolate=false, map=BlankBigTerraceCMix_02, map_ref=table: 000001B9C9431C80, mapdata_size=8192x8192, sequence=285, session=1, since_previous_ms=0, slot=1, source_tiles=6144x6144, total_ms=58812}
							Lua 0:01:20:079
[Super Big Map][LoadingTiming] STEP END terrain map grid BiomeGrid: resample {begin_session=1, destination_tiles=8192x8192, duration_ms=507, environment=Surface, hex_size=820x946, map=BlankBigTerraceCMix_02, map_ref=table: 000001B9C9431C80, mapdata_size=8192x8192, ok=true, sequence=286, session=1, since_previous_ms=507, slot=1, source_tiles=6144x6144, total_ms=59319}
[Super Big Map][LoadingTiming] STEP BEGIN terrain map grid BiomeGrid: destination write {destination_tiles=8192x8192, environment=Surface, hex_size=820x946, map=BlankBigTerraceCMix_02, map_ref=table: 000001B9C9431C80, mapdata_size=8192x8192, sequence=287, session=1, since_previous_ms=1, slot=1, source_tiles=6144x6144, total_ms=59320}
							Lua 0:01:20:337
[Super Big Map][LoadingTiming] STEP END terrain map grid BiomeGrid: destination write {begin_session=1, destination_tiles=8192x8192, duration_ms=258, environment=Surface, hex_size=820x946, map=BlankBigTerraceCMix_02, map_ref=table: 000001B9C9431C80, mapdata_size=8192x8192, mode=vanilla_map_import_direct_copy, ok=true, sequence=288, session=1, since_previous_ms=258, slot=1, source_tiles=6144x6144, total_ms=59578}
							Lua 0:01:20:354
[Super Big Map][LoadingTiming] STEP END terrain map grid stretch: BiomeGrid {begin_session=1, destination_tiles=8192x8192, duration_ms=912, environment=Surface, hex_size=820x946, map=BlankBigTerraceCMix_02, map_ref=table: 000001B9C9431C80, mapdata_size=8192x8192, ok=true, sequence=289, session=1, since_previous_ms=17, slot=1, source_tiles=6144x6144, total_ms=59595}
[Super Big Map][LoadingTiming] STEP BEGIN invalidate expanded terrain {destination_tiles=8192x8192, environment=Surface, hex_size=820x946, map=BlankBigTerraceCMix_02, map_ref=table: 000001B9C9431C80, mapdata_size=8192x8192, sequence=290, session=1, since_previous_ms=0, slot=1, source_tiles=6144x6144, total_ms=59595}
							Lua 0:01:20:394
[Super Big Map][LoadingTiming] STEP END invalidate expanded terrain {begin_session=1, deferred_gameplay_rebuild=false, destination_tiles=8192x8192, duration_ms=40, environment=Surface, hex_size=820x946, map=BlankBigTerraceCMix_02, map_ref=table: 000001B9C9431C80, mapdata_size=8192x8192, ok=true, sequence=291, session=1, since_previous_ms=40, slot=1, source_tiles=6144x6144, total_ms=59635}
							Lua 0:01:20:395
[Super Big Map][LoadingTiming] STEP terrain stretch grid suite complete {completed_grids=4, destination_tiles=8192x8192, environment=Surface, hex_size=820x946, map=BlankBigTerraceCMix_02, map_ref=table: 000001B9C9431C80, mapdata_size=8192x8192, sequence=292, session=1, since_previous_ms=0, slot=1, source_tiles=6144x6144, total_ms=59635}
[Super Big Map][LoadingTiming] PHASE_END Please wait. {destination_tiles=8192x8192, duration_ms=1852, environment=Surface, hex_size=820x946, map=BlankBigTerraceCMix_02, map_ref=table: 000001B9C9431C80, mapdata_size=8192x8192, ok=true, sequence=293, session=1, slot=1, source_tiles=6144x6144, total_ms=59636}
[Super Big Map][LoadingTiming] PHASE_BEGIN Repositioning surface rocks and decorations {destination_tiles=8192x8192, environment=Surface, hex_size=820x946, map=BlankBigTerraceCMix_02, map_ref=table: 000001B9C9431C80, mapdata_size=8192x8192, sequence=294, session=1, slot=1, source_tiles=6144x6144, total_ms=59636}
							Lua 0:01:20:935
[Super Big Map][LoadingTiming] STEP native rock support grounding complete {apply_ms=95, capture_ms=521, contacts=6342, destination_tiles=8192x8192, eligible=14447, environment=Surface, failures=0, hex_size=820x946, lowered=160, map=BlankBigTerraceCMix_02, map_ref=table: 000001B9C9431C80, mapdata_size=8192x8192, max_lowering=2127, probes=69640, rays=29309, sequence=295, session=1, since_previous_ms=540, slot=1, source_tiles=6144x6144, total_lowering=118268, total_ms=60176, unchanged=217}
[Super Big Map][LoadingTiming] STEP decoration stretch placement complete {cave_in_expanded_shape_hexes=0, cave_in_rubble=0, cave_in_source_shape_hexes=0, cave_ins_transformed=0, destination_tiles=8192x8192, environment=Surface, explicit_z_captured=1022, hex_size=820x946, map=BlankBigTerraceCMix_02, map_ref=table: 000001B9C9431C80, mapdata_size=8192x8192, moved=16580, placement_inputs=16580, preclassified=true, relief_placed=1022, reused_collection=true, rubble_walls_transformed=0, scanned=17031, sequence=296, session=1, setpos_failures=0, since_previous_ms=0, slot=1, source_tiles=6144x6144, terrain_glued_captured=15558, terrain_snapped=15558, topup_clones=0, total_ms=60176, tunnel_blocker_rubble=0, unresolved_z=0}
							Lua 0:01:21:036
[Super Big Map][LoadingTiming] STEP prefab feature game logic correspondence {actual_safari=42, created_safari=42, destination_tiles=8192x8192, environment=Surface, expected_safari=42, hex_size=820x946, map=BlankBigTerraceCMix_02, map_ref=table: 000001B9C9431C80, mapdata_size=8192x8192, markers=130, matched_safari=0, removed_orphan_safari=42, replayed_markers=0, sequence=297, session=1, since_previous_ms=100, slot=1, source_tiles=6144x6144, total_ms=60276}
[Super Big Map][LoadingTiming] PHASE_END Repositioning surface rocks and decorations {destination_tiles=8192x8192, duration_ms=641, environment=Surface, hex_size=820x946, map=BlankBigTerraceCMix_02, map_ref=table: 000001B9C9431C80, mapdata_size=8192x8192, ok=true, sequence=298, session=1, slot=1, source_tiles=6144x6144, total_ms=60277}
[Super Big Map][LoadingTiming] PHASE_BEGIN Restoring the vanilla resources and anomalies {destination_tiles=8192x8192, environment=Surface, hex_size=820x946, map=BlankBigTerraceCMix_02, map_ref=table: 000001B9C9431C80, mapdata_size=8192x8192, sequence=299, session=1, slot=1, source_tiles=6144x6144, total_ms=60277}
							Lua 0:01:21:105
[Super Big Map][LoadingTiming] STEP deferred vanilla breakthrough initialization complete {after=9, before=13, destination_tiles=8192x8192, environment=Surface, hex_size=820x946, map=BlankBigTerraceCMix_02, map_ref=table: 000001B9C9431C80, mapdata_size=8192x8192, reason=surface after native enrichment recreation, removed=4, sequence=300, session=1, since_previous_ms=69, slot=1, source_tiles=6144x6144, staged_extra=0, staged_missing=0, staged_order=13, staged_resolved=13, total_ms=60346}
[Super Big Map][LoadingTiming] PHASE_END Restoring the vanilla resources and anomalies {destination_tiles=8192x8192, duration_ms=69, environment=Surface, hex_size=820x946, map=BlankBigTerraceCMix_02, map_ref=table: 000001B9C9431C80, mapdata_size=8192x8192, ok=true, sequence=301, session=1, slot=1, source_tiles=6144x6144, total_ms=60346}
[Super Big Map][LoadingTiming] PHASE_BEGIN Repositioning surface resource deposits {destination_tiles=8192x8192, environment=Surface, hex_size=820x946, map=BlankBigTerraceCMix_02, map_ref=table: 000001B9C9431C80, mapdata_size=8192x8192, sequence=302, session=1, slot=1, source_tiles=6144x6144, total_ms=60346}
							Lua 0:01:21:106
[Super Big Map][LoadingTiming] STEP BEGIN surface scale marker objects {destination_tiles=8192x8192, environment=Surface, hex_size=820x946, map=BlankBigTerraceCMix_02, map_ref=table: 000001B9C9431C80, mapdata_size=8192x8192, sequence=303, session=1, since_previous_ms=1, slot=1, source_tiles=6144x6144, total_ms=60347}
							Lua 0:01:21:127
[Super Big Map][LoadingTiming] STEP END surface scale marker objects {begin_session=1, destination_tiles=8192x8192, duration_ms=20, environment=Surface, hex_size=820x946, map=BlankBigTerraceCMix_02, map_ref=table: 000001B9C9431C80, mapdata_size=8192x8192, moved=0, ok=true, sequence=304, session=1, since_previous_ms=20, slot=1, source_tiles=6144x6144, total_ms=60367}
[Super Big Map][LoadingTiming] STEP BEGIN surface verify native enrichment transform {destination_tiles=8192x8192, environment=Surface, hex_size=820x946, map=BlankBigTerraceCMix_02, map_ref=table: 000001B9C9431C80, mapdata_size=8192x8192, sequence=305, session=1, since_previous_ms=1, slot=1, source_tiles=6144x6144, total_ms=60368}
							Lua 0:01:21:133
[Super Big Map][LoadingTiming] STEP END surface verify native enrichment transform {begin_session=1, destination_tiles=8192x8192, duration_ms=6, environment=Surface, hex_size=820x946, map=BlankBigTerraceCMix_02, map_ref=table: 000001B9C9431C80, mapdata_size=8192x8192, mismatches=0, ok=true, sequence=306, session=1, since_previous_ms=6, slot=1, source_tiles=6144x6144, total_ms=60374}
[Super Big Map][LoadingTiming] PHASE_END Repositioning surface resource deposits {destination_tiles=8192x8192, duration_ms=28, environment=Surface, hex_size=820x946, map=BlankBigTerraceCMix_02, map_ref=table: 000001B9C9431C80, mapdata_size=8192x8192, ok=true, sequence=307, session=1, slot=1, source_tiles=6144x6144, total_ms=60374}
[Super Big Map][LoadingTiming] PHASE_BEGIN Restoring surface decoration density {destination_tiles=8192x8192, environment=Surface, hex_size=820x946, map=BlankBigTerraceCMix_02, map_ref=table: 000001B9C9431C80, mapdata_size=8192x8192, sequence=308, session=1, slot=1, source_tiles=6144x6144, total_ms=60374}
[Super Big Map][LoadingTiming] STEP BEGIN surface engine decor pass {destination_tiles=8192x8192, environment=Surface, hex_size=820x946, map=BlankBigTerraceCMix_02, map_ref=table: 000001B9C9431C80, mapdata_size=8192x8192, sequence=309, session=1, since_previous_ms=0, slot=1, source_tiles=6144x6144, total_ms=60374}
							Lua 0:01:21:192
[DebugAdapter] New connection to DebugAddapter 127.0.0.1:54658
							Lua 0:01:21:584
[Super Big Map][LoadingTiming] STEP END surface engine decor pass {area_factor=1.778, band_known=true, begin_session=1, decor_sites=203, decorated_circles=72, decoration_passes=2, decoration_ratio=25, destination_tiles=8192x8192, dropped_non_cosmetic=26, dropped_out_of_band=0, duration_ms=450, enabled=true, environment=Surface, failed=3, fallback_sites=21, generator_present=true, hex_size=820x946, map=BlankBigTerraceCMix_02, map_ref=table: 000001B9C9431C80, mapdata_size=8192x8192, markers_resolved=1510, markers_unresolved=216, ms=450, objects=1832, obstruct_circles=270, ok=true, placed=40, placed_authored=5, placed_synthetic=35, preset=MAIN, ring_objects=0, seed=-8909488827485014858, seed_source=generator, sequence=310, session=1, since_previous_ms=450, sites_exhausted=true, sites_prestretched=203, sites_relocated=0, skipped_band=0, skipped_bounds=0, skipped_by_decorated=7, skipped_by_obstruct=137, skipped_no_match=0, skipped_obstructed=144, slot=1, source_tiles=6144x6144, synthetic_allowed_types=11, synthetic_attempts=1597, synthetic_budget=7000, synthetic_escalations=23, synthetic_finite_attempts=0, synthetic_finite_templates_left=56, synthetic_max_reach_percent=700, synthetic_random_attempts=1597, synthetic_reach_cap_percent=2800, synthetic_rejected_band=0, synthetic_rejected_bounds=0, synthetic_rejected_decorated=148, synthetic_rejected_empty=19, synthetic_rejected_failed=0, synthetic_rejected_no_match=0, synthetic_rejected_obstruct=1235, synthetic_rejected_terrain=160, synthetic_templates=56, synthetic_templates_exhausted=0, synthetic_templates_left=56, target=40, total_ms=60824, unused_sites=152, vanilla_decor_groups=51, version=10}
[Super Big Map][LoadingTiming] STEP BEGIN surface resume combined pass edits {destination_tiles=8192x8192, environment=Surface, hex_size=820x946, map=BlankBigTerraceCMix_02, map_ref=table: 000001B9C9431C80, mapdata_size=8192x8192, sequence=311, session=1, since_previous_ms=1, slot=1, source_tiles=6144x6144, total_ms=60825}
							Lua 0:01:26:638
[Super Big Map][LoadingTiming] STEP END surface resume combined pass edits {authoritative_passability_rebuild=true, begin_session=1, destination_tiles=8192x8192, duration_ms=5054, environment=Surface, hex_size=820x946, map=BlankBigTerraceCMix_02, map_ref=table: 000001B9C9431C80, mapdata_size=8192x8192, ok=true, sequence=312, session=1, since_previous_ms=5054, slot=1, source_tiles=6144x6144, total_ms=65879}
							Lua 0:01:26:639
[Super Big Map][LoadingTiming] STEP BEGIN surface select stretched vanilla initial reveal {destination_tiles=8192x8192, environment=Surface, hex_size=820x946, map=BlankBigTerraceCMix_02, map_ref=table: 000001B9C9431C80, mapdata_size=8192x8192, sequence=313, session=1, since_previous_ms=0, slot=1, source_tiles=6144x6144, total_ms=65879}
							Lua 0:01:26:709
[Super Big Map][LoadingTiming] STEP END surface select stretched vanilla initial reveal {begin_session=1, destination_tiles=8192x8192, duration_ms=71, environment=Surface, hex_size=820x946, map=BlankBigTerraceCMix_02, map_ref=table: 000001B9C9431C80, mapdata_size=8192x8192, ok=true, scanned=1, sequence=314, session=1, since_previous_ms=71, slot=1, source_tiles=6144x6144, total_ms=65950}
							Lua 0:01:26:710
[Super Big Map][LoadingTiming] PHASE_END Restoring surface decoration density {destination_tiles=8192x8192, duration_ms=5577, environment=Surface, hex_size=820x946, map=BlankBigTerraceCMix_02, map_ref=table: 000001B9C9431C80, mapdata_size=8192x8192, ok=true, sequence=315, session=1, slot=1, source_tiles=6144x6144, total_ms=65951}
[Super Big Map][LoadingTiming] PHASE_BEGIN Rebuilding the surface build grid {destination_tiles=8192x8192, environment=Surface, hex_size=820x946, map=BlankBigTerraceCMix_02, map_ref=table: 000001B9C9431C80, mapdata_size=8192x8192, sequence=316, session=1, slot=1, source_tiles=6144x6144, total_ms=65951}
[Super Big Map][LoadingTiming] STEP BEGIN surface final RebuildBuildableGrid {destination_tiles=8192x8192, environment=Surface, hex_size=820x946, map=BlankBigTerraceCMix_02, map_ref=table: 000001B9C9431C80, mapdata_size=8192x8192, sequence=317, session=1, since_previous_ms=0, slot=1, source_tiles=6144x6144, total_ms=65951}
							Lua 0:01:27:704
Buildable grid ready: 75/8512 valid zones.
[Super Big Map][LoadingTiming] STEP END surface final RebuildBuildableGrid {begin_session=1, destination_tiles=8192x8192, duration_ms=994, environment=Surface, error=, hex_size=820x946, map=BlankBigTerraceCMix_02, map_ref=table: 000001B9C9431C80, mapdata_size=8192x8192, ok=true, sequence=318, session=1, since_previous_ms=994, slot=1, source_tiles=6144x6144, total_ms=66945}
[Super Big Map][LoadingTiming] STEP natural mountain-base buildable apron audit {buildable_centers=17, created=73, destination_tiles=8192x8192, environment=Surface, failed_centers=56, hex_size=820x946, map=BlankBigTerraceCMix_02, map_ref=table: 000001B9C9431C80, mapdata_size=8192x8192, reason=final grid contains usable apron centers, sequence=319, session=1, since_previous_ms=0, slot=1, source_tiles=6144x6144, total_ms=66945}
[Super Big Map][LoadingTiming] STEP surface mountain-base apron buildable verdict {buildable_centers=17, created=73, destination_tiles=8192x8192, environment=Surface, failed_centers=56, hex_size=820x946, map=BlankBigTerraceCMix_02, map_ref=table: 000001B9C9431C80, mapdata_size=8192x8192, ok=true, reason=final grid contains usable apron centers, sequence=320, session=1, since_previous_ms=0, slot=1, source_tiles=6144x6144, total_ms=66945}
[Super Big Map][LoadingTiming] STEP BEGIN surface enforce scan gate {destination_tiles=8192x8192, environment=Surface, hex_size=820x946, map=BlankBigTerraceCMix_02, map_ref=table: 000001B9C9431C80, mapdata_size=8192x8192, sequence=321, session=1, since_previous_ms=0, slot=1, source_tiles=6144x6144, total_ms=66945}
							Lua 0:01:27:709
[Super Big Map][LoadingTiming] STEP END surface enforce scan gate {begin_session=1, destination_tiles=8192x8192, duration_ms=5, environment=Surface, first_result=nil, hex_size=820x946, map=BlankBigTerraceCMix_02, map_ref=table: 000001B9C9431C80, mapdata_size=8192x8192, ok=true, sequence=322, session=1, since_previous_ms=5, slot=1, source_tiles=6144x6144, total_ms=66950}
[Super Big Map][LoadingTiming] PHASE_END Rebuilding the surface build grid {destination_tiles=8192x8192, duration_ms=999, environment=Surface, hex_size=820x946, map=BlankBigTerraceCMix_02, map_ref=table: 000001B9C9431C80, mapdata_size=8192x8192, ok=true, sequence=323, session=1, slot=1, source_tiles=6144x6144, total_ms=66950}
[Super Big Map][LoadingTiming] PHASE_BEGIN Distributing surface resources and anomalies {destination_tiles=8192x8192, environment=Surface, hex_size=820x946, map=BlankBigTerraceCMix_02, map_ref=table: 000001B9C9431C80, mapdata_size=8192x8192, sequence=324, session=1, slot=1, source_tiles=6144x6144, total_ms=66950}
[Super Big Map][LoadingTiming] STEP BEGIN surface top-up resources {destination_tiles=8192x8192, environment=Surface, hex_size=820x946, map=BlankBigTerraceCMix_02, map_ref=table: 000001B9C9431C80, mapdata_size=8192x8192, sequence=325, session=1, since_previous_ms=0, slot=1, source_tiles=6144x6144, total_ms=66950}
							Lua 0:01:28:312
[Super Big Map][TopUpCandidatePool] kind=resources target=0 valid=280 sampled=2518 deferred=406 promoted=26 added=232 sequential=true surface_sector_filter=true buildable_sectors=219 unbuildable_sectors=180 unknown_sectors=0 selector_load_cache_reuses=197 planned_sector_fast_path=2518 deferred_reachability=false reachability_checks=0 reachability_rejections=0 remaining=0
[Super Big Map][LoadingTiming] STEP END surface top-up resources {begin_session=1, destination_tiles=8192x8192, duration_ms=603, environment=Surface, first_result=nil, hex_size=820x946, map=BlankBigTerraceCMix_02, map_ref=table: 000001B9C9431C80, mapdata_size=8192x8192, ok=true, sequence=326, session=1, since_previous_ms=603, slot=1, source_tiles=6144x6144, total_ms=67553}
[Super Big Map][LoadingTiming] STEP BEGIN surface prepare outer resource terrain {destination_tiles=8192x8192, environment=Surface, hex_size=820x946, map=BlankBigTerraceCMix_02, map_ref=table: 000001B9C9431C80, mapdata_size=8192x8192, sequence=327, session=1, since_previous_ms=0, slot=1, source_tiles=6144x6144, total_ms=67553}
							Lua 0:01:32:418
[Super Big Map][TerrainCreaseRepair] TERMINAL_STRIP_SKIPPED {destination_tiles=8192x8192, dirty_regions=table: 000001B9D39C8F40, environment=Surface, hex_size=820x946, map=BlankBigTerraceCMix_02, map_ref=table: 000001B9C9431C80, mapdata_size=8192x8192, max_drop=0, modified=0, reason=no coherent raised terminal strip, slot=1, source_tiles=6144x6144, spans=, threshold=129, width=3}
							Lua 0:01:32:447
[Super Big Map][LoadingTiming] STEP outer resource access and cluster landing terrain {destination_tiles=8192x8192, dirty_height_regions=table: 000001B9CEBDB228, dirty_region_certificate_version=1, dirty_region_count=56, environment=Surface, error=, extractor_resources=18, forced_resource_repairs=0, height_grid_height=8192, height_grid_width=8192, height_tile_size=100, hex_size=820x946, map=BlankBigTerraceCMix_02, map_height=819200, map_ref=table: 000001B9C9431C80, map_width=819200, mapdata_size=8192x8192, modified_cells=4303261, native_mask_samples=948237, native_raster_cells=15007032, native_sample_step=4, patches=56, reason=minimal resource terrain prepared, resource_clusters=12, resource_sites_modified=44, resources=46, ring_sectors=2, rocket_pads=12, rocket_pads_modified=12, rocket_sampling=table: 000001B9C9078338, rocket_shape_hexes=91, rocket_shape_radius=6, sequence=328, session=1, since_previous_ms=4134, slot=1, source_tiles=6144x6144, surface_resources=28, total_ms=71687}
[Super Big Map][OuterResourceTerrain] resources=46 surface=28 extractor=18 resource_modified=44 rocket_pads=12 rocket_modified=12 rocket_shape_radius=6 patches=56 modified_cells=4303261 native_cells=15007032 native_samples=948237 error=
[Super Big Map][LoadingTiming] STEP END surface prepare outer resource terrain {begin_session=1, destination_tiles=8192x8192, duration_ms=4135, environment=Surface, first_result=true, hex_size=820x946, map=BlankBigTerraceCMix_02, map_ref=table: 000001B9C9431C80, mapdata_size=8192x8192, ok=true, sequence=329, session=1, since_previous_ms=1, slot=1, source_tiles=6144x6144, total_ms=71688}
							Lua 0:01:32:448
[Super Big Map][LoadingTiming] STEP BEGIN surface outer resource dirty-region RebuildPassability (after outer resource terrain preparation) {dependency_margin=100, destination_tiles=8192x8192, environment=Surface, hex_size=820x946, map=BlankBigTerraceCMix_02, map_ref=table: 000001B9C9431C80, mapdata_size=8192x8192, regions=56, sequence=330, session=1, since_previous_ms=0, slot=1, source_tiles=6144x6144, total_ms=71688}
							Lua 0:01:34:076
[Super Big Map][LoadingTiming] STEP END surface outer resource dirty-region RebuildPassability (after outer resource terrain preparation) {begin_session=1, destination_tiles=8192x8192, duration_ms=1628, environment=Surface, error=, hex_size=820x946, map=BlankBigTerraceCMix_02, map_ref=table: 000001B9C9431C80, mapdata_size=8192x8192, ok=true, regions=56, sequence=331, session=1, since_previous_ms=1628, slot=1, source_tiles=6144x6144, total_ms=73316}
[Super Big Map][LoadingTiming] STEP BEGIN surface outer resource RebuildBuildableGrid (after outer resource terrain preparation) {destination_tiles=8192x8192, environment=Surface, hex_size=820x946, map=BlankBigTerraceCMix_02, map_ref=table: 000001B9C9431C80, mapdata_size=8192x8192, sequence=332, session=1, since_previous_ms=1, slot=1, source_tiles=6144x6144, total_ms=73317}
							Lua 0:01:34:990
Buildable grid ready: 86/8340 valid zones.
							Lua 0:01:34:991
[Super Big Map][LoadingTiming] STEP END surface outer resource RebuildBuildableGrid (after outer resource terrain preparation) {begin_session=1, destination_tiles=8192x8192, duration_ms=915, environment=Surface, error=, hex_size=820x946, map=BlankBigTerraceCMix_02, map_ref=table: 000001B9C9431C80, mapdata_size=8192x8192, ok=true, sequence=333, session=1, since_previous_ms=915, slot=1, source_tiles=6144x6144, total_ms=74232}
							Lua 0:01:34:998
[Super Big Map][LoadingTiming] STEP outer resource terrain final audit {cluster_anchor_failures=0, cluster_excess=0, cluster_extractor_excess=0, cluster_extractor_maximum=3, cluster_extractor_minimum=1, cluster_extractor_shortfall=0, cluster_maximum=12, cluster_minimum=8, cluster_premium_excess=0, cluster_resource_excess=0, cluster_resource_maximum=5, cluster_resource_minimum=1, cluster_resource_shortfall=0, cluster_shortfall=0, cluster_weighted_composition_failures=0, destination_tiles=8192x8192, environment=Surface, extractor_buildable=18, first_resource_failure=, first_rocket_failure=, hex_size=820x946, map=BlankBigTerraceCMix_02, map_ref=table: 000001B9C9431C80, mapdata_size=8192x8192, maximum_cluster_extractors=3, maximum_cluster_resources=4, minimum_cluster_extractors=1, minimum_cluster_resources=3, passability_clears=0, reason=all outer resource terrain contracts verified, resource_clusters=12, resource_failure_breakdown=table: 000001B9D3953CF0, resource_failures=0, resources=46, rocket_failure_breakdown=table: 000001B9CC0A9050, rocket_failures=0, rocket_pads=12, sequence=334, session=1, since_previous_ms=6, slot=1, source_tiles=6144x6144, surface_passable=28, total_ms=74238, verified_modified_mountain_rocket_pads=7}
[Super Big Map][OuterResourceTerrainAudit] resources=46 surface_passable=28 extractor_buildable=18 resource_failures=0 rocket_pads=12 rocket_failures=0 passability_clears=0 resource_clusters=12 cluster_shortfall=0 cluster_excess=0 cluster_resources=3-4 cluster_resource_excess=0 cluster_min_extractors=1 cluster_max_extractors=3 cluster_extractor_shortfall=0 cluster_extractor_excess=0 weighted_failures=0 anchor_failures=0 premium_excess=0 first_resource_failure= first_rocket_failure= verified_mountain_effect_candidates=7
[Super Big Map][LoadingTiming] STEP BEGIN surface top-up anomalies {destination_tiles=8192x8192, environment=Surface, hex_size=820x946, map=BlankBigTerraceCMix_02, map_ref=table: 000001B9C9431C80, mapdata_size=8192x8192, sequence=335, session=1, since_previous_ms=1, slot=1, source_tiles=6144x6144, total_ms=74239}
							Lua 0:01:35:021
[Super Big Map][OuterRingTopUpAnomalies] BEFORE count=24 sectors=144 bottom_sectors=40 right_sectors=40
							Lua 0:01:35:245
[Super Big Map][OuterRingTopUpAnomalies] AFTER count=24 sectors=144 bottom_sectors=40 right_sectors=40 inner_sectors=256 outer_count=24 inner_fallback_count=0 outer_reachable_candidates=126 inner_reachable_candidates=0 outer_random_samples=2016 inner_random_samples=0 inner_reused_candidates=0 buildable_filter=true buildable_outer_sectors=48 unbuildable_outer_sectors=96 unknown_buildable_sectors=0 planning_attempts=1 minimum_hex_distance=10 minimum_enrichment_hex_distance=3 maximum_per_sector=2 maximum_anomalies_in_resource_cluster=1
							Lua 0:01:35:247
[Super Big Map][AnomalyTopUp] source=breakthrough:9|complete:7|sequence:5|unlock:19 target=breakthrough:9|complete:12|sequence:9|unlock:34 final=breakthrough:9|complete:12|sequence:9|unlock:34 added=complete:5|sequence:4|unlock:15 added_total=24 remaining=0 candidates=0 sampled=0 mountain_base=0/18 base_quota_shortfall=18 reused=false sequential=false deferred_reachability=false reachability_checks=0 reachability_rejections=0
[Super Big Map][LoadingTiming] STEP END surface top-up anomalies {begin_session=1, destination_tiles=8192x8192, duration_ms=249, environment=Surface, first_result=nil, hex_size=820x946, map=BlankBigTerraceCMix_02, map_ref=table: 000001B9C9431C80, mapdata_size=8192x8192, ok=true, sequence=336, session=1, since_previous_ms=249, slot=1, source_tiles=6144x6144, total_ms=74488}
[Super Big Map][LoadingTiming] STEP BEGIN surface top-up effect deposits {destination_tiles=8192x8192, environment=Surface, hex_size=820x946, map=BlankBigTerraceCMix_02, map_ref=table: 000001B9C9431C80, mapdata_size=8192x8192, sequence=337, session=1, since_previous_ms=0, slot=1, source_tiles=6144x6144, total_ms=74488}
							Lua 0:01:35:293
[Super Big Map][TopUpCandidatePool] kind=effects valid=9 sampled=220 reused=false sequential=true shared_samples=0 sector_samples=0 whole_map_samples=0 shared_published=0 deferred_reachability=false reachability_checks=0 reachability_rejections=0 exclusion_ring=2 ring_rejected=82 remaining=0
[Super Big Map][LoadingTiming] STEP END surface top-up effect deposits {begin_session=1, destination_tiles=8192x8192, duration_ms=46, environment=Surface, first_result=nil, hex_size=820x946, map=BlankBigTerraceCMix_02, map_ref=table: 000001B9C9431C80, mapdata_size=8192x8192, ok=true, sequence=338, session=1, since_previous_ms=46, slot=1, source_tiles=6144x6144, total_ms=74534}
							Lua 0:01:35:294
[Super Big Map][LoadingTiming] STEP BEGIN surface register top-up markers {destination_tiles=8192x8192, environment=Surface, hex_size=820x946, map=BlankBigTerraceCMix_02, map_ref=table: 000001B9C9431C80, mapdata_size=8192x8192, sequence=339, session=1, since_previous_ms=1, slot=1, source_tiles=6144x6144, total_ms=74535}
							Lua 0:01:35:298
[Super Big Map][LoadingTiming] STEP END surface register top-up markers {begin_session=1, destination_tiles=8192x8192, duration_ms=4, environment=Surface, first_result=nil, hex_size=820x946, map=BlankBigTerraceCMix_02, map_ref=table: 000001B9C9431C80, mapdata_size=8192x8192, ok=true, sequence=340, session=1, since_previous_ms=4, slot=1, source_tiles=6144x6144, total_ms=74539}
[Super Big Map][LoadingTiming] STEP BEGIN surface resolve marker overlaps {destination_tiles=8192x8192, environment=Surface, hex_size=820x946, map=BlankBigTerraceCMix_02, map_ref=table: 000001B9C9431C80, mapdata_size=8192x8192, sequence=341, session=1, since_previous_ms=0, slot=1, source_tiles=6144x6144, total_ms=74539}
							Lua 0:01:35:325
[Super Big Map][LoadingTiming] STEP END surface resolve marker overlaps {begin_session=1, destination_tiles=8192x8192, duration_ms=27, environment=Surface, first_result=0, hex_size=820x946, map=BlankBigTerraceCMix_02, map_ref=table: 000001B9C9431C80, mapdata_size=8192x8192, ok=true, sequence=342, session=1, since_previous_ms=27, slot=1, source_tiles=6144x6144, total_ms=74566}
[Super Big Map][LoadingTiming] STEP BEGIN surface hard top-up spacing audit {destination_tiles=8192x8192, environment=Surface, hex_size=820x946, map=BlankBigTerraceCMix_02, map_ref=table: 000001B9C9431C80, mapdata_size=8192x8192, sequence=343, session=1, since_previous_ms=0, slot=1, source_tiles=6144x6144, total_ms=74566}
							Lua 0:01:35:392
[Super Big Map][LoadingTiming] STEP END surface hard top-up spacing audit {begin_session=1, density_status=resources=true anomalies=true effects=true, destination_tiles=8192x8192, duplicate_hex_pairs=0, duration_ms=67, environment=Surface, first_duplicate_hex_pair=, first_repulsion_violation=, hex_size=820x946, map=BlankBigTerraceCMix_02, map_ref=table: 000001B9C9431C80, mapdata_size=8192x8192, markers=615, ok=true, outer_ring_spacing_violations=0, sequence=344, session=1, since_previous_ms=67, slot=1, source_tiles=6144x6144, surface_quota_spacing_violations=0, surface_quota_topups=43, topups=265, total_ms=74633, violations=0}
							Lua 0:01:35:393
[Super Big Map][LoadingTiming] STEP BEGIN surface top-up placement audit {destination_tiles=8192x8192, environment=Surface, hex_size=820x946, map=BlankBigTerraceCMix_02, map_ref=table: 000001B9C9431C80, mapdata_size=8192x8192, sequence=345, session=1, since_previous_ms=0, slot=1, source_tiles=6144x6144, total_ms=74633}
[Super Big Map][LoadingTiming] STEP END surface top-up placement audit {begin_session=1, destination_tiles=8192x8192, duration_ms=1, environment=Surface, first_result=true, hex_size=820x946, map=BlankBigTerraceCMix_02, map_ref=table: 000001B9C9431C80, mapdata_size=8192x8192, ok=true, sequence=346, session=1, since_previous_ms=1, slot=1, source_tiles=6144x6144, total_ms=74634}
							Lua 0:01:35:402
[Super Big Map][OuterResourceTopUpCensus] phase=pre-reveal marker census surface final ordinary_resource_topups=46 ordinary_resource_topups_placed=0 ordinary_resource_topups_visible=0 ordinary_resource_topups_outermost=27 guaranteed_resource_topups_outermost=25 guaranteed_resource_topups_inner_band=18 anomaly_topups=24 anomaly_topups_total=24 anomaly_topups_placed=0 anomaly_topups_outside_ring=0 maximum_anomalies_in_resource_cluster=1 anomaly_resource_cluster_overflow=0 maximum_total_members_in_resource_cluster=4 cluster_total_member_overflow=0 effect_topups=0 effect_topups_placed=0 verified_mountain_rocket_pad_effect_topups=0 unverified_outer_effect_topups=0 native_resources=0 resource_breakdown=Concrete:1|Metals:34|Polymers:9|PreciousMetals:2 anomaly_breakdown=complete:5|false:4|unlock:15 effect_breakdown=BeautyEffectDeposit:5|ResearchEffectDeposit:4 require_placed=false minimum=0 outermost_minimum=0 inner_band_minimum=0 shortfall=0 outermost_shortfall=0 inner_band_shortfall=0
							Lua 0:01:35:403
[Super Big Map][LoadingTiming] STEP BEGIN diagnostic surface enrichment audit {destination_tiles=8192x8192, environment=Surface, hex_size=820x946, map=BlankBigTerraceCMix_02, map_ref=table: 000001B9C9431C80, mapdata_size=8192x8192, sequence=347, session=1, since_previous_ms=10, slot=1, source_tiles=6144x6144, total_ms=74644}
[Super Big Map][LoadingTiming] STEP END diagnostic surface enrichment audit {audit_ok=true, begin_session=1, destination_tiles=8192x8192, duration_ms=0, environment=Surface, error=, hex_size=820x946, map=BlankBigTerraceCMix_02, map_ref=table: 000001B9C9431C80, mapdata_size=8192x8192, ok=true, sequence=348, session=1, since_previous_ms=0, slot=1, source_tiles=6144x6144, total_ms=74644}
							Lua 0:01:35:711
[Super Big Map][LoadingTiming] PHASE_END Distributing surface resources and anomalies {destination_tiles=8192x8192, duration_ms=8001, environment=Surface, hex_size=820x946, map=BlankBigTerraceCMix_02, map_ref=table: 000001B9C9431C80, mapdata_size=8192x8192, ok=true, sequence=349, session=1, slot=1, source_tiles=6144x6144, total_ms=74951}
[Super Big Map][LoadingTiming] PHASE_BEGIN Aligning the underground entrances {destination_tiles=8192x8192, environment=Surface, hex_size=820x946, map=BlankBigTerraceCMix_02, map_ref=table: 000001B9C9431C80, mapdata_size=8192x8192, sequence=350, session=1, slot=1, source_tiles=6144x6144, total_ms=74951}
							Lua 0:01:36:079
[Super Big Map][LoadingTiming] PHASE_END Aligning the underground entrances {destination_tiles=8192x8192, duration_ms=369, environment=Surface, hex_size=820x946, map=BlankBigTerraceCMix_02, map_ref=table: 000001B9C9431C80, mapdata_size=8192x8192, ok=true, sequence=351, session=1, slot=1, source_tiles=6144x6144, total_ms=75320}
							Lua 0:01:36:080
[Super Big Map][LoadingTiming] PHASE_BEGIN Finalizing surface gameplay grids {destination_tiles=8192x8192, environment=Surface, hex_size=820x946, map=BlankBigTerraceCMix_02, map_ref=table: 000001B9C9431C80, mapdata_size=8192x8192, sequence=352, session=1, slot=1, source_tiles=6144x6144, total_ms=75320}
							Lua 0:01:36:096
[Super Big Map][LoadingTiming] STEP BEGIN surface final RebuildPassability (after last object-grid transaction) {destination_tiles=8192x8192, environment=Surface, hex_size=820x946, map=BlankBigTerraceCMix_02, map_ref=table: 000001B9C9431C80, mapdata_size=8192x8192, sequence=353, session=1, since_previous_ms=16, slot=1, source_tiles=6144x6144, total_ms=75336}
							Lua 0:01:40:930
[Super Big Map][LoadingTiming] STEP END surface final RebuildPassability (after last object-grid transaction) {begin_session=1, destination_tiles=8192x8192, duration_ms=4835, environment=Surface, error=, hex_size=820x946, map=BlankBigTerraceCMix_02, map_ref=table: 000001B9C9431C80, mapdata_size=8192x8192, ok=true, sequence=354, session=1, since_previous_ms=4835, slot=1, source_tiles=6144x6144, total_ms=80171}
							Lua 0:01:40:946
[Super Big Map][LoadingTiming] PHASE_END Finalizing surface gameplay grids {destination_tiles=8192x8192, duration_ms=4866, environment=Surface, hex_size=820x946, map=BlankBigTerraceCMix_02, map_ref=table: 000001B9C9431C80, mapdata_size=8192x8192, ok=true, sequence=355, session=1, slot=1, source_tiles=6144x6144, total_ms=80186}
[Super Big Map][LoadingTiming] PHASE_BEGIN Rebuilding the final surface build grid {destination_tiles=8192x8192, environment=Surface, hex_size=820x946, map=BlankBigTerraceCMix_02, map_ref=table: 000001B9C9431C80, mapdata_size=8192x8192, sequence=356, session=1, slot=1, source_tiles=6144x6144, total_ms=80186}
[Super Big Map][LoadingTiming] STEP BEGIN surface final RebuildBuildableGrid (after last object-grid transaction) {destination_tiles=8192x8192, environment=Surface, hex_size=820x946, map=BlankBigTerraceCMix_02, map_ref=table: 000001B9C9431C80, mapdata_size=8192x8192, sequence=357, session=1, since_previous_ms=1, slot=1, source_tiles=6144x6144, total_ms=80187}
							Lua 0:01:41:919
Buildable grid ready: 86/8338 valid zones.
							Lua 0:01:41:920
[Super Big Map][LoadingTiming] STEP END surface final RebuildBuildableGrid (after last object-grid transaction) {begin_session=1, destination_tiles=8192x8192, duration_ms=973, environment=Surface, error=, hex_size=820x946, map=BlankBigTerraceCMix_02, map_ref=table: 000001B9C9431C80, mapdata_size=8192x8192, ok=true, sequence=358, session=1, since_previous_ms=973, slot=1, source_tiles=6144x6144, total_ms=81160}
[Super Big Map][LoadingTiming] STEP END surface expansion pipeline {begin_session=1, destination_tiles=8192x8192, duration_ms=23385, environment=Surface, error=, hex_size=820x946, map=BlankBigTerraceCMix_02, map_ref=table: 000001B9C9431C80, mapdata_size=8192x8192, ok=true, sequence=359, session=1, since_previous_ms=1, slot=1, source_tiles=6144x6144, terrain_grids=4, total_ms=81161}
							Lua 0:01:42:101
[Super Big Map][LoadingTiming] STEP derived object provenance recorded {derived=15, destination_tiles=8192x8192, environment=Surface, error=, hex_size=820x946, map=BlankBigTerraceCMix_02, map_ref=table: 000001B9C9431C80, mapdata_size=8192x8192, reason=surface stretch complete, sequence=360, session=1, since_previous_ms=180, slot=1, source_tiles=6144x6144, total_ms=81341, unresolved=2896}
							Lua 0:01:42:102
[Super Big Map][LoadingTiming] PHASE_END Rebuilding the final surface build grid {destination_tiles=8192x8192, duration_ms=1157, environment=Surface, hex_size=820x946, map=BlankBigTerraceCMix_02, map_ref=table: 000001B9C9431C80, mapdata_size=8192x8192, ok=true, sequence=361, session=1, slot=1, source_tiles=6144x6144, total_ms=81343}
							Lua 0:01:42:103
[Super Big Map][LoadingTiming] SUMMARY phase: Finishing the expanded map... {calls=1, destination_tiles=8192x8192, environment=Surface, hex_size=820x946, map=BlankBigTerraceCMix_02, map_ref=table: 000001B9C9431C80, mapdata_size=8192x8192, max_ms=25981, rank=1, session=1, slot=1, source_tiles=6144x6144, total_ms=25981}
[Super Big Map][LoadingTiming] SUMMARY surface expansion pipeline {calls=1, destination_tiles=8192x8192, environment=Surface, hex_size=820x946, map=BlankBigTerraceCMix_02, map_ref=table: 000001B9C9431C80, mapdata_size=8192x8192, max_ms=23385, rank=2, session=1, slot=1, source_tiles=6144x6144, total_ms=23385}
[Super Big Map][LoadingTiming] SUMMARY phase: Migrating the vanilla source into the expanded terrain... {calls=1, destination_tiles=8192x8192, environment=Surface, hex_size=820x946, map=BlankBigTerraceCMix_02, map_ref=table: 000001B9C9431C80, mapdata_size=8192x8192, max_ms=12644, rank=3, session=1, slot=1, source_tiles=6144x6144, total_ms=12644}
[Super Big Map][LoadingTiming] SUMMARY phase: Generating the exact vanilla source terrain... {calls=1, destination_tiles=8192x8192, environment=Surface, hex_size=820x946, map=BlankBigTerraceCMix_02, map_ref=table: 000001B9C9431C80, mapdata_size=8192x8192, max_ms=11842, rank=4, session=1, slot=1, source_tiles=6144x6144, total_ms=11842}
[Super Big Map][LoadingTiming] SUMMARY source-view RandomMapGenerator.DoGenerate on expanded backing {calls=1, destination_tiles=8192x8192, environment=Surface, hex_size=820x946, map=BlankBigTerraceCMix_02, map_ref=table: 000001B9C9431C80, mapdata_size=8192x8192, max_ms=11431, rank=5, session=1, slot=1, source_tiles=6144x6144, total_ms=11431}
[Super Big Map][LoadingTiming] SUMMARY stretch temporary source terrain directly to destination {calls=1, destination_tiles=8192x8192, environment=Surface, hex_size=820x946, map=BlankBigTerraceCMix_02, map_ref=table: 000001B9C9431C80, mapdata_size=8192x8192, max_ms=9810, rank=6, session=1, slot=1, source_tiles=6144x6144, total_ms=9810}
[Super Big Map][LoadingTiming] SUMMARY terrain grid stretch: height {calls=1, destination_tiles=8192x8192, environment=Surface, hex_size=820x946, map=BlankBigTerraceCMix_02, map_ref=table: 000001B9C9431C80, mapdata_size=8192x8192, max_ms=9217, rank=7, session=1, slot=1, source_tiles=6144x6144, total_ms=9217}
[Super Big Map][LoadingTiming] SUMMARY phase: Distributing surface resources and anomalies {calls=1, destination_tiles=8192x8192, environment=Surface, hex_size=820x946, map=BlankBigTerraceCMix_02, map_ref=table: 000001B9C9431C80, mapdata_size=8192x8192, max_ms=8001, rank=8, session=1, slot=1, source_tiles=6144x6144, total_ms=8001}
[Super Big Map][LoadingTiming] SUMMARY phase: Restoring surface decoration density {calls=1, destination_tiles=8192x8192, environment=Surface, hex_size=820x946, map=BlankBigTerraceCMix_02, map_ref=table: 000001B9C9431C80, mapdata_size=8192x8192, max_ms=5577, rank=9, session=1, slot=1, source_tiles=6144x6144, total_ms=5577}
							Lua 0:01:42:104
[Super Big Map][LoadingTiming] SUMMARY surface resume combined pass edits {calls=1, destination_tiles=8192x8192, environment=Surface, hex_size=820x946, map=BlankBigTerraceCMix_02, map_ref=table: 000001B9C9431C80, mapdata_size=8192x8192, max_ms=5054, rank=10, session=1, slot=1, source_tiles=6144x6144, total_ms=5054}
[Super Big Map][LoadingTiming] SUMMARY phase: Finalizing surface gameplay grids {calls=1, destination_tiles=8192x8192, environment=Surface, hex_size=820x946, map=BlankBigTerraceCMix_02, map_ref=table: 000001B9C9431C80, mapdata_size=8192x8192, max_ms=4866, rank=11, session=1, slot=1, source_tiles=6144x6144, total_ms=4866}
[Super Big Map][LoadingTiming] SUMMARY surface final RebuildPassability (after last object-grid transaction) {calls=1, destination_tiles=8192x8192, environment=Surface, hex_size=820x946, map=BlankBigTerraceCMix_02, map_ref=table: 000001B9C9431C80, mapdata_size=8192x8192, max_ms=4835, rank=12, session=1, slot=1, source_tiles=6144x6144, total_ms=4835}
[Super Big Map][LoadingTiming] SUMMARY vanilla RandomMapGenerator.DoGenerate {calls=1, destination_tiles=8192x8192, environment=Surface, hex_size=820x946, map=BlankBigTerraceCMix_02, map_ref=table: 000001B9C9431C80, mapdata_size=8192x8192, max_ms=4486, rank=13, session=1, slot=1, source_tiles=6144x6144, total_ms=4486}
[Super Big Map][LoadingTiming] SUMMARY RandomMapGenerator.OnGenerateLogic {calls=2, destination_tiles=8192x8192, environment=Surface, hex_size=820x946, map=BlankBigTerraceCMix_02, map_ref=table: 000001B9C9431C80, mapdata_size=8192x8192, max_ms=3832, rank=14, session=1, slot=1, source_tiles=6144x6144, total_ms=4369}
[Super Big Map][LoadingTiming] SUMMARY surface prepare outer resource terrain {calls=1, destination_tiles=8192x8192, environment=Surface, hex_size=820x946, map=BlankBigTerraceCMix_02, map_ref=table: 000001B9C9431C80, mapdata_size=8192x8192, max_ms=4135, rank=15, session=1, slot=1, source_tiles=6144x6144, total_ms=4135}
[Super Big Map][LoadingTiming] SUMMARY allocate temporary vanilla backing {calls=1, destination_tiles=8192x8192, environment=Surface, hex_size=820x946, map=BlankBigTerraceCMix_02, map_ref=table: 000001B9C9431C80, mapdata_size=8192x8192, max_ms=3051, rank=16, session=1, slot=1, source_tiles=6144x6144, total_ms=3051}
[Super Big Map][LoadingTiming] SUMMARY deferred underground passage bootstrap {calls=1, destination_tiles=8192x8192, environment=Surface, hex_size=820x946, map=BlankBigTerraceCMix_02, map_ref=table: 000001B9C9431C80, mapdata_size=8192x8192, max_ms=2812, rank=17, session=1, slot=1, source_tiles=6144x6144, total_ms=2812}
[Super Big Map][LoadingTiming] SUMMARY switch temporary generator current slot {calls=2, destination_tiles=8192x8192, environment=Surface, hex_size=820x946, map=BlankBigTerraceCMix_02, map_ref=table: 000001B9C9431C80, mapdata_size=8192x8192, max_ms=2071, rank=18, session=1, slot=1, source_tiles=6144x6144, total_ms=2577}
[Super Big Map][LoadingTiming] SUMMARY phase: Please wait. {calls=1, destination_tiles=8192x8192, environment=Surface, hex_size=820x946, map=BlankBigTerraceCMix_02, map_ref=table: 000001B9C9431C80, mapdata_size=8192x8192, max_ms=1852, rank=19, session=1, slot=1, source_tiles=6144x6144, total_ms=1852}
							Lua 0:01:42:105
[Super Big Map][LoadingTiming] SUMMARY surface outer resource dirty-region RebuildPassability (after outer resource terrain preparation) {calls=1, destination_tiles=8192x8192, environment=Surface, hex_size=820x946, map=BlankBigTerraceCMix_02, map_ref=table: 000001B9C9431C80, mapdata_size=8192x8192, max_ms=1628, rank=20, session=1, slot=1, source_tiles=6144x6144, total_ms=1628}
[Super Big Map][LoadingTiming] SUMMARY finalize temporary source pass edits {calls=1, destination_tiles=8192x8192, environment=Surface, hex_size=820x946, map=BlankBigTerraceCMix_02, map_ref=table: 000001B9C9431C80, mapdata_size=8192x8192, max_ms=1614, rank=21, session=1, slot=1, source_tiles=6144x6144, total_ms=1614}
[Super Big Map][LoadingTiming] SUMMARY capture transferred decor relief from temporary terrain {calls=1, destination_tiles=8192x8192, environment=Surface, hex_size=820x946, map=BlankBigTerraceCMix_02, map_ref=table: 000001B9C9431C80, mapdata_size=8192x8192, max_ms=1435, rank=22, session=1, slot=1, source_tiles=6144x6144, total_ms=1435}
[Super Big Map][LoadingTiming] SUMMARY transfer generated non-enrichment objects {calls=1, destination_tiles=8192x8192, environment=Surface, hex_size=820x946, map=BlankBigTerraceCMix_02, map_ref=table: 000001B9C9431C80, mapdata_size=8192x8192, max_ms=1389, rank=23, session=1, slot=1, source_tiles=6144x6144, total_ms=1389}
[Super Big Map][LoadingTiming] SUMMARY RandomMap procedure: ResolveBuildable {calls=2, destination_tiles=8192x8192, environment=Surface, hex_size=820x946, map=BlankBigTerraceCMix_02, map_ref=table: 000001B9C9431C80, mapdata_size=8192x8192, max_ms=926, rank=24, session=1, slot=1, source_tiles=6144x6144, total_ms=1306}
[Super Big Map][LoadingTiming] SUMMARY phase: Rebuilding the final surface build grid {calls=1, destination_tiles=8192x8192, environment=Surface, hex_size=820x946, map=BlankBigTerraceCMix_02, map_ref=table: 000001B9C9431C80, mapdata_size=8192x8192, max_ms=1157, rank=25, session=1, slot=1, source_tiles=6144x6144, total_ms=1157}
[Super Big Map][LoadingTiming] SUMMARY phase: Rebuilding the surface build grid {calls=1, destination_tiles=8192x8192, environment=Surface, hex_size=820x946, map=BlankBigTerraceCMix_02, map_ref=table: 000001B9C9431C80, mapdata_size=8192x8192, max_ms=999, rank=26, session=1, slot=1, source_tiles=6144x6144, total_ms=999}
[Super Big Map][LoadingTiming] SUMMARY surface final RebuildBuildableGrid {calls=1, destination_tiles=8192x8192, environment=Surface, hex_size=820x946, map=BlankBigTerraceCMix_02, map_ref=table: 000001B9C9431C80, mapdata_size=8192x8192, max_ms=994, rank=27, session=1, slot=1, source_tiles=6144x6144, total_ms=994}
[Super Big Map][LoadingTiming] SUMMARY surface final RebuildBuildableGrid (after last object-grid transaction) {calls=1, destination_tiles=8192x8192, environment=Surface, hex_size=820x946, map=BlankBigTerraceCMix_02, map_ref=table: 000001B9C9431C80, mapdata_size=8192x8192, max_ms=973, rank=28, session=1, slot=1, source_tiles=6144x6144, total_ms=973}
[Super Big Map][LoadingTiming] SUMMARY surface outer resource RebuildBuildableGrid (after outer resource terrain preparation) {calls=1, destination_tiles=8192x8192, environment=Surface, hex_size=820x946, map=BlankBigTerraceCMix_02, map_ref=table: 000001B9C9431C80, mapdata_size=8192x8192, max_ms=915, rank=29, session=1, slot=1, source_tiles=6144x6144, total_ms=915}
[Super Big Map][LoadingTiming] SUMMARY terrain map grid stretch: BiomeGrid {calls=1, destination_tiles=8192x8192, environment=Surface, hex_size=820x946, map=BlankBigTerraceCMix_02, map_ref=table: 000001B9C9431C80, mapdata_size=8192x8192, max_ms=912, rank=30, session=1, slot=1, source_tiles=6144x6144, total_ms=912}
							Lua 0:01:42:106
[Super Big Map][LoadingTiming] SUMMARY terrain map grid stretch: colorize {calls=1, destination_tiles=8192x8192, environment=Surface, hex_size=820x946, map=BlankBigTerraceCMix_02, map_ref=table: 000001B9C9431C80, mapdata_size=8192x8192, max_ms=783, rank=31, session=1, slot=1, source_tiles=6144x6144, total_ms=783}
[Super Big Map][LoadingTiming] SUMMARY phase: Repositioning surface rocks and decorations {calls=1, destination_tiles=8192x8192, environment=Surface, hex_size=820x946, map=BlankBigTerraceCMix_02, map_ref=table: 000001B9C9431C80, mapdata_size=8192x8192, max_ms=641, rank=32, session=1, slot=1, source_tiles=6144x6144, total_ms=641}
[Super Big Map][LoadingTiming] SUMMARY surface top-up resources {calls=1, destination_tiles=8192x8192, environment=Surface, hex_size=820x946, map=BlankBigTerraceCMix_02, map_ref=table: 000001B9C9431C80, mapdata_size=8192x8192, max_ms=603, rank=33, session=1, slot=1, source_tiles=6144x6144, total_ms=603}
[Super Big Map][LoadingTiming] SUMMARY terrain grid stretch: type {calls=1, destination_tiles=8192x8192, environment=Surface, hex_size=820x946, map=BlankBigTerraceCMix_02, map_ref=table: 000001B9C9431C80, mapdata_size=8192x8192, max_ms=592, rank=34, session=1, slot=1, source_tiles=6144x6144, total_ms=592}
[Super Big Map][LoadingTiming] SUMMARY terrain map grid colorize: destination write {calls=1, destination_tiles=8192x8192, environment=Surface, hex_size=820x946, map=BlankBigTerraceCMix_02, map_ref=table: 000001B9C9431C80, mapdata_size=8192x8192, max_ms=591, rank=35, session=1, slot=1, source_tiles=6144x6144, total_ms=591}
[Super Big Map][LoadingTiming] SUMMARY terrain map grid BiomeGrid: resample {calls=1, destination_tiles=8192x8192, environment=Surface, hex_size=820x946, map=BlankBigTerraceCMix_02, map_ref=table: 000001B9C9431C80, mapdata_size=8192x8192, max_ms=507, rank=36, session=1, slot=1, source_tiles=6144x6144, total_ms=507}
[Super Big Map][LoadingTiming] SUMMARY surface engine decor pass {calls=1, destination_tiles=8192x8192, environment=Surface, hex_size=820x946, map=BlankBigTerraceCMix_02, map_ref=table: 000001B9C9431C80, mapdata_size=8192x8192, max_ms=450, rank=37, session=1, slot=1, source_tiles=6144x6144, total_ms=450}
[Super Big Map][LoadingTiming] SUMMARY phase: Aligning the underground entrances {calls=1, destination_tiles=8192x8192, environment=Surface, hex_size=820x946, map=BlankBigTerraceCMix_02, map_ref=table: 000001B9C9431C80, mapdata_size=8192x8192, max_ms=369, rank=38, session=1, slot=1, source_tiles=6144x6144, total_ms=369}
[Super Big Map][LoadingTiming] SUMMARY unload retained vanilla source backing {calls=1, destination_tiles=8192x8192, environment=Surface, hex_size=820x946, map=BlankBigTerraceCMix_02, map_ref=table: 000001B9C9431C80, mapdata_size=8192x8192, max_ms=303, rank=39, session=1, slot=1, source_tiles=6144x6144, total_ms=303}
[Super Big Map][LoadingTiming] SUMMARY terrain map grid BiomeGrid: destination write {calls=1, destination_tiles=8192x8192, environment=Surface, hex_size=820x946, map=BlankBigTerraceCMix_02, map_ref=table: 000001B9C9431C80, mapdata_size=8192x8192, max_ms=258, rank=40, session=1, slot=1, source_tiles=6144x6144, total_ms=258}
							Lua 0:01:42:107
[Super Big Map][LoadingTiming] SUMMARY surface top-up anomalies {calls=1, destination_tiles=8192x8192, environment=Surface, hex_size=820x946, map=BlankBigTerraceCMix_02, map_ref=table: 000001B9C9431C80, mapdata_size=8192x8192, max_ms=249, rank=41, session=1, slot=1, source_tiles=6144x6144, total_ms=249}
[Super Big Map][LoadingTiming] SUMMARY RandomMap procedure: PlaceAnomalies {calls=2, destination_tiles=8192x8192, environment=Surface, hex_size=820x946, map=BlankBigTerraceCMix_02, map_ref=table: 000001B9C9431C80, mapdata_size=8192x8192, max_ms=155, rank=42, session=1, slot=1, source_tiles=6144x6144, total_ms=223}
[Super Big Map][LoadingTiming] SUMMARY terrain map grid BiomeGrid: compute conversion {calls=1, destination_tiles=8192x8192, environment=Surface, hex_size=820x946, map=BlankBigTerraceCMix_02, map_ref=table: 000001B9C9431C80, mapdata_size=8192x8192, max_ms=128, rank=43, session=1, slot=1, source_tiles=6144x6144, total_ms=128}
[Super Big Map][LoadingTiming] SUMMARY terrain map grid colorize: resample {calls=1, destination_tiles=8192x8192, environment=Surface, hex_size=820x946, map=BlankBigTerraceCMix_02, map_ref=table: 000001B9C9431C80, mapdata_size=8192x8192, max_ms=127, rank=44, session=1, slot=1, source_tiles=6144x6144, total_ms=127}
[Super Big Map][LoadingTiming] SUMMARY capture native enrichment value records {calls=1, destination_tiles=8192x8192, environment=Surface, hex_size=820x946, map=BlankBigTerraceCMix_02, map_ref=table: 000001B9C9431C80, mapdata_size=8192x8192, max_ms=79, rank=45, session=1, slot=1, source_tiles=6144x6144, total_ms=79}
[Super Big Map][LoadingTiming] SUMMARY RandomMap procedure: PlaceAnomalies_PlaceDeposits {calls=2, destination_tiles=8192x8192, environment=Surface, hex_size=820x946, map=BlankBigTerraceCMix_02, map_ref=table: 000001B9C9431C80, mapdata_size=8192x8192, max_ms=39, rank=46, session=1, slot=1, source_tiles=6144x6144, total_ms=71}
[Super Big Map][LoadingTiming] SUMMARY surface select stretched vanilla initial reveal {calls=1, destination_tiles=8192x8192, environment=Surface, hex_size=820x946, map=BlankBigTerraceCMix_02, map_ref=table: 000001B9C9431C80, mapdata_size=8192x8192, max_ms=71, rank=47, session=1, slot=1, source_tiles=6144x6144, total_ms=71}
[Super Big Map][LoadingTiming] SUMMARY phase: Restoring the vanilla resources and anomalies {calls=1, destination_tiles=8192x8192, environment=Surface, hex_size=820x946, map=BlankBigTerraceCMix_02, map_ref=table: 000001B9C9431C80, mapdata_size=8192x8192, max_ms=69, rank=48, session=1, slot=1, source_tiles=6144x6144, total_ms=69}
[Super Big Map][LoadingTiming] SUMMARY surface hard top-up spacing audit {calls=1, destination_tiles=8192x8192, environment=Surface, hex_size=820x946, map=BlankBigTerraceCMix_02, map_ref=table: 000001B9C9431C80, mapdata_size=8192x8192, max_ms=67, rank=49, session=1, slot=1, source_tiles=6144x6144, total_ms=67}
							Lua 0:01:42:108
[Super Big Map][LoadingTiming] SUMMARY RandomMap procedure: PlaceAnomalies_FindFeatures {calls=2, destination_tiles=8192x8192, environment=Surface, hex_size=820x946, map=BlankBigTerraceCMix_02, map_ref=table: 000001B9C9431C80, mapdata_size=8192x8192, max_ms=56, rank=50, session=1, slot=1, source_tiles=6144x6144, total_ms=60}
[Super Big Map][LoadingTiming] SUMMARY terrain map grid colorize: compute conversion {calls=1, destination_tiles=8192x8192, environment=Surface, hex_size=820x946, map=BlankBigTerraceCMix_02, map_ref=table: 000001B9C9431C80, mapdata_size=8192x8192, max_ms=52, rank=51, session=1, slot=1, source_tiles=6144x6144, total_ms=52}
[Super Big Map][LoadingTiming] SUMMARY surface top-up effect deposits {calls=1, destination_tiles=8192x8192, environment=Surface, hex_size=820x946, map=BlankBigTerraceCMix_02, map_ref=table: 000001B9C9431C80, mapdata_size=8192x8192, max_ms=46, rank=52, session=1, slot=1, source_tiles=6144x6144, total_ms=46}
[Super Big Map][LoadingTiming] SUMMARY RandomMap procedure: PlaceAnomalies_FindAnomalies_Breakthrough {calls=2, destination_tiles=8192x8192, environment=Surface, hex_size=820x946, map=BlankBigTerraceCMix_02, map_ref=table: 000001B9C9431C80, mapdata_size=8192x8192, max_ms=41, rank=53, session=1, slot=1, source_tiles=6144x6144, total_ms=41}
[Super Big Map][LoadingTiming] SUMMARY RandomMap procedure: PlaceAnomalies_FindFeatures_Deposits {calls=2, destination_tiles=8192x8192, environment=Surface, hex_size=820x946, map=BlankBigTerraceCMix_02, map_ref=table: 000001B9C9431C80, mapdata_size=8192x8192, max_ms=40, rank=54, session=1, slot=1, source_tiles=6144x6144, total_ms=41}
[Super Big Map][LoadingTiming] SUMMARY invalidate expanded terrain {calls=1, destination_tiles=8192x8192, environment=Surface, hex_size=820x946, map=BlankBigTerraceCMix_02, map_ref=table: 000001B9C9431C80, mapdata_size=8192x8192, max_ms=40, rank=55, session=1, slot=1, source_tiles=6144x6144, total_ms=40}
[Super Big Map][LoadingTiming] SUMMARY phase: Repositioning surface resource deposits {calls=1, destination_tiles=8192x8192, environment=Surface, hex_size=820x946, map=BlankBigTerraceCMix_02, map_ref=table: 000001B9C9431C80, mapdata_size=8192x8192, max_ms=28, rank=56, session=1, slot=1, source_tiles=6144x6144, total_ms=28}
[Super Big Map][LoadingTiming] SUMMARY surface resolve marker overlaps {calls=1, destination_tiles=8192x8192, environment=Surface, hex_size=820x946, map=BlankBigTerraceCMix_02, map_ref=table: 000001B9C9431C80, mapdata_size=8192x8192, max_ms=27, rank=57, session=1, slot=1, source_tiles=6144x6144, total_ms=27}
[Super Big Map][LoadingTiming] SUMMARY RandomMap procedure: PlaceObstructions {calls=2, destination_tiles=8192x8192, environment=Surface, hex_size=820x946, map=BlankBigTerraceCMix_02, map_ref=table: 000001B9C9431C80, mapdata_size=8192x8192, max_ms=25, rank=58, session=1, slot=1, source_tiles=6144x6144, total_ms=25}
[Super Big Map][LoadingTiming] SUMMARY refresh temporary source object radius {calls=1, destination_tiles=8192x8192, environment=Surface, hex_size=820x946, map=BlankBigTerraceCMix_02, map_ref=table: 000001B9C9431C80, mapdata_size=8192x8192, max_ms=20, rank=59, session=1, slot=1, source_tiles=6144x6144, total_ms=20}
							Lua 0:01:42:109
[Super Big Map][LoadingTiming] SUMMARY surface scale marker objects {calls=1, destination_tiles=8192x8192, environment=Surface, hex_size=820x946, map=BlankBigTerraceCMix_02, map_ref=table: 000001B9C9431C80, mapdata_size=8192x8192, max_ms=20, rank=60, session=1, slot=1, source_tiles=6144x6144, total_ms=20}
[Super Big Map][LoadingTiming] SUMMARY RandomMap procedure: PlaceAnomalies_FindDeposits {calls=2, destination_tiles=8192x8192, environment=Surface, hex_size=820x946, map=BlankBigTerraceCMix_02, map_ref=table: 000001B9C9431C80, mapdata_size=8192x8192, max_ms=7, rank=61, session=1, slot=1, source_tiles=6144x6144, total_ms=14}
[Super Big Map][LoadingTiming] SUMMARY RandomMap procedure: PlaceAnomalies_FindAnomalies {calls=2, destination_tiles=8192x8192, environment=Surface, hex_size=820x946, map=BlankBigTerraceCMix_02, map_ref=table: 000001B9C9431C80, mapdata_size=8192x8192, max_ms=5, rank=62, session=1, slot=1, source_tiles=6144x6144, total_ms=7}
[Super Big Map][LoadingTiming] SUMMARY RandomMap procedure: PlaceAnomalies_FindClusters {calls=2, destination_tiles=8192x8192, environment=Surface, hex_size=820x946, map=BlankBigTerraceCMix_02, map_ref=table: 000001B9C9431C80, mapdata_size=8192x8192, max_ms=5, rank=63, session=1, slot=1, source_tiles=6144x6144, total_ms=7}
[Super Big Map][LoadingTiming] SUMMARY capture vanilla initial sector {calls=1, destination_tiles=8192x8192, environment=Surface, hex_size=820x946, map=BlankBigTerraceCMix_02, map_ref=table: 000001B9C9431C80, mapdata_size=8192x8192, max_ms=7, rank=64, session=1, slot=1, source_tiles=6144x6144, total_ms=7}
[Super Big Map][LoadingTiming] SUMMARY RandomMap procedure: PlaceAnomalies_FindFeatures_EffectDeposits {calls=2, destination_tiles=8192x8192, environment=Surface, hex_size=820x946, map=BlankBigTerraceCMix_02, map_ref=table: 000001B9C9431C80, mapdata_size=8192x8192, max_ms=6, rank=65, session=1, slot=1, source_tiles=6144x6144, total_ms=6}
[Super Big Map][LoadingTiming] SUMMARY surface verify native enrichment transform {calls=1, destination_tiles=8192x8192, environment=Surface, hex_size=820x946, map=BlankBigTerraceCMix_02, map_ref=table: 000001B9C9431C80, mapdata_size=8192x8192, max_ms=6, rank=66, session=1, slot=1, source_tiles=6144x6144, total_ms=6}
[Super Big Map][LoadingTiming] SUMMARY surface enforce scan gate {calls=1, destination_tiles=8192x8192, environment=Surface, hex_size=820x946, map=BlankBigTerraceCMix_02, map_ref=table: 000001B9C9431C80, mapdata_size=8192x8192, max_ms=5, rank=67, session=1, slot=1, source_tiles=6144x6144, total_ms=5}
[Super Big Map][LoadingTiming] SUMMARY terrain map grid colorize: source extraction {calls=1, destination_tiles=8192x8192, environment=Surface, hex_size=820x946, map=BlankBigTerraceCMix_02, map_ref=table: 000001B9C9431C80, mapdata_size=8192x8192, max_ms=5, rank=68, session=1, slot=1, source_tiles=6144x6144, total_ms=5}
[Super Big Map][LoadingTiming] SUMMARY capture native enrichment coordinates {calls=1, destination_tiles=8192x8192, environment=Surface, hex_size=820x946, map=BlankBigTerraceCMix_02, map_ref=table: 000001B9C9431C80, mapdata_size=8192x8192, max_ms=4, rank=69, session=1, slot=1, source_tiles=6144x6144, total_ms=4}
							Lua 0:01:42:110
[Super Big Map][LoadingTiming] SUMMARY surface register top-up markers {calls=1, destination_tiles=8192x8192, environment=Surface, hex_size=820x946, map=BlankBigTerraceCMix_02, map_ref=table: 000001B9C9431C80, mapdata_size=8192x8192, max_ms=4, rank=70, session=1, slot=1, source_tiles=6144x6144, total_ms=4}
[Super Big Map][LoadingTiming] SUMMARY RandomMap procedure: PlaceAnomalies_FindDeposits_subs_Metals {calls=2, destination_tiles=8192x8192, environment=Surface, hex_size=820x946, map=BlankBigTerraceCMix_02, map_ref=table: 000001B9C9431C80, mapdata_size=8192x8192, max_ms=2, rank=71, session=1, slot=1, source_tiles=6144x6144, total_ms=3}
[Super Big Map][LoadingTiming] SUMMARY RandomMap procedure: PlaceAnomalies_FindAnomalies_Event {calls=2, destination_tiles=8192x8192, environment=Surface, hex_size=820x946, map=BlankBigTerraceCMix_02, map_ref=table: 000001B9C9431C80, mapdata_size=8192x8192, max_ms=1, rank=72, session=1, slot=1, source_tiles=6144x6144, total_ms=2}
[Super Big Map][LoadingTiming] SUMMARY RandomMap procedure: PlaceAnomalies_FindAnomalies_TechUnlock {calls=2, destination_tiles=8192x8192, environment=Surface, hex_size=820x946, map=BlankBigTerraceCMix_02, map_ref=table: 000001B9C9431C80, mapdata_size=8192x8192, max_ms=1, rank=73, session=1, slot=1, source_tiles=6144x6144, total_ms=2}
[Super Big Map][LoadingTiming] SUMMARY RandomMap procedure: PlaceAnomalies_FindDeposits_subs_PreciousMetals {calls=2, destination_tiles=8192x8192, environment=Surface, hex_size=820x946, map=BlankBigTerraceCMix_02, map_ref=table: 000001B9C9431C80, mapdata_size=8192x8192, max_ms=1, rank=74, session=1, slot=1, source_tiles=6144x6144, total_ms=2}
[Super Big Map][LoadingTiming] SUMMARY RandomMap procedure: PlaceAnomalies_FindDeposits_subs_Water {calls=2, destination_tiles=8192x8192, environment=Surface, hex_size=820x946, map=BlankBigTerraceCMix_02, map_ref=table: 000001B9C9431C80, mapdata_size=8192x8192, max_ms=1, rank=75, session=1, slot=1, source_tiles=6144x6144, total_ms=2}
[Super Big Map][LoadingTiming] SUMMARY RandomMap procedure: PlaceAnomalies_FindDeposits_terr_Concrete {calls=2, destination_tiles=8192x8192, environment=Surface, hex_size=820x946, map=BlankBigTerraceCMix_02, map_ref=table: 000001B9C9431C80, mapdata_size=8192x8192, max_ms=1, rank=76, session=1, slot=1, source_tiles=6144x6144, total_ms=2}
[Super Big Map][LoadingTiming] SUMMARY RandomMap procedure: PlaceAnomalies_FindEffectDeposits {calls=2, destination_tiles=8192x8192, environment=Surface, hex_size=820x946, map=BlankBigTerraceCMix_02, map_ref=table: 000001B9C9431C80, mapdata_size=8192x8192, max_ms=1, rank=77, session=1, slot=1, source_tiles=6144x6144, total_ms=2}
[Super Big Map][LoadingTiming] SUMMARY RandomMap procedure: PlaceAnomalies_FindEffectDeposits_ResearchEffectDeposit {calls=2, destination_tiles=8192x8192, environment=Surface, hex_size=820x946, map=BlankBigTerraceCMix_02, map_ref=table: 000001B9C9431C80, mapdata_size=8192x8192, max_ms=1, rank=78, session=1, slot=1, source_tiles=6144x6144, total_ms=2}
[Super Big Map][LoadingTiming] SUMMARY RandomMap procedure: PlaceAnomalies_AlignToHexGrid {calls=2, destination_tiles=8192x8192, environment=Surface, hex_size=820x946, map=BlankBigTerraceCMix_02, map_ref=table: 000001B9C9431C80, mapdata_size=8192x8192, max_ms=1, rank=79, session=1, slot=1, source_tiles=6144x6144, total_ms=1}
							Lua 0:01:42:111
[Super Big Map][LoadingTiming] SUMMARY RandomMap procedure: PlaceAnomalies_FindAnomalies_FreeTech {calls=1, destination_tiles=8192x8192, environment=Surface, hex_size=820x946, map=BlankBigTerraceCMix_02, map_ref=table: 000001B9C9431C80, mapdata_size=8192x8192, max_ms=1, rank=80, session=1, slot=1, source_tiles=6144x6144, total_ms=1}
[Super Big Map][LoadingTiming] SUMMARY RandomMap procedure: PlaceAnomalies_FindDeposits_surf_Metals {calls=2, destination_tiles=8192x8192, environment=Surface, hex_size=820x946, map=BlankBigTerraceCMix_02, map_ref=table: 000001B9C9431C80, mapdata_size=8192x8192, max_ms=1, rank=81, session=1, slot=1, source_tiles=6144x6144, total_ms=1}
[Super Big Map][LoadingTiming] SUMMARY RandomMap procedure: PlaceAnomalies_PlaceBreakthroughAnomalies {calls=2, destination_tiles=8192x8192, environment=Surface, hex_size=820x946, map=BlankBigTerraceCMix_02, map_ref=table: 000001B9C9431C80, mapdata_size=8192x8192, max_ms=1, rank=82, session=1, slot=1, source_tiles=6144x6144, total_ms=1}
[Super Big Map][LoadingTiming] SUMMARY RandomMap procedure: PlaceAnomalies_PlaceEffectDeposits {calls=2, destination_tiles=8192x8192, environment=Surface, hex_size=820x946, map=BlankBigTerraceCMix_02, map_ref=table: 000001B9C9431C80, mapdata_size=8192x8192, max_ms=1, rank=83, session=1, slot=1, source_tiles=6144x6144, total_ms=1}
[Super Big Map][LoadingTiming] SUMMARY RandomMap procedure: PlaceAnomalies_PlaceEventAnomalies {calls=2, destination_tiles=8192x8192, environment=Surface, hex_size=820x946, map=BlankBigTerraceCMix_02, map_ref=table: 000001B9C9431C80, mapdata_size=8192x8192, max_ms=1, rank=84, session=1, slot=1, source_tiles=6144x6144, total_ms=1}
[Super Big Map][LoadingTiming] SUMMARY RandomMap procedure: PlaceAnomalies_PlaceFreeTechAnomalies {calls=2, destination_tiles=8192x8192, environment=Surface, hex_size=820x946, map=BlankBigTerraceCMix_02, map_ref=table: 000001B9C9431C80, mapdata_size=8192x8192, max_ms=1, rank=85, session=1, slot=1, source_tiles=6144x6144, total_ms=1}
[Super Big Map][LoadingTiming] SUMMARY RandomMap procedure: PlaceAnomalies_PlaceTechUnlockAnomalies {calls=2, destination_tiles=8192x8192, environment=Surface, hex_size=820x946, map=BlankBigTerraceCMix_02, map_ref=table: 000001B9C9431C80, mapdata_size=8192x8192, max_ms=1, rank=86, session=1, slot=1, source_tiles=6144x6144, total_ms=1}
[Super Big Map][LoadingTiming] SUMMARY RandomMap procedure: PlaceColdAreas {calls=2, destination_tiles=8192x8192, environment=Surface, hex_size=820x946, map=BlankBigTerraceCMix_02, map_ref=table: 000001B9C9431C80, mapdata_size=8192x8192, max_ms=1, rank=87, session=1, slot=1, source_tiles=6144x6144, total_ms=1}
[Super Big Map][LoadingTiming] SUMMARY surface top-up placement audit {calls=1, destination_tiles=8192x8192, environment=Surface, hex_size=820x946, map=BlankBigTerraceCMix_02, map_ref=table: 000001B9C9431C80, mapdata_size=8192x8192, max_ms=1, rank=88, session=1, slot=1, source_tiles=6144x6144, total_ms=1}
[Super Big Map][LoadingTiming] SUMMARY terrain map grid BiomeGrid: destination metadata {calls=1, destination_tiles=8192x8192, environment=Surface, hex_size=820x946, map=BlankBigTerraceCMix_02, map_ref=table: 000001B9C9431C80, mapdata_size=8192x8192, max_ms=1, rank=89, session=1, slot=1, source_tiles=6144x6144, total_ms=1}
							Lua 0:01:42:112
[Super Big Map][LoadingTiming] SUMMARY RandomMap procedure: ClearLandingZones {calls=2, destination_tiles=8192x8192, environment=Surface, hex_size=820x946, map=BlankBigTerraceCMix_02, map_ref=table: 000001B9C9431C80, mapdata_size=8192x8192, max_ms=0, rank=90, session=1, slot=1, source_tiles=6144x6144, total_ms=0}
[Super Big Map][LoadingTiming] SUMMARY RandomMap procedure: PlaceAnomalies_FindFeatures_Anomalies {calls=2, destination_tiles=8192x8192, environment=Surface, hex_size=820x946, map=BlankBigTerraceCMix_02, map_ref=table: 000001B9C9431C80, mapdata_size=8192x8192, max_ms=0, rank=91, session=1, slot=1, source_tiles=6144x6144, total_ms=0}
[Super Big Map][LoadingTiming] SUMMARY RandomMap procedure: PlaceAnomalies_FindFeatures_RepulseDeposits {calls=2, destination_tiles=8192x8192, environment=Surface, hex_size=820x946, map=BlankBigTerraceCMix_02, map_ref=table: 000001B9C9431C80, mapdata_size=8192x8192, max_ms=0, rank=92, session=1, slot=1, source_tiles=6144x6144, total_ms=0}
[Super Big Map][LoadingTiming] SUMMARY RandomMap procedure: PlaceArtefacts {calls=1, destination_tiles=8192x8192, environment=Surface, hex_size=820x946, map=BlankBigTerraceCMix_02, map_ref=table: 000001B9C9431C80, mapdata_size=8192x8192, max_ms=0, rank=93, session=1, slot=1, source_tiles=6144x6144, total_ms=0}
[Super Big Map][LoadingTiming] SUMMARY copy generated map state {calls=1, destination_tiles=8192x8192, environment=Surface, hex_size=820x946, map=BlankBigTerraceCMix_02, map_ref=table: 000001B9C9431C80, mapdata_size=8192x8192, max_ms=0, rank=94, session=1, slot=1, source_tiles=6144x6144, total_ms=0}
[Super Big Map][LoadingTiming] SUMMARY diagnostic surface enrichment audit {calls=1, destination_tiles=8192x8192, environment=Surface, hex_size=820x946, map=BlankBigTerraceCMix_02, map_ref=table: 000001B9C9431C80, mapdata_size=8192x8192, max_ms=0, rank=95, session=1, slot=1, source_tiles=6144x6144, total_ms=0}
[Super Big Map][LoadingTiming] SUMMARY rebuild destination grids after source migration {calls=1, destination_tiles=8192x8192, environment=Surface, hex_size=820x946, map=BlankBigTerraceCMix_02, map_ref=table: 000001B9C9431C80, mapdata_size=8192x8192, max_ms=0, rank=96, session=1, slot=1, source_tiles=6144x6144, total_ms=0}
[Super Big Map][LoadingTiming] SUMMARY terrain clutter grid stretch {calls=2, destination_tiles=8192x8192, environment=Surface, hex_size=820x946, map=BlankBigTerraceCMix_02, map_ref=table: 000001B9C9431C80, mapdata_size=8192x8192, max_ms=0, rank=97, session=1, slot=1, source_tiles=6144x6144, total_ms=0}
[Super Big Map][LoadingTiming] SUMMARY terrain map grid BiomeGrid: source extraction {calls=1, destination_tiles=8192x8192, environment=Surface, hex_size=820x946, map=BlankBigTerraceCMix_02, map_ref=table: 000001B9C9431C80, mapdata_size=8192x8192, max_ms=0, rank=98, session=1, slot=1, source_tiles=6144x6144, total_ms=0}
							Lua 0:01:42:113
[Super Big Map][LoadingTiming] SUMMARY terrain map grid colorize: destination metadata {calls=1, destination_tiles=8192x8192, environment=Surface, hex_size=820x946, map=BlankBigTerraceCMix_02, map_ref=table: 000001B9C9431C80, mapdata_size=8192x8192, max_ms=0, rank=99, session=1, slot=1, source_tiles=6144x6144, total_ms=0}
[Super Big Map][LoadingTiming] SESSION_END {destination_tiles=8192x8192, diagnostic_print_ms=60, environment=Surface, error=, hex_size=820x946, map=BlankBigTerraceCMix_02, map_ref=table: 000001B9C9431C80, mapdata_size=8192x8192, ok=true, reason=surface expansion complete, session=1, session_duration_ms=81343, slot=1, source_tiles=6144x6144, terrain_grids=4}
							Lua 0:01:42:128
[Super Big Map][LoadingTiming] SESSION_BEGIN {destination_tiles=8192x8192, environment=Surface, hex_size=820x946, map=BlankBigTerraceCMix_02, map_ref=table: 000001B9C9431C80, mapdata_size=8192x8192, reason=surface final RebuildPassability (post-pipeline scheduled revalidation), session=2, slot=1, source_tiles=6144x6144}
							Lua 0:01:42:129
[Super Big Map][LoadingTiming] STEP BEGIN surface final RebuildPassability (post-pipeline scheduled revalidation) {destination_tiles=8192x8192, environment=Surface, hex_size=820x946, map=BlankBigTerraceCMix_02, map_ref=table: 000001B9C9431C80, mapdata_size=8192x8192, sequence=1, session=2, since_previous_ms=0, slot=1, source_tiles=6144x6144, total_ms=0}
							Lua 0:01:46:909
[Super Big Map][LoadingTiming] STEP END surface final RebuildPassability (post-pipeline scheduled revalidation) {begin_session=2, destination_tiles=8192x8192, duration_ms=4780, environment=Surface, error=, hex_size=820x946, map=BlankBigTerraceCMix_02, map_ref=table: 000001B9C9431C80, mapdata_size=8192x8192, ok=true, sequence=2, session=2, since_previous_ms=4780, slot=1, source_tiles=6144x6144, total_ms=4780}
							Lua 0:01:46:925
[Super Big Map][LoadingTiming] PHASE_BEGIN Rebuilding the final surface build grid {destination_tiles=8192x8192, environment=Surface, hex_size=820x946, map=BlankBigTerraceCMix_02, map_ref=table: 000001B9C9431C80, mapdata_size=8192x8192, sequence=3, session=2, slot=1, source_tiles=6144x6144, total_ms=4797}
[Super Big Map][LoadingTiming] STEP BEGIN surface final RebuildBuildableGrid (post-pipeline scheduled revalidation) {destination_tiles=8192x8192, environment=Surface, hex_size=820x946, map=BlankBigTerraceCMix_02, map_ref=table: 000001B9C9431C80, mapdata_size=8192x8192, sequence=4, session=2, since_previous_ms=0, slot=1, source_tiles=6144x6144, total_ms=4797}
							Lua 0:01:47:874
Buildable grid ready: 86/8338 valid zones.
[Super Big Map][LoadingTiming] STEP END surface final RebuildBuildableGrid (post-pipeline scheduled revalidation) {begin_session=2, destination_tiles=8192x8192, duration_ms=949, environment=Surface, error=, hex_size=820x946, map=BlankBigTerraceCMix_02, map_ref=table: 000001B9C9431C80, mapdata_size=8192x8192, ok=true, sequence=5, session=2, since_previous_ms=949, slot=1, source_tiles=6144x6144, total_ms=5746}
							Lua 0:01:47:879
[DebugAdapter] New connection to DebugAddapter 127.0.0.1:54662
[DebugAdapter] Connection lost to 127.0.0.1:54658 
							Lua 0:01:48:104
[RULES] surface half complete; starting first access
							Lua 0:01:48:105
[RULES] scan test: no TerrainDeposit in an unexplored sector to scan sector=nil status nil->nil deposit vis nil->nil gate nil->nil
							Lua 0:01:48:464
Missing spot 'Top' in 'MapSharedDepot' state 'idle'
							Lua 0:01:48:551
[DebugAdapter] Connection lost to 127.0.0.1:54662 
							Lua 0:01:48:554

!!! Quick Build !!!
							Lua 0:01:48:949
[Super Big Map][OuterResourceTopUpCensus] phase=post-deferred-GameInit surface final density suite ordinary_resource_topups=46 ordinary_resource_topups_placed=0 ordinary_resource_topups_visible=0 ordinary_resource_topups_outermost=27 guaranteed_resource_topups_outermost=25 guaranteed_resource_topups_inner_band=18 anomaly_topups=24 anomaly_topups_total=24 anomaly_topups_placed=0 anomaly_topups_outside_ring=0 maximum_anomalies_in_resource_cluster=1 anomaly_resource_cluster_overflow=0 maximum_total_members_in_resource_cluster=4 cluster_total_member_overflow=0 effect_topups=0 effect_topups_placed=0 verified_mountain_rocket_pad_effect_topups=0 unverified_outer_effect_topups=0 native_resources=0 resource_breakdown=Concrete:1|Metals:34|Polymers:9|PreciousMetals:2 anomaly_breakdown=complete:5|false:4|unlock:15 effect_breakdown=BeautyEffectDeposit:5|ResearchEffectDeposit:4 require_placed=false minimum=0 outermost_minimum=0 inner_band_minimum=0 shortfall=0 outermost_shortfall=0 inner_band_shortfall=0
							Lua 0:01:49:157
[Super Big Map][LoadingTiming] PHASE_END Rebuilding the final surface build grid {destination_tiles=8192x8192, duration_ms=2232, environment=Surface, hex_size=820x946, map=BlankBigTerraceCMix_02, map_ref=table: 000001B9C9431C80, mapdata_size=8192x8192, ok=true, sequence=6, session=2, slot=1, source_tiles=6144x6144, total_ms=7029}
[Super Big Map][LoadingTiming] PHASE_BEGIN Preparing the underground map for first access {destination_tiles=8192x8192, environment=Surface, hex_size=820x946, map=BlankBigTerraceCMix_02, map_ref=table: 000001B9C9431C80, mapdata_size=8192x8192, sequence=7, session=2, slot=1, source_tiles=6144x6144, total_ms=7029}
[Super Big Map][LoadingTiming] STEP session continues: underground expansion first access {destination_tiles=8192x8192, environment=Underground, force_now=true, hex_size=820x946, map=BlankUnderground_04, map_ref=table: 000001B9D56EBAB8, mapdata_size=8192x8192, sequence=8, session=2, since_previous_ms=0, slot=2, source_tiles=6144x6144, total_ms=7029}
							Lua 0:01:49:165
[Super Big Map][LoadingTiming] PHASE_END Preparing the underground map for first access {destination_tiles=8192x8192, duration_ms=8, environment=Surface, hex_size=820x946, map=BlankBigTerraceCMix_02, map_ref=table: 000001B9C9431C80, mapdata_size=8192x8192, ok=true, sequence=9, session=2, slot=1, source_tiles=6144x6144, total_ms=7037}
							Lua 0:01:49:166
[Super Big Map][LoadingTiming] PHASE_BEGIN Expanding the underground map {destination_tiles=8192x8192, environment=Surface, hex_size=820x946, map=BlankBigTerraceCMix_02, map_ref=table: 000001B9C9431C80, mapdata_size=8192x8192, sequence=10, session=2, slot=1, source_tiles=6144x6144, total_ms=7037}
[Super Big Map][LoadingTiming] STEP BEGIN underground expansion pipeline {destination_tiles=8192x8192, environment=Underground, hex_size=820x946, map=BlankUnderground_04, map_ref=table: 000001B9D56EBAB8, mapdata_size=8192x8192, sequence=11, session=2, since_previous_ms=1, slot=2, source_tiles=6144x6144, total_ms=7038}
[Super Big Map][LoadingTiming] PHASE_END Expanding the underground map {destination_tiles=8192x8192, duration_ms=1, environment=Surface, hex_size=820x946, map=BlankBigTerraceCMix_02, map_ref=table: 000001B9C9431C80, mapdata_size=8192x8192, ok=true, sequence=12, session=2, slot=1, source_tiles=6144x6144, total_ms=7038}
[Super Big Map][LoadingTiming] PHASE_BEGIN Preparing native underground wonder footprints {destination_tiles=8192x8192, environment=Surface, hex_size=820x946, map=BlankBigTerraceCMix_02, map_ref=table: 000001B9C9431C80, mapdata_size=8192x8192, sequence=13, session=2, slot=1, source_tiles=6144x6144, total_ms=7038}
							Lua 0:01:49:168
[Super Big Map][LoadingTiming] STEP deferred underground wonder markers recreated for first access {destination_tiles=8192x8192, environment=Underground, hex_size=820x946, map=BlankUnderground_04, map_ref=table: 000001B9D56EBAB8, mapdata_size=8192x8192, recreated=2, sequence=14, session=2, since_previous_ms=2, slot=2, source_tiles=6144x6144, total_ms=7040}
							Lua 0:01:49:537
[Super Big Map][LoadingTiming] STEP underground renderer resources settled {destination_tiles=8192x8192, environment=Underground, hex_size=820x946, map=BlankUnderground_04, map_ref=table: 000001B9D56EBAB8, mapdata_size=8192x8192, reason=buried-wonder texture prewarm batch, running_after=false, running_before=false, sequence=15, session=2, since_previous_ms=369, slot=2, source_tiles=6144x6144, total_ms=7409, wait_ms=338, wait_ok=true}
[Super Big Map][LoadingTiming] STEP underground buried-wonder texture ready {batch_wait_ms=338, cached=false, classes=BottomlessPit,AncientArtifact, destination_tiles=8192x8192, environment=Underground, hex_size=820x946, map=BlankUnderground_04, map_ref=table: 000001B9D56EBAB8, mapdata_size=8192x8192, pins=5, sequence=16, session=2, since_previous_ms=0, slot=2, source_tiles=6144x6144, texture=Textures/1304000.dds, total_ms=7409}
[Super Big Map][LoadingTiming] STEP underground buried-wonder texture ready {batch_wait_ms=338, cached=false, classes=BottomlessPit,AncientArtifact, destination_tiles=8192x8192, environment=Underground, hex_size=820x946, map=BlankUnderground_04, map_ref=table: 000001B9D56EBAB8, mapdata_size=8192x8192, pins=5, sequence=17, session=2, since_previous_ms=0, slot=2, source_tiles=6144x6144, texture=Textures/1304001.dds, total_ms=7409}
[Super Big Map][LoadingTiming] STEP underground buried-wonder texture ready {batch_wait_ms=338, cached=false, classes=BottomlessPit,AncientArtifact, destination_tiles=8192x8192, environment=Underground, hex_size=820x946, map=BlankUnderground_04, map_ref=table: 000001B9D56EBAB8, mapdata_size=8192x8192, pins=5, sequence=18, session=2, since_previous_ms=0, slot=2, source_tiles=6144x6144, texture=Textures/1304002.dds, total_ms=7409}
[Super Big Map][LoadingTiming] STEP underground buried-wonder texture ready {batch_wait_ms=338, cached=false, classes=BottomlessPit,AncientArtifact, destination_tiles=8192x8192, environment=Underground, hex_size=820x946, map=BlankUnderground_04, map_ref=table: 000001B9D56EBAB8, mapdata_size=8192x8192, pins=5, sequence=19, session=2, since_previous_ms=0, slot=2, source_tiles=6144x6144, texture=Textures/3547000.dds, total_ms=7409}
							Lua 0:01:49:538
[Super Big Map][LoadingTiming] STEP underground buried-wonder texture ready {batch_wait_ms=338, cached=false, classes=BottomlessPit,AncientArtifact, destination_tiles=8192x8192, environment=Underground, hex_size=820x946, map=BlankUnderground_04, map_ref=table: 000001B9D56EBAB8, mapdata_size=8192x8192, pins=5, sequence=20, session=2, since_previous_ms=0, slot=2, source_tiles=6144x6144, texture=Textures/3547001.dds, total_ms=7409}
[Super Big Map][LoadingTiming] STEP underground buried-wonder textures ready {cached=false, classes=BottomlessPit,AncientArtifact, destination_tiles=8192x8192, environment=Underground, hex_size=820x946, map=BlankUnderground_04, map_ref=table: 000001B9D56EBAB8, mapdata_size=8192x8192, pins=5, sequence=21, session=2, since_previous_ms=1, slot=2, source_tiles=6144x6144, textures=Textures/1304000.dds,Textures/1304001.dds,Textures/1304002.dds,Textures/3547000.dds,Textures/3547001.dds, total_ms=7410, wait_ms=338}
[Super Big Map][LoadingTiming] STEP underground buried wonder cleared on native source {class=BottomlessPit, clearance_mode=native_bootstrap_clearance_no_replay, destination_tiles=8192x8192, environment=Underground, flatten_source=native_bootstrap_clearance_floor, flatten_z=10000, grids_detached=false, hex_size=820x946, map=BlankUnderground_04, map_ref=table: 000001B9D56EBAB8, mapdata_size=8192x8192, sequence=22, session=2, since_previous_ms=0, slot=2, source_tiles=6144x6144, total_ms=7410}
							Lua 0:01:49:539
[Super Big Map][LoadingTiming] STEP underground buried wonder cleared on native source {class=AncientArtifact, clearance_mode=native_bootstrap_clearance_no_replay, destination_tiles=8192x8192, environment=Underground, flatten_source=native_bootstrap_clearance_floor, flatten_z=10000, grids_detached=false, hex_size=820x946, map=BlankUnderground_04, map_ref=table: 000001B9D56EBAB8, mapdata_size=8192x8192, sequence=23, session=2, since_previous_ms=0, slot=2, source_tiles=6144x6144, total_ms=7410}
							Lua 0:01:49:751
[Super Big Map][LoadingTiming] STEP underground buried wonders cleared on native source {destination_tiles=8192x8192, environment=Underground, hex_size=820x946, map=BlankUnderground_04, map_ref=table: 000001B9D56EBAB8, mapdata_size=8192x8192, materialized=2, sequence=24, session=2, since_previous_ms=213, slot=2, source_tiles=6144x6144, total_ms=7623}
							Lua 0:01:50:351
[Super Big Map][LoadingTiming] STEP decoration relief capture complete {audit_candidates=0, destination_tiles=8192x8192, eligible=5859, environment=Underground, explicit_z=587, height_failures=0, hex_size=820x946, map=BlankUnderground_04, map_ref=table: 000001B9D56EBAB8, mapdata_size=8192x8192, max_abs_relief=11063, out_of_box_despawned=0, out_of_box_stamped=350, scanned=6515, sequence=25, session=2, since_previous_ms=600, slot=2, source_tiles=6144x6144, terrain_glued=5272, terrain_source_is_destination=true, total_ms=8223}
[Super Big Map][LoadingTiming] PHASE_END Preparing native underground wonder footprints {destination_tiles=8192x8192, duration_ms=1185, environment=Surface, hex_size=820x946, map=BlankBigTerraceCMix_02, map_ref=table: 000001B9C9431C80, mapdata_size=8192x8192, ok=true, sequence=26, session=2, slot=1, source_tiles=6144x6144, total_ms=8223}
[Super Big Map][LoadingTiming] PHASE_BEGIN Preserving vanilla underground resources and anomalies {destination_tiles=8192x8192, environment=Surface, hex_size=820x946, map=BlankBigTerraceCMix_02, map_ref=table: 000001B9C9431C80, mapdata_size=8192x8192, sequence=27, session=2, slot=1, source_tiles=6144x6144, total_ms=8223}
							Lua 0:01:50:387
[Super Big Map][LoadingTiming] PHASE_END Preserving vanilla underground resources and anomalies {destination_tiles=8192x8192, duration_ms=35, environment=Surface, hex_size=820x946, map=BlankBigTerraceCMix_02, map_ref=table: 000001B9C9431C80, mapdata_size=8192x8192, ok=true, sequence=28, session=2, slot=1, source_tiles=6144x6144, total_ms=8258}
[Super Big Map][LoadingTiming] PHASE_BEGIN Stretching the underground terrain {destination_tiles=8192x8192, environment=Surface, hex_size=820x946, map=BlankBigTerraceCMix_02, map_ref=table: 000001B9C9431C80, mapdata_size=8192x8192, sequence=29, session=2, slot=1, source_tiles=6144x6144, total_ms=8258}
[Super Big Map][LoadingTiming] STEP BEGIN terrain grid stretch: height {destination_tiles=8192x8192, environment=Underground, hex_size=820x946, interpolate=true, map=BlankUnderground_04, map_ref=table: 000001B9D56EBAB8, mapdata_size=8192x8192, scale_values=true, sequence=30, session=2, since_previous_ms=1, slot=2, source_tiles=6144x6144, total_ms=8259}
							Lua 0:01:53:051
[Super Big Map][LoadingTiming] STEP terrain height similarity transform {destination_tiles=8192x8192, environment=Underground, final_max=18023, final_min=1000, hex_size=820x946, map=BlankUnderground_04, map_ref=table: 000001B9D56EBAB8, mapdata_size=8192x8192, projected_max=18022, sequence=31, session=2, since_previous_ms=2663, slot=2, source_min=10000, source_tiles=6144x6144, terrain_max=22767, total_ms=10922, uniform_applied=true, uniform_required=true, whole_map_normalized=false, xy_scale_div=6144, xy_scale_mul=8192, z_scale_add=-12333, z_scale_div=6144, z_scale_mul=8192}
							Lua 0:01:53:084
[Super Big Map][LoadingTiming] STEP END terrain grid stretch: height {begin_session=2, destination_tiles=8192x8192, duration_ms=2697, environment=Underground, error=, extraction_path=native_corner_then_compute, full_cells=8192x8192, hex_size=820x946, internal_step_modified=0, internal_step_repair=not requested, internal_step_rows=0, map=BlankUnderground_04, map_ref=table: 000001B9D56EBAB8, mapdata_size=8192x8192, ok=true, sequence=32, session=2, since_previous_ms=34, slot=2, source_tiles=6144x6144, total_ms=10956}
[Super Big Map][LoadingTiming] STEP BEGIN terrain grid stretch: type {destination_tiles=8192x8192, environment=Underground, hex_size=820x946, interpolate=false, map=BlankUnderground_04, map_ref=table: 000001B9D56EBAB8, mapdata_size=8192x8192, scale_values=false, sequence=33, session=2, since_previous_ms=0, slot=2, source_tiles=6144x6144, total_ms=10956}
							Lua 0:01:54:483
[Super Big Map][LoadingTiming] STEP END terrain grid stretch: type {begin_session=2, destination_tiles=8192x8192, duration_ms=1399, environment=Underground, error=, extraction_path=native_corner_then_compute, full_cells=8192x8192, hex_size=820x946, internal_step_modified=0, internal_step_repair=not requested, internal_step_rows=0, map=BlankUnderground_04, map_ref=table: 000001B9D56EBAB8, mapdata_size=8192x8192, ok=true, sequence=34, session=2, since_previous_ms=1399, slot=2, source_tiles=6144x6144, total_ms=12355}
							Lua 0:01:54:484
[Super Big Map][LoadingTiming] STEP BEGIN terrain clutter grid stretch {destination_tiles=8192x8192, direct_source=false, environment=Underground, hex_size=820x946, map=BlankUnderground_04, map_ref=table: 000001B9D56EBAB8, mapdata_size=8192x8192, sequence=35, session=2, since_previous_ms=0, slot=2, source_tiles=6144x6144, total_ms=12355}
[Super Big Map][LoadingTiming] STEP ERROR terrain clutter grid stretch {begin_session=2, destination_alias=none, destination_tiles=8192x8192, duration_ms=1, environment=Underground, error=captured/native clutter source unavailable, hex_size=820x946, map=BlankUnderground_04, map_ref=table: 000001B9D56EBAB8, mapdata_size=8192x8192, ok=false, sequence=36, session=2, since_previous_ms=1, slot=2, source_alias=none, source_tiles=6144x6144, total_ms=12356}
[Super Big Map][LoadingTiming] STEP terrain clutter grid unavailable; continuing diagnostic generation {destination_tiles=8192x8192, direct_source=false, environment=Underground, hex_size=820x946, map=BlankUnderground_04, map_ref=table: 000001B9D56EBAB8, mapdata_size=8192x8192, sequence=37, session=2, since_previous_ms=0, slot=2, source_tiles=6144x6144, total_ms=12356}
[Super Big Map][LoadingTiming] STEP BEGIN terrain map grid stretch: colorize {destination_tiles=8192x8192, environment=Underground, hex_size=820x946, interpolate=false, map=BlankUnderground_04, map_ref=table: 000001B9D56EBAB8, mapdata_size=8192x8192, sequence=38, session=2, since_previous_ms=0, slot=2, source_tiles=6144x6144, total_ms=12356}
[Super Big Map][LoadingTiming] STEP BEGIN terrain map grid colorize: source extraction {destination_tiles=8192x8192, environment=Underground, hex_size=820x946, map=BlankUnderground_04, map_ref=table: 000001B9D56EBAB8, mapdata_size=8192x8192, sequence=39, session=2, since_previous_ms=0, slot=2, source_tiles=6144x6144, total_ms=12356}
							Lua 0:01:54:491
[Super Big Map][LoadingTiming] STEP END terrain map grid colorize: source extraction {begin_session=2, destination_tiles=8192x8192, duration_ms=7, environment=Underground, hex_size=820x946, map=BlankUnderground_04, map_ref=table: 000001B9D56EBAB8, mapdata_size=8192x8192, ok=true, sequence=40, session=2, since_previous_ms=7, slot=2, source_cells=3072x3072, source_tiles=6144x6144, total_ms=12363}
[Super Big Map][LoadingTiming] STEP BEGIN terrain map grid colorize: destination metadata {destination_tiles=8192x8192, environment=Underground, hex_size=820x946, map=BlankUnderground_04, map_ref=table: 000001B9D56EBAB8, mapdata_size=8192x8192, sequence=41, session=2, since_previous_ms=0, slot=2, source_tiles=6144x6144, total_ms=12363}
							Lua 0:01:54:492
[Super Big Map][LoadingTiming] STEP END terrain map grid colorize: destination metadata {begin_session=2, destination_cells=4096x4096, destination_tiles=8192x8192, duration_ms=1, environment=Underground, hex_size=820x946, map=BlankUnderground_04, map_ref=table: 000001B9D56EBAB8, mapdata_size=8192x8192, ok=true, sequence=42, session=2, since_previous_ms=1, slot=2, source_tiles=6144x6144, target_bits=?, target_format=hierarchical, total_ms=12364}
[Super Big Map][LoadingTiming] STEP BEGIN terrain map grid colorize: compute conversion {destination_tiles=8192x8192, environment=Underground, hex_size=820x946, map=BlankUnderground_04, map_ref=table: 000001B9D56EBAB8, mapdata_size=8192x8192, sequence=43, session=2, since_previous_ms=0, slot=2, source_tiles=6144x6144, total_ms=12364}
							Lua 0:01:54:543
[Super Big Map][LoadingTiming] STEP END terrain map grid colorize: compute conversion {begin_session=2, destination_tiles=8192x8192, duration_ms=51, environment=Underground, hex_size=820x946, map=BlankUnderground_04, map_ref=table: 000001B9D56EBAB8, mapdata_size=8192x8192, ok=true, sequence=44, session=2, since_previous_ms=51, slot=2, source_tiles=6144x6144, total_ms=12415}
[Super Big Map][LoadingTiming] STEP BEGIN terrain map grid colorize: resample {destination_cells=4096x4096, destination_tiles=8192x8192, environment=Underground, hex_size=820x946, interpolate=false, map=BlankUnderground_04, map_ref=table: 000001B9D56EBAB8, mapdata_size=8192x8192, sequence=45, session=2, since_previous_ms=0, slot=2, source_tiles=6144x6144, total_ms=12415}
							Lua 0:01:54:669
[Super Big Map][LoadingTiming] STEP END terrain map grid colorize: resample {begin_session=2, destination_tiles=8192x8192, duration_ms=126, environment=Underground, hex_size=820x946, map=BlankUnderground_04, map_ref=table: 000001B9D56EBAB8, mapdata_size=8192x8192, ok=true, sequence=46, session=2, since_previous_ms=126, slot=2, source_tiles=6144x6144, total_ms=12541}
[Super Big Map][LoadingTiming] STEP BEGIN terrain map grid colorize: destination write {destination_tiles=8192x8192, environment=Underground, hex_size=820x946, map=BlankUnderground_04, map_ref=table: 000001B9D56EBAB8, mapdata_size=8192x8192, sequence=47, session=2, since_previous_ms=0, slot=2, source_tiles=6144x6144, total_ms=12541}
							Lua 0:01:55:196
[Super Big Map][LoadingTiming] STEP END terrain map grid colorize: destination write {begin_session=2, destination_tiles=8192x8192, duration_ms=527, environment=Underground, hex_size=820x946, map=BlankUnderground_04, map_ref=table: 000001B9D56EBAB8, mapdata_size=8192x8192, mode=editor_set_grid, ok=true, sequence=48, session=2, since_previous_ms=527, slot=2, source_tiles=6144x6144, total_ms=13068}
							Lua 0:01:55:202
[Super Big Map][LoadingTiming] STEP END terrain map grid stretch: colorize {begin_session=2, destination_tiles=8192x8192, duration_ms=718, environment=Underground, hex_size=820x946, map=BlankUnderground_04, map_ref=table: 000001B9D56EBAB8, mapdata_size=8192x8192, ok=true, sequence=49, session=2, since_previous_ms=6, slot=2, source_tiles=6144x6144, total_ms=13074}
[Super Big Map][LoadingTiming] STEP BEGIN terrain map grid stretch: BiomeGrid {destination_tiles=8192x8192, environment=Underground, hex_size=820x946, interpolate=false, map=BlankUnderground_04, map_ref=table: 000001B9D56EBAB8, mapdata_size=8192x8192, sequence=50, session=2, since_previous_ms=0, slot=2, source_tiles=6144x6144, total_ms=13074}
[Super Big Map][LoadingTiming] STEP BEGIN terrain map grid BiomeGrid: source extraction {destination_tiles=8192x8192, environment=Underground, hex_size=820x946, map=BlankUnderground_04, map_ref=table: 000001B9D56EBAB8, mapdata_size=8192x8192, sequence=51, session=2, since_previous_ms=0, slot=2, source_tiles=6144x6144, total_ms=13074}
							Lua 0:01:55:203
[Super Big Map][LoadingTiming] STEP END terrain map grid BiomeGrid: source extraction {begin_session=2, destination_tiles=8192x8192, duration_ms=0, environment=Underground, hex_size=820x946, map=BlankUnderground_04, map_ref=table: 000001B9D56EBAB8, mapdata_size=8192x8192, ok=true, sequence=52, session=2, since_previous_ms=0, slot=2, source_cells=6144x6144, source_tiles=6144x6144, total_ms=13074}
[Super Big Map][LoadingTiming] STEP BEGIN terrain map grid BiomeGrid: destination metadata {destination_tiles=8192x8192, environment=Underground, hex_size=820x946, map=BlankUnderground_04, map_ref=table: 000001B9D56EBAB8, mapdata_size=8192x8192, sequence=53, session=2, since_previous_ms=1, slot=2, source_tiles=6144x6144, total_ms=13075}
[Super Big Map][LoadingTiming] STEP END terrain map grid BiomeGrid: destination metadata {begin_session=2, destination_cells=8192x8192, destination_tiles=8192x8192, duration_ms=0, environment=Underground, hex_size=820x946, map=BlankUnderground_04, map_ref=table: 000001B9D56EBAB8, mapdata_size=8192x8192, ok=true, sequence=54, session=2, since_previous_ms=0, slot=2, source_tiles=6144x6144, target_bits=?, target_format=hierarchical, total_ms=13075}
[Super Big Map][LoadingTiming] STEP BEGIN terrain map grid BiomeGrid: compute conversion {destination_tiles=8192x8192, environment=Underground, hex_size=820x946, map=BlankUnderground_04, map_ref=table: 000001B9D56EBAB8, mapdata_size=8192x8192, sequence=55, session=2, since_previous_ms=0, slot=2, source_tiles=6144x6144, total_ms=13075}
							Lua 0:01:55:330
[Super Big Map][LoadingTiming] STEP END terrain map grid BiomeGrid: compute conversion {begin_session=2, destination_tiles=8192x8192, duration_ms=126, environment=Underground, hex_size=820x946, map=BlankUnderground_04, map_ref=table: 000001B9D56EBAB8, mapdata_size=8192x8192, ok=true, sequence=56, session=2, since_previous_ms=127, slot=2, source_tiles=6144x6144, total_ms=13202}
[Super Big Map][LoadingTiming] STEP BEGIN terrain map grid BiomeGrid: resample {destination_cells=8192x8192, destination_tiles=8192x8192, environment=Underground, hex_size=820x946, interpolate=false, map=BlankUnderground_04, map_ref=table: 000001B9D56EBAB8, mapdata_size=8192x8192, sequence=57, session=2, since_previous_ms=0, slot=2, source_tiles=6144x6144, total_ms=13202}
							Lua 0:01:55:840
[Super Big Map][LoadingTiming] STEP END terrain map grid BiomeGrid: resample {begin_session=2, destination_tiles=8192x8192, duration_ms=510, environment=Underground, hex_size=820x946, map=BlankUnderground_04, map_ref=table: 000001B9D56EBAB8, mapdata_size=8192x8192, ok=true, sequence=58, session=2, since_previous_ms=510, slot=2, source_tiles=6144x6144, total_ms=13712}
[Super Big Map][LoadingTiming] STEP BEGIN terrain map grid BiomeGrid: destination write {destination_tiles=8192x8192, environment=Underground, hex_size=820x946, map=BlankUnderground_04, map_ref=table: 000001B9D56EBAB8, mapdata_size=8192x8192, sequence=59, session=2, since_previous_ms=0, slot=2, source_tiles=6144x6144, total_ms=13712}
							Lua 0:01:56:099
[Super Big Map][LoadingTiming] STEP END terrain map grid BiomeGrid: destination write {begin_session=2, destination_tiles=8192x8192, duration_ms=258, environment=Underground, hex_size=820x946, map=BlankUnderground_04, map_ref=table: 000001B9D56EBAB8, mapdata_size=8192x8192, mode=vanilla_map_import_direct_copy, ok=true, sequence=60, session=2, since_previous_ms=258, slot=2, source_tiles=6144x6144, total_ms=13970}
							Lua 0:01:56:114
[Super Big Map][LoadingTiming] STEP END terrain map grid stretch: BiomeGrid {begin_session=2, destination_tiles=8192x8192, duration_ms=912, environment=Underground, hex_size=820x946, map=BlankUnderground_04, map_ref=table: 000001B9D56EBAB8, mapdata_size=8192x8192, ok=true, sequence=61, session=2, since_previous_ms=16, slot=2, source_tiles=6144x6144, total_ms=13986}
[Super Big Map][LoadingTiming] STEP BEGIN invalidate expanded terrain {destination_tiles=8192x8192, environment=Underground, hex_size=820x946, map=BlankUnderground_04, map_ref=table: 000001B9D56EBAB8, mapdata_size=8192x8192, sequence=62, session=2, since_previous_ms=0, slot=2, source_tiles=6144x6144, total_ms=13986}
							Lua 0:01:56:148
[Super Big Map][LoadingTiming] STEP END invalidate expanded terrain {begin_session=2, deferred_gameplay_rebuild=true, destination_tiles=8192x8192, duration_ms=34, environment=Underground, hex_size=820x946, map=BlankUnderground_04, map_ref=table: 000001B9D56EBAB8, mapdata_size=8192x8192, ok=true, sequence=63, session=2, since_previous_ms=34, slot=2, source_tiles=6144x6144, total_ms=14020}
[Super Big Map][LoadingTiming] STEP terrain stretch grid suite complete {completed_grids=4, destination_tiles=8192x8192, environment=Underground, hex_size=820x946, map=BlankUnderground_04, map_ref=table: 000001B9D56EBAB8, mapdata_size=8192x8192, sequence=64, session=2, since_previous_ms=0, slot=2, source_tiles=6144x6144, total_ms=14020}
							Lua 0:01:56:149
[Super Big Map][LoadingTiming] PHASE_END Stretching the underground terrain {destination_tiles=8192x8192, duration_ms=5762, environment=Surface, hex_size=820x946, map=BlankBigTerraceCMix_02, map_ref=table: 000001B9C9431C80, mapdata_size=8192x8192, ok=true, sequence=65, session=2, slot=1, source_tiles=6144x6144, total_ms=14020}
[Super Big Map][LoadingTiming] PHASE_BEGIN Repositioning underground rocks and decorations {destination_tiles=8192x8192, environment=Surface, hex_size=820x946, map=BlankBigTerraceCMix_02, map_ref=table: 000001B9C9431C80, mapdata_size=8192x8192, sequence=66, session=2, slot=1, source_tiles=6144x6144, total_ms=14020}
							Lua 0:01:58:762
[Super Big Map][LoadingTiming] STEP native rock support grounding complete {apply_ms=1, capture_ms=201, contacts=2011, destination_tiles=8192x8192, eligible=618, environment=Underground, failures=0, hex_size=820x946, lowered=0, map=BlankUnderground_04, map_ref=table: 000001B9D56EBAB8, mapdata_size=8192x8192, max_lowering=0, probes=31354, rays=18767, sequence=67, session=2, since_previous_ms=2613, slot=2, source_tiles=6144x6144, total_lowering=0, total_ms=16633, unchanged=343}
[Super Big Map][LoadingTiming] STEP decoration stretch placement complete {cave_in_expanded_shape_hexes=11838, cave_in_rubble=38, cave_in_source_shape_hexes=6604, cave_ins_transformed=55, destination_tiles=8192x8192, environment=Underground, explicit_z_captured=587, hex_size=820x946, map=BlankUnderground_04, map_ref=table: 000001B9D56EBAB8, mapdata_size=8192x8192, moved=5592, placement_inputs=5880, preclassified=true, relief_placed=587, reused_collection=true, rubble_walls_transformed=55, scanned=6515, sequence=68, session=2, setpos_failures=0, since_previous_ms=1, slot=2, source_tiles=6144x6144, terrain_glued_captured=5272, terrain_snapped=5005, topup_clones=0, total_ms=16634, tunnel_blocker_rubble=17, unresolved_z=0}
							Lua 0:01:58:767
[Super Big Map][LoadingTiming] STEP prefab feature game logic correspondence {actual_safari=0, created_safari=0, destination_tiles=8192x8192, environment=Underground, expected_safari=0, hex_size=820x946, map=BlankUnderground_04, map_ref=table: 000001B9D56EBAB8, mapdata_size=8192x8192, markers=0, matched_safari=0, removed_orphan_safari=0, replayed_markers=0, sequence=69, session=2, since_previous_ms=5, slot=2, source_tiles=6144x6144, total_ms=16639}
							Lua 0:01:58:768
[Super Big Map][LoadingTiming] PHASE_END Repositioning underground rocks and decorations {destination_tiles=8192x8192, duration_ms=2620, environment=Surface, hex_size=820x946, map=BlankBigTerraceCMix_02, map_ref=table: 000001B9C9431C80, mapdata_size=8192x8192, ok=true, sequence=70, session=2, slot=1, source_tiles=6144x6144, total_ms=16640}
[Super Big Map][LoadingTiming] PHASE_BEGIN Reserving underground wonder footprints {destination_tiles=8192x8192, environment=Surface, hex_size=820x946, map=BlankBigTerraceCMix_02, map_ref=table: 000001B9C9431C80, mapdata_size=8192x8192, sequence=71, session=2, slot=1, source_tiles=6144x6144, total_ms=16640}
							Lua 0:01:58:905
[Super Big Map][LoadingTiming] STEP underground buried wonder enrichment reservation {classes=AncientArtifact=1,BottomlessPit=1, destination_tiles=8192x8192, environment=Underground, hex_size=820x946, map=BlankUnderground_04, map_ref=table: 000001B9D56EBAB8, mapdata_size=8192x8192, reserved_hexes=5602, scaled_shape_hexes=5602, sequence=72, session=2, since_previous_ms=136, slot=2, source_shape_hexes=3150, source_tiles=6144x6144, total_ms=16776, wonders=2}
[Super Big Map][LoadingTiming] PHASE_END Reserving underground wonder footprints {destination_tiles=8192x8192, duration_ms=137, environment=Surface, hex_size=820x946, map=BlankBigTerraceCMix_02, map_ref=table: 000001B9C9431C80, mapdata_size=8192x8192, ok=true, sequence=73, session=2, slot=1, source_tiles=6144x6144, total_ms=16777}
[Super Big Map][LoadingTiming] PHASE_BEGIN Restoring vanilla underground resources and anomalies {destination_tiles=8192x8192, environment=Surface, hex_size=820x946, map=BlankBigTerraceCMix_02, map_ref=table: 000001B9C9431C80, mapdata_size=8192x8192, sequence=74, session=2, slot=1, source_tiles=6144x6144, total_ms=16777}
							Lua 0:01:58:943
[Super Big Map][LoadingTiming] PHASE_END Restoring vanilla underground resources and anomalies {destination_tiles=8192x8192, duration_ms=38, environment=Surface, hex_size=820x946, map=BlankBigTerraceCMix_02, map_ref=table: 000001B9C9431C80, mapdata_size=8192x8192, ok=true, sequence=75, session=2, slot=1, source_tiles=6144x6144, total_ms=16815}
[Super Big Map][LoadingTiming] PHASE_BEGIN Repositioning underground resource deposits {destination_tiles=8192x8192, environment=Surface, hex_size=820x946, map=BlankBigTerraceCMix_02, map_ref=table: 000001B9C9431C80, mapdata_size=8192x8192, sequence=76, session=2, slot=1, source_tiles=6144x6144, total_ms=16815}
							Lua 0:01:58:960
[Super Big Map][LoadingTiming] PHASE_END Repositioning underground resource deposits {destination_tiles=8192x8192, duration_ms=17, environment=Surface, hex_size=820x946, map=BlankBigTerraceCMix_02, map_ref=table: 000001B9C9431C80, mapdata_size=8192x8192, ok=true, sequence=77, session=2, slot=1, source_tiles=6144x6144, total_ms=16832}
[Super Big Map][LoadingTiming] PHASE_BEGIN Restoring underground decoration density {destination_tiles=8192x8192, environment=Surface, hex_size=820x946, map=BlankBigTerraceCMix_02, map_ref=table: 000001B9C9431C80, mapdata_size=8192x8192, sequence=78, session=2, slot=1, source_tiles=6144x6144, total_ms=16832}
[Super Big Map][LoadingTiming] STEP BEGIN underground engine decor pass {destination_tiles=8192x8192, environment=Underground, hex_size=820x946, map=BlankUnderground_04, map_ref=table: 000001B9D56EBAB8, mapdata_size=8192x8192, sequence=79, session=2, since_previous_ms=0, slot=2, source_tiles=6144x6144, total_ms=16832}
							Lua 0:01:59:025
[Super Big Map][LoadingTiming] STEP END underground engine decor pass {area_factor=1.778, begin_session=2, decor_sites=0, decorated_circles=0, decoration_passes=0, decoration_ratio=25, destination_tiles=8192x8192, duration_ms=64, enabled=true, environment=Underground, fallback_sites=0, generator_present=true, hex_size=820x946, map=BlankUnderground_04, map_ref=table: 000001B9D56EBAB8, mapdata_size=8192x8192, markers_resolved=4440, markers_unresolved=442, objects=0, obstruct_circles=0, ok=true, placed=0, preset=Underground, reason=vanilla placed no decor groups, seed=5083534300309579687, seed_source=generator, sequence=80, session=2, since_previous_ms=64, sites_prestretched=0, sites_relocated=0, slot=2, source_tiles=6144x6144, target=0, total_ms=16896, vanilla_decor_groups=0, version=10}
[Super Big Map][LoadingTiming] PHASE_END Restoring underground decoration density {destination_tiles=8192x8192, duration_ms=65, environment=Surface, hex_size=820x946, map=BlankBigTerraceCMix_02, map_ref=table: 000001B9C9431C80, mapdata_size=8192x8192, ok=true, sequence=81, session=2, slot=1, source_tiles=6144x6144, total_ms=16897}
[Super Big Map][LoadingTiming] PHASE_BEGIN Creating underground wonders {destination_tiles=8192x8192, environment=Surface, hex_size=820x946, map=BlankBigTerraceCMix_02, map_ref=table: 000001B9C9431C80, mapdata_size=8192x8192, sequence=82, session=2, slot=1, source_tiles=6144x6144, total_ms=16897}
							Lua 0:01:59:096
[Super Big Map][LoadingTiming] STEP underground buried wonder stretched {class=BottomlessPit, clearance_mode=native_clearance_before_stretch_no_replay, destination_tiles=8192x8192, environment=Underground, expanded_scale=133, expanded_shape_hexes=2591, final_x=374667, final_y=281739, flatten_source=transformed_native_clearance_floor, flatten_z=1000, hex_size=820x946, map=BlankUnderground_04, map_ref=table: 000001B9D56EBAB8, mapdata_size=8192x8192, sequence=83, session=2, since_previous_ms=71, slot=2, source_flatten_z=10000, source_tiles=6144x6144, source_x=281000, source_y=211304, total_ms=16968}
							Lua 0:01:59:187
[Super Big Map][LoadingTiming] STEP underground buried wonder stretched {class=AncientArtifact, clearance_mode=native_clearance_before_stretch_no_replay, destination_tiles=8192x8192, environment=Underground, expanded_scale=133, expanded_shape_hexes=3011, final_x=458667, final_y=461867, flatten_source=transformed_native_clearance_floor, flatten_z=1000, hex_size=820x946, map=BlankUnderground_04, map_ref=table: 000001B9D56EBAB8, mapdata_size=8192x8192, sequence=84, session=2, since_previous_ms=91, slot=2, source_flatten_z=10000, source_tiles=6144x6144, source_x=344000, source_y=346400, total_ms=17059}
							Lua 0:01:59:503
[Super Big Map][LoadingTiming] STEP underground buried wonders stretched {bottomless_pits=1, bottomless_pits_stretched=1, destination_tiles=8192x8192, environment=Underground, expanded_shape_hexes=5602, hex_size=820x946, map=BlankUnderground_04, map_ref=table: 000001B9D56EBAB8, mapdata_size=8192x8192, scale_x=1.3333333333333, scale_y=1.3333333333333, sequence=85, session=2, since_previous_ms=316, slot=2, source_tiles=6144x6144, spawned=2, stretched=2, total_ms=17375}
							Lua 0:01:59:504
[Super Big Map][LoadingTiming] PHASE_END Creating underground wonders {destination_tiles=8192x8192, duration_ms=478, environment=Surface, hex_size=820x946, map=BlankBigTerraceCMix_02, map_ref=table: 000001B9C9431C80, mapdata_size=8192x8192, ok=true, sequence=86, session=2, slot=1, source_tiles=6144x6144, total_ms=17375}
[Super Big Map][LoadingTiming] PHASE_BEGIN Finalizing reachable underground terrain {destination_tiles=8192x8192, environment=Surface, hex_size=820x946, map=BlankBigTerraceCMix_02, map_ref=table: 000001B9C9431C80, mapdata_size=8192x8192, sequence=87, session=2, slot=1, source_tiles=6144x6144, total_ms=17375}
							Lua 0:01:59:516
[Super Big Map][LoadingTiming] STEP BEGIN underground final RebuildPassability (before reachability and density) {destination_tiles=8192x8192, environment=Underground, hex_size=820x946, map=BlankUnderground_04, map_ref=table: 000001B9D56EBAB8, mapdata_size=8192x8192, sequence=88, session=2, since_previous_ms=13, slot=2, source_tiles=6144x6144, total_ms=17388}
							Lua 0:02:04:820
[Super Big Map][LoadingTiming] STEP END underground final RebuildPassability (before reachability and density) {begin_session=2, destination_tiles=8192x8192, duration_ms=5304, environment=Underground, error=, hex_size=820x946, map=BlankUnderground_04, map_ref=table: 000001B9D56EBAB8, mapdata_size=8192x8192, ok=true, sequence=89, session=2, since_previous_ms=5304, slot=2, source_tiles=6144x6144, total_ms=22692}
							Lua 0:02:04:832
[Super Big Map][LoadingTiming] PHASE_END Finalizing reachable underground terrain {destination_tiles=8192x8192, duration_ms=5329, environment=Surface, hex_size=820x946, map=BlankBigTerraceCMix_02, map_ref=table: 000001B9C9431C80, mapdata_size=8192x8192, ok=true, sequence=90, session=2, slot=1, source_tiles=6144x6144, total_ms=22704}
[Super Big Map][LoadingTiming] PHASE_BEGIN Rebuilding the final underground build grid {destination_tiles=8192x8192, environment=Surface, hex_size=820x946, map=BlankBigTerraceCMix_02, map_ref=table: 000001B9C9431C80, mapdata_size=8192x8192, sequence=91, session=2, slot=1, source_tiles=6144x6144, total_ms=22704}
[Super Big Map][LoadingTiming] STEP BEGIN underground final RebuildBuildableGrid (before reachability and density) {destination_tiles=8192x8192, environment=Underground, hex_size=820x946, map=BlankUnderground_04, map_ref=table: 000001B9D56EBAB8, mapdata_size=8192x8192, sequence=92, session=2, since_previous_ms=0, slot=2, source_tiles=6144x6144, total_ms=22704}
							Lua 0:02:05:227
Buildable grid ready: 1/20 valid zones.
[Super Big Map][LoadingTiming] STEP END underground final RebuildBuildableGrid (before reachability and density) {begin_session=2, destination_tiles=8192x8192, duration_ms=395, environment=Underground, error=, hex_size=820x946, map=BlankUnderground_04, map_ref=table: 000001B9D56EBAB8, mapdata_size=8192x8192, ok=true, sequence=93, session=2, since_previous_ms=395, slot=2, source_tiles=6144x6144, total_ms=23099}
[Super Big Map][LoadingTiming] PHASE_END Rebuilding the final underground build grid {destination_tiles=8192x8192, duration_ms=395, environment=Surface, hex_size=820x946, map=BlankBigTerraceCMix_02, map_ref=table: 000001B9C9431C80, mapdata_size=8192x8192, ok=true, sequence=94, session=2, slot=1, source_tiles=6144x6144, total_ms=23099}
							Lua 0:02:05:228
[Super Big Map][LoadingTiming] PHASE_BEGIN Aligning surface and underground passage entrances {destination_tiles=8192x8192, environment=Surface, hex_size=820x946, map=BlankBigTerraceCMix_02, map_ref=table: 000001B9C9431C80, mapdata_size=8192x8192, sequence=95, session=2, slot=1, source_tiles=6144x6144, total_ms=23099}
							Lua 0:02:05:323
[Super Big Map][LoadingTiming] PHASE_END Aligning surface and underground passage entrances {destination_tiles=8192x8192, duration_ms=96, environment=Surface, hex_size=820x946, map=BlankBigTerraceCMix_02, map_ref=table: 000001B9C9431C80, mapdata_size=8192x8192, ok=true, sequence=96, session=2, slot=1, source_tiles=6144x6144, total_ms=23195}
[Super Big Map][LoadingTiming] PHASE_BEGIN Activating underground passage markers {destination_tiles=8192x8192, environment=Surface, hex_size=820x946, map=BlankBigTerraceCMix_02, map_ref=table: 000001B9C9431C80, mapdata_size=8192x8192, sequence=97, session=2, slot=1, source_tiles=6144x6144, total_ms=23195}
							Lua 0:02:05:732
[Super Big Map][LoadingTiming] PHASE_END Activating underground passage markers {destination_tiles=8192x8192, duration_ms=409, environment=Surface, hex_size=820x946, map=BlankBigTerraceCMix_02, map_ref=table: 000001B9C9431C80, mapdata_size=8192x8192, ok=true, sequence=98, session=2, slot=1, source_tiles=6144x6144, total_ms=23604}
[Super Big Map][LoadingTiming] PHASE_BEGIN Restoring buried-wonder positions {destination_tiles=8192x8192, environment=Surface, hex_size=820x946, map=BlankBigTerraceCMix_02, map_ref=table: 000001B9C9431C80, mapdata_size=8192x8192, sequence=99, session=2, slot=1, source_tiles=6144x6144, total_ms=23604}
							Lua 0:02:05:733
[Super Big Map][LoadingTiming] STEP BEGIN underground reseat wonders before rare anomalies {destination_tiles=8192x8192, environment=Underground, hex_size=820x946, map=BlankUnderground_04, map_ref=table: 000001B9D56EBAB8, mapdata_size=8192x8192, sequence=100, session=2, since_previous_ms=0, slot=2, source_tiles=6144x6144, total_ms=23604}
							Lua 0:02:06:026
[Super Big Map][LoadingTiming] STEP underground pre-anomaly wonder reseat {checked=2, corrected=2, destination_tiles=8192x8192, details=BottomlessPit@499556,375652,8341->374667,281739,1000:target=374667,281739,1000:valid=true;AncientArtifact@611556,615823,1000->458667,461867,1000:target=458667,461867,1000:valid=true, environment=Underground, failures=0, grid_migrations=0, hex_size=820x946, map=BlankUnderground_04, map_ref=table: 000001B9D56EBAB8, mapdata_size=8192x8192, reason=after final grids immediately before rare-anomaly spawn, sequence=101, session=2, since_previous_ms=294, slot=2, source_tiles=6144x6144, total_ms=23898}
[Super Big Map][LoadingTiming] STEP END underground reseat wonders before rare anomalies {begin_session=2, checked=2, corrected=2, destination_tiles=8192x8192, details=BottomlessPit@499556,375652,8341->374667,281739,1000:target=374667,281739,1000:valid=true;AncientArtifact@611556,615823,1000->458667,461867,1000:target=458667,461867,1000:valid=true, duration_ms=294, environment=Underground, failures=0, grid_migrations=0, hex_size=820x946, map=BlankUnderground_04, map_ref=table: 000001B9D56EBAB8, mapdata_size=8192x8192, ok=true, reason=after final grids immediately before rare-anomaly spawn, sequence=102, session=2, since_previous_ms=0, slot=2, source_tiles=6144x6144, total_ms=23898}
[Super Big Map][LoadingTiming] PHASE_END Restoring buried-wonder positions {destination_tiles=8192x8192, duration_ms=294, environment=Surface, hex_size=820x946, map=BlankBigTerraceCMix_02, map_ref=table: 000001B9C9431C80, mapdata_size=8192x8192, ok=true, sequence=103, session=2, slot=1, source_tiles=6144x6144, total_ms=23898}
[Super Big Map][LoadingTiming] PHASE_BEGIN Settling underground grids before the wonder anomaly spawn {destination_tiles=8192x8192, environment=Surface, hex_size=820x946, map=BlankBigTerraceCMix_02, map_ref=table: 000001B9C9431C80, mapdata_size=8192x8192, sequence=104, session=2, slot=1, source_tiles=6144x6144, total_ms=23898}
							Lua 0:02:06:038
[Super Big Map][LoadingTiming] STEP BEGIN underground final RebuildPassability (before deferred wonder anomaly spawn) {destination_tiles=8192x8192, environment=Underground, hex_size=820x946, map=BlankUnderground_04, map_ref=table: 000001B9D56EBAB8, mapdata_size=8192x8192, sequence=105, session=2, since_previous_ms=12, slot=2, source_tiles=6144x6144, total_ms=23910}
							Lua 0:02:11:200
[Super Big Map][LoadingTiming] STEP END underground final RebuildPassability (before deferred wonder anomaly spawn) {begin_session=2, destination_tiles=8192x8192, duration_ms=5162, environment=Underground, error=, hex_size=820x946, map=BlankUnderground_04, map_ref=table: 000001B9D56EBAB8, mapdata_size=8192x8192, ok=true, sequence=106, session=2, since_previous_ms=5162, slot=2, source_tiles=6144x6144, total_ms=29072}
							Lua 0:02:11:211
[Super Big Map][LoadingTiming] PHASE_END Settling underground grids before the wonder anomaly spawn {destination_tiles=8192x8192, duration_ms=5185, environment=Surface, hex_size=820x946, map=BlankBigTerraceCMix_02, map_ref=table: 000001B9C9431C80, mapdata_size=8192x8192, ok=true, sequence=107, session=2, slot=1, source_tiles=6144x6144, total_ms=29083}
							Lua 0:02:11:212
[Super Big Map][LoadingTiming] PHASE_BEGIN Rebuilding the final underground build grid {destination_tiles=8192x8192, environment=Surface, hex_size=820x946, map=BlankBigTerraceCMix_02, map_ref=table: 000001B9C9431C80, mapdata_size=8192x8192, sequence=108, session=2, slot=1, source_tiles=6144x6144, total_ms=29083}
[Super Big Map][LoadingTiming] STEP BEGIN underground final RebuildBuildableGrid (before deferred wonder anomaly spawn) {destination_tiles=8192x8192, environment=Underground, hex_size=820x946, map=BlankUnderground_04, map_ref=table: 000001B9D56EBAB8, mapdata_size=8192x8192, sequence=109, session=2, since_previous_ms=1, slot=2, source_tiles=6144x6144, total_ms=29084}
							Lua 0:02:11:608
Buildable grid ready: 1/20 valid zones.
							Lua 0:02:11:609
[Super Big Map][LoadingTiming] STEP END underground final RebuildBuildableGrid (before deferred wonder anomaly spawn) {begin_session=2, destination_tiles=8192x8192, duration_ms=396, environment=Underground, error=, hex_size=820x946, map=BlankUnderground_04, map_ref=table: 000001B9D56EBAB8, mapdata_size=8192x8192, ok=true, sequence=110, session=2, since_previous_ms=396, slot=2, source_tiles=6144x6144, total_ms=29480}
[Super Big Map][LoadingTiming] PHASE_END Rebuilding the final underground build grid {destination_tiles=8192x8192, duration_ms=398, environment=Surface, hex_size=820x946, map=BlankBigTerraceCMix_02, map_ref=table: 000001B9C9431C80, mapdata_size=8192x8192, ok=true, sequence=111, session=2, slot=1, source_tiles=6144x6144, total_ms=29481}
[Super Big Map][LoadingTiming] PHASE_BEGIN Activating underground wonder anomalies {destination_tiles=8192x8192, environment=Surface, hex_size=820x946, map=BlankBigTerraceCMix_02, map_ref=table: 000001B9C9431C80, mapdata_size=8192x8192, sequence=112, session=2, slot=1, source_tiles=6144x6144, total_ms=29481}
[Super Big Map][LoadingTiming] STEP BEGIN underground activate buried wonder anomalies {destination_tiles=8192x8192, environment=Underground, hex_size=820x946, map=BlankUnderground_04, map_ref=table: 000001B9D56EBAB8, mapdata_size=8192x8192, sequence=113, session=2, since_previous_ms=0, slot=2, source_tiles=6144x6144, total_ms=29481}
							Lua 0:02:11:989
[Super Big Map][LoadingTiming] STEP underground buried wonder anomaly audit {city_labels_pending_gameinit=2, city_labels_ready=0, classes=AncientArtifact=1,BottomlessPit=1, destination_tiles=8192x8192, environment=Underground, error=, existing=0, expected=2, failures=0, hex_size=820x946, linked_markers=2, map=BlankUnderground_04, map_ref=table: 000001B9D56EBAB8, mapdata_size=8192x8192, markers=AncientArtifact@458667,461867;BottomlessPit@390000,275388, reason=after final grids and passage activation, sequence=114, session=2, since_previous_ms=380, slot=2, source_tiles=6144x6144, spawned=2, total_ms=29861, wonders=2}
[Super Big Map][LoadingTiming] STEP END underground activate buried wonder anomalies {begin_session=2, city_labels_pending_gameinit=2, city_labels_ready=0, classes=AncientArtifact=1,BottomlessPit=1, destination_tiles=8192x8192, duration_ms=380, environment=Underground, error=, existing=0, expected=2, failures=0, hex_size=820x946, linked_markers=2, map=BlankUnderground_04, map_ref=table: 000001B9D56EBAB8, mapdata_size=8192x8192, markers=AncientArtifact@458667,461867;BottomlessPit@390000,275388, ok=true, reason=after final grids and passage activation, sequence=115, session=2, since_previous_ms=0, slot=2, source_tiles=6144x6144, spawned=2, total_ms=29861, wonders=2}
							Lua 0:02:11:991
[Super Big Map][LoadingTiming] PHASE_END Activating underground wonder anomalies {destination_tiles=8192x8192, duration_ms=382, environment=Surface, hex_size=820x946, map=BlankBigTerraceCMix_02, map_ref=table: 000001B9C9431C80, mapdata_size=8192x8192, ok=true, sequence=116, session=2, slot=1, source_tiles=6144x6144, total_ms=29863}
							Lua 0:02:11:992
[Super Big Map][LoadingTiming] PHASE_BEGIN Positioning buried-wonder anomalies on reachable terrain {destination_tiles=8192x8192, environment=Surface, hex_size=820x946, map=BlankBigTerraceCMix_02, map_ref=table: 000001B9C9431C80, mapdata_size=8192x8192, sequence=117, session=2, slot=1, source_tiles=6144x6144, total_ms=29863}
[Super Big Map][LoadingTiming] STEP BEGIN underground repair buried wonder anomaly reachability {destination_tiles=8192x8192, environment=Underground, hex_size=820x946, map=BlankUnderground_04, map_ref=table: 000001B9D56EBAB8, mapdata_size=8192x8192, sequence=118, session=2, since_previous_ms=1, slot=2, source_tiles=6144x6144, total_ms=29864}
							Lua 0:02:12:019
[Super Big Map][LoadingTiming] STEP END underground repair buried wonder anomaly reachability {begin_session=2, candidate_badge_occupied=0, candidate_impassable=0, candidate_nonflat=0, candidate_obstructed=0, candidate_out_of_bounds=0, candidate_reserved=0, candidate_strict_valid=0, candidate_terrain_valid=0, candidate_unbuildable=0, candidates_tested=0, checked=2, connectivity_cache_checks=2, connectivity_cache_rejected=1, connectivity_checks=0, connectivity_failures=0, destination_tiles=8192x8192, details=BottomlessPit=valid:marker_world=390000,275388:spawner_world=374667,281739:marker_hex=231,318:spawner_hex=212,325:distance=19:terrain_ok=true:buildable=true:buildable_z=1000:unbuildable_z=65535:passable=true:flatness=4096:flat_min=4080:unobstructed=true:reserved=false:badge_overlap=false:entrance_connected=false:base_ok=true:local_ok=true:accepted_fallback=false:fresh_terrain_ok=true:fresh_base_ok=true:fresh_buildable=true:fresh_buildable_z=1000:fresh_passable=true:fresh_flatness=4096:fresh_unobstructed=true;AncientArtifact=valid:marker_world=458667,461867:spawner_world=458667,461867:marker_hex=192,533:spawner_hex=192,533:distance=0:terrain_ok=true:buildable=true:buildable_z=1000:unbuildable_z=65535:passable=true:flatness=4096:flat_min=4080:unobstructed=true:reserved=true:badge_overlap=false:entrance_connected=true:base_ok=true:local_ok=true:accepted_fallback=false:fresh_terrain_ok=true:fresh_base_ok=true:fresh_buildable=true:fresh_buildable_z=1000:fresh_passable=true:fresh_flatness=4096:fresh_unobstructed=true, duration_ms=26, entrance_disconnected=1, environment=Underground, hex_size=820x946, invalid=0, map=BlankUnderground_04, map_ref=table: 000001B9D56EBAB8, mapdata_size=8192x8192, markers=2, max_search_radius=160, moved=0, ok=true, overlaps=0, ring_diagnostics=, sequence=119, session=2, since_previous_ms=26, slot=2, source_tiles=6144x6144, terrain_fallbacks=0, terrain_invalid=0, too_far=0, total_ms=29890, unreachable=0, unresolved=0, valid=2}
[Super Big Map][LoadingTiming] STEP BEGIN underground suspend removable rubble walls {destination_tiles=8192x8192, environment=Underground, hex_size=820x946, map=BlankUnderground_04, map_ref=table: 000001B9D56EBAB8, mapdata_size=8192x8192, sequence=120, session=2, since_previous_ms=1, slot=2, source_tiles=6144x6144, total_ms=29891}
							Lua 0:02:12:053
[Super Big Map][LoadingTiming] STEP END underground suspend removable rubble walls {active=true, begin_session=2, destination_tiles=8192x8192, discovered=55, duration_ms=34, environment=Underground, hex_size=820x946, map=BlankUnderground_04, map_ref=table: 000001B9D56EBAB8, mapdata_size=8192x8192, ok=true, sequence=121, session=2, since_previous_ms=34, slot=2, source_tiles=6144x6144, total_ms=29925, walls=55}
[Super Big Map][LoadingTiming] PHASE_END Positioning buried-wonder anomalies on reachable terrain {destination_tiles=8192x8192, duration_ms=62, environment=Surface, hex_size=820x946, map=BlankBigTerraceCMix_02, map_ref=table: 000001B9C9431C80, mapdata_size=8192x8192, ok=true, sequence=122, session=2, slot=1, source_tiles=6144x6144, total_ms=29925}
[Super Big Map][LoadingTiming] PHASE_BEGIN Distributing underground resources and anomalies {destination_tiles=8192x8192, environment=Surface, hex_size=820x946, map=BlankBigTerraceCMix_02, map_ref=table: 000001B9C9431C80, mapdata_size=8192x8192, sequence=123, session=2, slot=1, source_tiles=6144x6144, total_ms=29925}
[Super Big Map][LoadingTiming] STEP BEGIN underground top-up resources {destination_tiles=8192x8192, environment=Underground, hex_size=820x946, map=BlankUnderground_04, map_ref=table: 000001B9D56EBAB8, mapdata_size=8192x8192, sequence=124, session=2, since_previous_ms=0, slot=2, source_tiles=6144x6144, total_ms=29925}
							Lua 0:02:12:074
[Super Big Map][UndergroundTopUpCandidateCache] sectors=126 buildable=126 empty=274 unknown=0 active=true
							Lua 0:02:16:602
[Super Big Map][UndergroundTopUpFallback] kind=resources count=10 strategy=maximin_spacing_with_sector_diversity eligible_sectors=8 selected_sectors=8 max_per_sector=2 min_spacing_world=3008 min_spacing_hex=3 required_spacing_hex=6 clearance_rejections=8 relaxed_selected=5
[Super Big Map][TopUpCandidatePool] kind=resources target=0 valid=70 sampled=1573 deferred=241 promoted=20 added=63 sequential=true surface_sector_filter=false buildable_sectors=0 unbuildable_sectors=0 unknown_sectors=0 selector_load_cache_reuses=0 planned_sector_fast_path=1573 deferred_reachability=false reachability_checks=0 reachability_rejections=0 remaining=0
[Super Big Map][LoadingTiming] STEP END underground top-up resources {begin_session=2, destination_tiles=8192x8192, duration_ms=4549, environment=Underground, first_result=nil, hex_size=820x946, map=BlankUnderground_04, map_ref=table: 000001B9D56EBAB8, mapdata_size=8192x8192, ok=true, sequence=125, session=2, since_previous_ms=4549, slot=2, source_tiles=6144x6144, total_ms=34474}
[Super Big Map][LoadingTiming] STEP BEGIN underground top-up anomalies {destination_tiles=8192x8192, environment=Underground, hex_size=820x946, map=BlankUnderground_04, map_ref=table: 000001B9D56EBAB8, mapdata_size=8192x8192, sequence=126, session=2, since_previous_ms=0, slot=2, source_tiles=6144x6144, total_ms=34474}
							Lua 0:02:19:687
[Super Big Map][AnomalyTopUp] source=breakthrough:2|complete:2|other:21|sequence:6|unlock:5 target=breakthrough:2|complete:4|other:21|sequence:9|unlock:9 final=breakthrough:2|complete:4|other:21|sequence:9|unlock:9 added=complete:2|sequence:3|unlock:4 added_total=9 remaining=0 candidates=82 sampled=753 mountain_base=0/0 base_quota_shortfall=0 reused=true sequential=true deferred_reachability=false reachability_checks=0 reachability_rejections=0
[Super Big Map][UndergroundTopUpFallback] kind=anomalies count=4 strategy=maximin_spacing_with_sector_diversity eligible_sectors=24 selected_sectors=1 max_per_sector=1 min_spacing_world=14315 min_spacing_hex=15 required_spacing_hex=6 clearance_rejections=0 relaxed_selected=0
[Super Big Map][LoadingTiming] STEP END underground top-up anomalies {begin_session=2, destination_tiles=8192x8192, duration_ms=3085, environment=Underground, first_result=nil, hex_size=820x946, map=BlankUnderground_04, map_ref=table: 000001B9D56EBAB8, mapdata_size=8192x8192, ok=true, sequence=127, session=2, since_previous_ms=3085, slot=2, source_tiles=6144x6144, total_ms=37559}
[Super Big Map][LoadingTiming] STEP BEGIN underground top-up effect deposits {destination_tiles=8192x8192, environment=Underground, hex_size=820x946, map=BlankUnderground_04, map_ref=table: 000001B9D56EBAB8, mapdata_size=8192x8192, sequence=128, session=2, since_previous_ms=0, slot=2, source_tiles=6144x6144, total_ms=37559}
							Lua 0:02:19:716
[Super Big Map][TopUpCandidatePool] kind=effects valid=73 sampled=0 reused=true sequential=true shared_samples=2326 sector_samples=2326 whole_map_samples=0 shared_published=145 deferred_reachability=false reachability_checks=0 reachability_rejections=0 exclusion_ring=0 ring_rejected=0 remaining=0
[Super Big Map][LoadingTiming] STEP END underground top-up effect deposits {begin_session=2, destination_tiles=8192x8192, duration_ms=29, environment=Underground, first_result=nil, hex_size=820x946, map=BlankUnderground_04, map_ref=table: 000001B9D56EBAB8, mapdata_size=8192x8192, ok=true, sequence=129, session=2, since_previous_ms=29, slot=2, source_tiles=6144x6144, total_ms=37588}
[Super Big Map][LoadingTiming] STEP BEGIN underground restore removable rubble walls {destination_tiles=8192x8192, environment=Underground, hex_size=820x946, map=BlankUnderground_04, map_ref=table: 000001B9D56EBAB8, mapdata_size=8192x8192, sequence=130, session=2, since_previous_ms=0, slot=2, source_tiles=6144x6144, total_ms=37588}
							Lua 0:02:19:733
[Super Big Map][LoadingTiming] STEP END underground restore removable rubble walls {active=true, begin_session=2, destination_tiles=8192x8192, duration_ms=17, environment=Underground, error=, hex_size=820x946, map=BlankUnderground_04, map_ref=table: 000001B9D56EBAB8, mapdata_size=8192x8192, ok=true, relocation_handoff_candidates=70, sequence=131, session=2, since_previous_ms=17, slot=2, source_tiles=6144x6144, total_ms=37605, wall_aware_shared_candidates=0, walls=55}
[Super Big Map][LoadingTiming] STEP BEGIN underground register top-up markers {destination_tiles=8192x8192, environment=Underground, hex_size=820x946, map=BlankUnderground_04, map_ref=table: 000001B9D56EBAB8, mapdata_size=8192x8192, sequence=132, session=2, since_previous_ms=0, slot=2, source_tiles=6144x6144, total_ms=37605}
[Super Big Map][LoadingTiming] STEP END underground register top-up markers {begin_session=2, destination_tiles=8192x8192, duration_ms=0, environment=Underground, first_result=nil, hex_size=820x946, map=BlankUnderground_04, map_ref=table: 000001B9D56EBAB8, mapdata_size=8192x8192, ok=true, sequence=133, session=2, since_previous_ms=0, slot=2, source_tiles=6144x6144, total_ms=37605}
[Super Big Map][LoadingTiming] PHASE_END Distributing underground resources and anomalies {destination_tiles=8192x8192, duration_ms=7680, environment=Surface, hex_size=820x946, map=BlankBigTerraceCMix_02, map_ref=table: 000001B9C9431C80, mapdata_size=8192x8192, ok=true, sequence=134, session=2, slot=1, source_tiles=6144x6144, total_ms=37605}
[Super Big Map][LoadingTiming] PHASE_BEGIN Moving underground enrichments onto reachable terrain {destination_tiles=8192x8192, environment=Surface, hex_size=820x946, map=BlankBigTerraceCMix_02, map_ref=table: 000001B9C9431C80, mapdata_size=8192x8192, sequence=135, session=2, slot=1, source_tiles=6144x6144, total_ms=37605}
							Lua 0:02:19:734
[Super Big Map][LoadingTiming] STEP BEGIN underground relocate unreachable enrichments {destination_tiles=8192x8192, environment=Underground, hex_size=820x946, map=BlankUnderground_04, map_ref=table: 000001B9D56EBAB8, mapdata_size=8192x8192, sequence=136, session=2, since_previous_ms=1, slot=2, source_tiles=6144x6144, total_ms=37606}
							Lua 0:02:20:075
[Super Big Map][LoadingTiming] STEP END underground relocate unreachable enrichments {begin_session=2, candidates_built=70, candidates_reused=70, destination_tiles=8192x8192, duration_ms=341, environment=Underground, fallback_clearance_minimum_move=22, fallback_clearance_relaxed_moves=0, hex_size=820x946, invalid_by_class=SubsurfaceDepositMarker=2, invalid_by_resource=Metals=1 PreciousMetals=1, invalid_details=SubsurfaceDepositMarker/PreciousMetals:world=345500,281450,1000:hex=183,325:sector=B6:reason=impassable:flags=wonder_conflict:buildable=true:passable=false:flatness=4096:unobstructed=true:reachable=false:reserved=false;SubsurfaceDepositMarker/Metals:world=470500,458114,1000:hex=206,529:sector=?11:reason=entrance_unreachable:flags=wonder_conflict:buildable=true:passable=true:flatness=4096:unobstructed=true:reachable=false:reserved=false, map=BlankUnderground_04, map_ref=table: 000001B9D56EBAB8, mapdata_size=8192x8192, missing_repulsion_profile=0, moved=2, moved_by_class=SubsurfaceDepositMarker=2, ok=true, relocation_attempts=28, relocation_details=SubsurfaceDepositMarker/PreciousMetals:world=345500,281450,1000:hex=183,325:sector=B6:reason=impassable:flags=wonder_conflict:buildable=true:passable=false:flatness=4096:unobstructed=true:reachable=false:reserved=false:result=moved:attempts=2:to_world=433566,468905:snapped_rejected=0:repulsion_rejected=1:setpos_failed=0:postmove_rejected=0:fallback_clearance_hex=89;SubsurfaceDepositMarker/Metals:world=470500,458114,1000:hex=206,529:sector=?11:reason=entrance_unreachable:flags=wonder_conflict:buildable=true:passable=true:flatness=4096:unobstructed=true:reachable=false:reserved=false:result=moved:attempts=26:to_world=330253,493837:snapped_rejected=0:repulsion_rejected=25:setpos_failed=0:postmove_rejected=0:fallback_clearance_hex=22, repulsion_rejected=26, sequence=137, session=2, since_previous_ms=341, slot=2, source_tiles=6144x6144, strict_first_rejection=, strict_last_rejection=, topup_only_first_rejection=repulsion:candidate=subs/PreciousMetals@4318462477:blocker=SubsurfaceDepositMarker/PreciousMetals/topup@4314792446:required=38400:actual=37550, topup_only_last_rejection=repulsion:candidate=subs/Metals@4339958138:blocker=SubsurfaceDepositMarker/Water/topup@4339040635:required=9600:actual=6692, total_ms=37947, unresolved=0, unresolved_by_class=, unresolved_by_resource=, unresolved_details=}
[Super Big Map][LoadingTiming] STEP BEGIN underground resolve marker overlaps {destination_tiles=8192x8192, environment=Underground, hex_size=820x946, map=BlankUnderground_04, map_ref=table: 000001B9D56EBAB8, mapdata_size=8192x8192, sequence=138, session=2, since_previous_ms=0, slot=2, source_tiles=6144x6144, total_ms=37947}
							Lua 0:02:20:089
[Super Big Map][LoadingTiming] STEP END underground resolve marker overlaps {begin_session=2, destination_tiles=8192x8192, duration_ms=14, environment=Underground, first_result=0, hex_size=820x946, map=BlankUnderground_04, map_ref=table: 000001B9D56EBAB8, mapdata_size=8192x8192, ok=true, sequence=139, session=2, since_previous_ms=14, slot=2, source_tiles=6144x6144, total_ms=37961}
[Super Big Map][LoadingTiming] STEP BEGIN underground verify wonder-enrichment exclusion {destination_tiles=8192x8192, environment=Underground, hex_size=820x946, map=BlankUnderground_04, map_ref=table: 000001B9D56EBAB8, mapdata_size=8192x8192, sequence=140, session=2, since_previous_ms=0, slot=2, source_tiles=6144x6144, total_ms=37961}
							Lua 0:02:20:093
[Super Big Map][LoadingTiming] STEP END underground verify wonder-enrichment exclusion {begin_session=2, checked=195, destination_tiles=8192x8192, duration_ms=3, environment=Underground, hex_size=820x946, map=BlankUnderground_04, map_ref=table: 000001B9D56EBAB8, mapdata_size=8192x8192, native=120, ok=true, overlaps=0, sequence=141, session=2, since_previous_ms=3, slot=2, source_tiles=6144x6144, topups=75, total_ms=37964, wonder_owned_rare_anomalies=2}
[Super Big Map][LoadingTiming] STEP BEGIN underground final buried wonder anomaly reachability audit {destination_tiles=8192x8192, environment=Underground, hex_size=820x946, map=BlankUnderground_04, map_ref=table: 000001B9D56EBAB8, mapdata_size=8192x8192, sequence=142, session=2, since_previous_ms=1, slot=2, source_tiles=6144x6144, total_ms=37965}
							Lua 0:02:20:119
[Super Big Map][LoadingTiming] STEP END underground final buried wonder anomaly reachability audit {begin_session=2, candidate_badge_occupied=0, candidate_impassable=0, candidate_nonflat=0, candidate_obstructed=0, candidate_out_of_bounds=0, candidate_reserved=0, candidate_strict_valid=0, candidate_terrain_valid=0, candidate_unbuildable=0, candidates_tested=0, checked=2, connectivity_cache_checks=75, connectivity_cache_rejected=3, connectivity_checks=0, connectivity_failures=0, destination_tiles=8192x8192, details=BottomlessPit=valid:marker_world=390000,275388:spawner_world=374667,281739:marker_hex=231,318:spawner_hex=212,325:distance=19:terrain_ok=true:buildable=true:buildable_z=1000:unbuildable_z=65535:passable=true:flatness=4096:flat_min=4080:unobstructed=true:reserved=false:badge_overlap=false:entrance_connected=false:base_ok=true:local_ok=true:accepted_fallback=false:fresh_terrain_ok=true:fresh_base_ok=true:fresh_buildable=true:fresh_buildable_z=1000:fresh_passable=true:fresh_flatness=4096:fresh_unobstructed=true;AncientArtifact=valid:marker_world=458667,461867:spawner_world=458667,461867:marker_hex=192,533:spawner_hex=192,533:distance=0:terrain_ok=true:buildable=true:buildable_z=1000:unbuildable_z=65535:passable=true:flatness=4096:flat_min=4080:unobstructed=true:reserved=true:badge_overlap=false:entrance_connected=true:base_ok=true:local_ok=true:accepted_fallback=false:fresh_terrain_ok=true:fresh_base_ok=true:fresh_buildable=true:fresh_buildable_z=1000:fresh_passable=true:fresh_flatness=4096:fresh_unobstructed=true, duration_ms=26, entrance_disconnected=1, environment=Underground, hex_size=820x946, invalid=0, map=BlankUnderground_04, map_ref=table: 000001B9D56EBAB8, mapdata_size=8192x8192, markers=2, max_search_radius=160, moved=0, ok=true, overlaps=0, ring_diagnostics=, sequence=143, session=2, since_previous_ms=26, slot=2, source_tiles=6144x6144, terrain_fallbacks=0, terrain_invalid=0, too_far=0, total_ms=37991, unreachable=0, unresolved=0, valid=2}
							Lua 0:02:20:120
[Super Big Map][LoadingTiming] STEP BEGIN underground final buried wonder anomaly audit {destination_tiles=8192x8192, environment=Underground, hex_size=820x946, map=BlankUnderground_04, map_ref=table: 000001B9D56EBAB8, mapdata_size=8192x8192, sequence=144, session=2, since_previous_ms=0, slot=2, source_tiles=6144x6144, total_ms=37991}
							Lua 0:02:20:121
[Super Big Map][LoadingTiming] STEP underground buried wonder anomaly audit {city_labels_pending_gameinit=2, city_labels_ready=0, classes=AncientArtifact=1,BottomlessPit=1, destination_tiles=8192x8192, environment=Underground, error=, existing=2, expected=2, failures=0, hex_size=820x946, linked_markers=2, map=BlankUnderground_04, map_ref=table: 000001B9D56EBAB8, mapdata_size=8192x8192, markers=AncientArtifact@458667,461867;BottomlessPit@390000,275388, reason=after final enrichment relocation, sequence=145, session=2, since_previous_ms=2, slot=2, source_tiles=6144x6144, spawned=0, total_ms=37993, wonders=2}
[Super Big Map][LoadingTiming] STEP END underground final buried wonder anomaly audit {begin_session=2, city_labels_pending_gameinit=2, city_labels_ready=0, classes=AncientArtifact=1,BottomlessPit=1, destination_tiles=8192x8192, duration_ms=2, environment=Underground, error=, existing=2, expected=2, failures=0, hex_size=820x946, linked_markers=2, map=BlankUnderground_04, map_ref=table: 000001B9D56EBAB8, mapdata_size=8192x8192, markers=AncientArtifact@458667,461867;BottomlessPit@390000,275388, ok=true, reason=after final enrichment relocation, sequence=146, session=2, since_previous_ms=0, slot=2, source_tiles=6144x6144, spawned=0, total_ms=37993, wonders=2}
							Lua 0:02:20:122
[Super Big Map][LoadingTiming] STEP BEGIN underground hard repulsion audit {destination_tiles=8192x8192, environment=Underground, hex_size=820x946, map=BlankUnderground_04, map_ref=table: 000001B9D56EBAB8, mapdata_size=8192x8192, sequence=147, session=2, since_previous_ms=0, slot=2, source_tiles=6144x6144, total_ms=37993}
							Lua 0:02:20:205
[Super Big Map][LoadingTiming] STEP END underground hard repulsion audit {anomaly_shortfall=0, begin_session=2, density_status=resources=true anomalies=true effects=true, destination_tiles=8192x8192, duplicate_hex_pairs=0, duration_ms=84, effect_shortfall=0, environment=Underground, first_duplicate_hex_pair=, first_underground_fallback_spacing_violation=SurfaceDepositMarker|318:452|SurfaceDepositMarker|321:452|preferred=6|actual=3, first_violation=, hex_size=820x946, map=BlankUnderground_04, map_ref=table: 000001B9D56EBAB8, mapdata_size=8192x8192, markers=197, ok=true, resource_ignored_rubble_walls=55, resource_shortfall=0, sequence=148, session=2, since_previous_ms=84, slot=2, source_tiles=6144x6144, topups=75, total_ms=38077, underground_density_fallback_topups=14, underground_fallback_actual_min_hex_distance=3, underground_fallback_actual_min_spacing_world=3008, underground_fallback_max_per_sector=2, underground_fallback_min_selected_spacing_world=3008, underground_fallback_relaxed_topups=5, underground_fallback_required_min_hex_distance=6, underground_fallback_sectors=11, underground_fallback_spacing_violations=7, underground_well_spaced_fallback_topups=14, violations=0, wall_aware_shared_candidates=0}
[Super Big Map][LoadingTiming] STEP BEGIN diagnostic underground enrichment audit {destination_tiles=8192x8192, environment=Underground, hex_size=820x946, map=BlankUnderground_04, map_ref=table: 000001B9D56EBAB8, mapdata_size=8192x8192, sequence=149, session=2, since_previous_ms=0, slot=2, source_tiles=6144x6144, total_ms=38077}
[Super Big Map][LoadingTiming] STEP END diagnostic underground enrichment audit {audit_ok=true, begin_session=2, destination_tiles=8192x8192, duration_ms=0, environment=Underground, error=, hex_size=820x946, map=BlankUnderground_04, map_ref=table: 000001B9D56EBAB8, mapdata_size=8192x8192, ok=true, sequence=150, session=2, since_previous_ms=0, slot=2, source_tiles=6144x6144, total_ms=38077}
							Lua 0:02:20:206
[Super Big Map][LoadingTiming] PHASE_END Moving underground enrichments onto reachable terrain {destination_tiles=8192x8192, duration_ms=472, environment=Surface, hex_size=820x946, map=BlankBigTerraceCMix_02, map_ref=table: 000001B9C9431C80, mapdata_size=8192x8192, ok=true, sequence=151, session=2, slot=1, source_tiles=6144x6144, total_ms=38077}
[Super Big Map][LoadingTiming] PHASE_BEGIN Completing buried-wonder spawn effects {destination_tiles=8192x8192, environment=Surface, hex_size=820x946, map=BlankBigTerraceCMix_02, map_ref=table: 000001B9C9431C80, mapdata_size=8192x8192, sequence=152, session=2, slot=1, source_tiles=6144x6144, total_ms=38077}
[Super Big Map][LoadingTiming] STEP BEGIN underground run buried wonder GameInit {destination_tiles=8192x8192, environment=Underground, hex_size=820x946, map=BlankUnderground_04, map_ref=table: 000001B9D56EBAB8, mapdata_size=8192x8192, sequence=153, session=2, since_previous_ms=1, slot=2, source_tiles=6144x6144, total_ms=38078}
							Lua 0:02:20:214
[Super Big Map][LoadingTiming] STEP underground buried wonder spawn lifecycle completed {already_initialized=0, attaches_added=3, destination_tiles=8192x8192, environment=Underground, error=, failures=0, hex_size=820x946, map=BlankUnderground_04, map_ref=table: 000001B9D56EBAB8, mapdata_size=8192x8192, ran=2, reason=after final grids, anomalies and enrichment placement, sequence=154, session=2, since_previous_ms=8, slot=2, source_tiles=6144x6144, total_ms=38086, wonders=2}
[Super Big Map][LoadingTiming] STEP END underground run buried wonder GameInit {already_initialized=0, attaches_added=3, begin_session=2, destination_tiles=8192x8192, duration_ms=8, environment=Underground, error=, failures=0, hex_size=820x946, map=BlankUnderground_04, map_ref=table: 000001B9D56EBAB8, mapdata_size=8192x8192, ok=true, ran=2, reason=after final grids, anomalies and enrichment placement, sequence=155, session=2, since_previous_ms=0, slot=2, source_tiles=6144x6144, total_ms=38086, wonders=2}
							Lua 0:02:20:215
[Super Big Map][LoadingTiming] PHASE_END Completing buried-wonder spawn effects {destination_tiles=8192x8192, duration_ms=10, environment=Surface, hex_size=820x946, map=BlankBigTerraceCMix_02, map_ref=table: 000001B9C9431C80, mapdata_size=8192x8192, ok=true, sequence=156, session=2, slot=1, source_tiles=6144x6144, total_ms=38087}
[Super Big Map][LoadingTiming] PHASE_BEGIN Finalizing underground gameplay grids {destination_tiles=8192x8192, environment=Surface, hex_size=820x946, map=BlankBigTerraceCMix_02, map_ref=table: 000001B9C9431C80, mapdata_size=8192x8192, sequence=157, session=2, slot=1, source_tiles=6144x6144, total_ms=38087}
							Lua 0:02:20:226
[Super Big Map][LoadingTiming] STEP BEGIN underground final RebuildPassability (after last object-grid transaction) {destination_tiles=8192x8192, environment=Underground, hex_size=820x946, map=BlankUnderground_04, map_ref=table: 000001B9D56EBAB8, mapdata_size=8192x8192, sequence=158, session=2, since_previous_ms=11, slot=2, source_tiles=6144x6144, total_ms=38098}
							Lua 0:02:25:454
[Super Big Map][LoadingTiming] STEP END underground final RebuildPassability (after last object-grid transaction) {begin_session=2, destination_tiles=8192x8192, duration_ms=5228, environment=Underground, error=, hex_size=820x946, map=BlankUnderground_04, map_ref=table: 000001B9D56EBAB8, mapdata_size=8192x8192, ok=true, sequence=159, session=2, since_previous_ms=5228, slot=2, source_tiles=6144x6144, total_ms=43326}
							Lua 0:02:25:466
[Super Big Map][LoadingTiming] PHASE_END Finalizing underground gameplay grids {destination_tiles=8192x8192, duration_ms=5251, environment=Surface, hex_size=820x946, map=BlankBigTerraceCMix_02, map_ref=table: 000001B9C9431C80, mapdata_size=8192x8192, ok=true, sequence=160, session=2, slot=1, source_tiles=6144x6144, total_ms=43338}
[Super Big Map][LoadingTiming] PHASE_BEGIN Rebuilding the final underground build grid {destination_tiles=8192x8192, environment=Surface, hex_size=820x946, map=BlankBigTerraceCMix_02, map_ref=table: 000001B9C9431C80, mapdata_size=8192x8192, sequence=161, session=2, slot=1, source_tiles=6144x6144, total_ms=43338}
[Super Big Map][LoadingTiming] STEP BEGIN underground final RebuildBuildableGrid (after last object-grid transaction) {destination_tiles=8192x8192, environment=Underground, hex_size=820x946, map=BlankUnderground_04, map_ref=table: 000001B9D56EBAB8, mapdata_size=8192x8192, sequence=162, session=2, since_previous_ms=0, slot=2, source_tiles=6144x6144, total_ms=43338}
							Lua 0:02:25:862
Buildable grid ready: 1/20 valid zones.
[Super Big Map][LoadingTiming] STEP END underground final RebuildBuildableGrid (after last object-grid transaction) {begin_session=2, destination_tiles=8192x8192, duration_ms=396, environment=Underground, error=, hex_size=820x946, map=BlankUnderground_04, map_ref=table: 000001B9D56EBAB8, mapdata_size=8192x8192, ok=true, sequence=163, session=2, since_previous_ms=396, slot=2, source_tiles=6144x6144, total_ms=43734}
[Super Big Map][LoadingTiming] STEP END underground expansion pipeline {begin_session=2, destination_tiles=8192x8192, duration_ms=36696, elevator_migrations=0, environment=Underground, error=, hex_size=820x946, map=BlankUnderground_04, map_ref=table: 000001B9D56EBAB8, mapdata_size=8192x8192, ok=true, sequence=164, session=2, since_previous_ms=0, slot=2, source_tiles=6144x6144, total_ms=43734}
							Lua 0:02:25:948
[Super Big Map][LoadingTiming] STEP derived object provenance recorded {derived=8, destination_tiles=8192x8192, environment=Underground, error=, hex_size=820x946, map=BlankUnderground_04, map_ref=table: 000001B9D56EBAB8, mapdata_size=8192x8192, reason=underground preparation complete, sequence=165, session=2, since_previous_ms=86, slot=2, source_tiles=6144x6144, total_ms=43820, unresolved=1040}
							Lua 0:02:25:959
[Super Big Map][LoadingTiming] PHASE_END Rebuilding the final underground build grid {destination_tiles=8192x8192, duration_ms=493, environment=Surface, hex_size=820x946, map=BlankBigTerraceCMix_02, map_ref=table: 000001B9C9431C80, mapdata_size=8192x8192, ok=true, sequence=166, session=2, slot=1, source_tiles=6144x6144, total_ms=43831}
[Super Big Map][LoadingTiming] PHASE_BEGIN Opening the completed underground map {destination_tiles=8192x8192, environment=Surface, hex_size=820x946, map=BlankBigTerraceCMix_02, map_ref=table: 000001B9C9431C80, mapdata_size=8192x8192, sequence=167, session=2, slot=1, source_tiles=6144x6144, total_ms=43831}
							Lua 0:02:25:962
[DebugAdapter] New connection to DebugAddapter 127.0.0.1:54254
[DebugAdapter] Connection lost to 127.0.0.1:54254 
							Lua 0:02:26:200
[Super Big Map][LoadingTiming] STEP lifecycle: CurrentMapChangeDone {destination_tiles=8192x8192, environment=Underground, hex_size=820x946, map=BlankUnderground_04, map_ref=table: 000001B9D56EBAB8, map_slot=2, mapdata_size=8192x8192, sequence=168, session=2, since_previous_ms=241, slot=2, source_tiles=6144x6144, total_ms=44072}
							Lua 0:02:26:204
[Super Big Map][LoadingTiming] STEP prefab feature game logic correspondence {actual_safari=0, created_safari=0, destination_tiles=8192x8192, environment=Underground, expected_safari=0, hex_size=820x946, map=BlankUnderground_04, map_ref=table: 000001B9D56EBAB8, mapdata_size=8192x8192, markers=0, matched_safari=0, removed_orphan_safari=0, replayed_markers=0, sequence=169, session=2, since_previous_ms=4, slot=2, source_tiles=6144x6144, total_ms=44076}
[Super Big Map][LoadingTiming] STEP lifecycle: UndergroundDarknessState {after=90, before=90, destination_tiles=8192x8192, environment=Underground, forced_reveal=false, hex_size=820x946, map=BlankUnderground_04, map_ref=table: 000001B9D56EBAB8, mapdata_size=8192x8192, sequence=170, session=2, since_previous_ms=0, slot=2, source_tiles=6144x6144, total_ms=44076}
							Lua 0:02:27:864
[Super Big Map][LoadingTiming] STEP underground buried wonder lifecycle reseat instance {class=BottomlessPit, destination_tiles=8192x8192, environment=Underground, footprint_samples=2064, hex_size=820x946, map=BlankUnderground_04, map_ref=table: 000001B9D56EBAB8, mapdata_size=8192x8192, object_ok=true, object_x=374667, object_y=281739, object_z=1000, reason=CurrentMapChangeDone after Lifecycle.Apply, sequence=171, session=2, since_previous_ms=1660, slot=2, source_tiles=6144x6144, target_x=374667, target_y=281739, target_z=1000, terrain_above_target=0, terrain_at_target=2064, terrain_below_target=0, terrain_max_z=1000, terrain_min_z=1000, terrain_ok=true, total_ms=45736, xy_ok=true}
							Lua 0:02:27:870
[Super Big Map][LoadingTiming] STEP underground buried wonder lifecycle reseat instance {class=AncientArtifact, destination_tiles=8192x8192, environment=Underground, footprint_samples=2286, hex_size=820x946, map=BlankUnderground_04, map_ref=table: 000001B9D56EBAB8, mapdata_size=8192x8192, object_ok=true, object_x=458667, object_y=461867, object_z=1000, reason=CurrentMapChangeDone after Lifecycle.Apply, sequence=172, session=2, since_previous_ms=6, slot=2, source_tiles=6144x6144, target_x=458667, target_y=461867, target_z=1000, terrain_above_target=0, terrain_at_target=2286, terrain_below_target=0, terrain_max_z=1000, terrain_min_z=1000, terrain_ok=true, total_ms=45742, xy_ok=true}
							Lua 0:02:27:871
[Super Big Map][LoadingTiming] STEP underground buried wonder lifecycle reseat {corrected_terrain=2, corrected_xy=0, corrected_z=0, destination_tiles=8192x8192, environment=Underground, hex_size=820x946, map=BlankUnderground_04, map_ref=table: 000001B9D56EBAB8, mapdata_size=8192x8192, reason=CurrentMapChangeDone after Lifecycle.Apply, sequence=173, session=2, since_previous_ms=0, slot=2, source_tiles=6144x6144, total_ms=45742, verified=2, wonders=2}
							Lua 0:02:27:913
[Super Big Map][LoadingTiming] STEP lifecycle: UndergroundDarknessState {after=90, before=90, destination_tiles=8192x8192, environment=Underground, forced_reveal=false, hex_size=820x946, map=BlankUnderground_04, map_ref=table: 000001B9D56EBAB8, mapdata_size=8192x8192, sequence=174, session=2, since_previous_ms=42, slot=2, source_tiles=6144x6144, total_ms=45784}
							Lua 0:02:28:974
[DebugAdapter] New connection to DebugAddapter 127.0.0.1:54263
							Lua 0:02:29:097
[DebugAdapter] Connection lost to 127.0.0.1:54263 
							Lua 0:02:29:258
[Super Big Map][LoadingTiming] STEP underground renderer resources settled {destination_tiles=8192x8192, environment=Underground, hex_size=820x946, map=BlankUnderground_04, map_ref=table: 000001B9D56EBAB8, mapdata_size=8192x8192, reason=completed underground map became visible, running_after=false, running_before=true, sequence=175, session=2, since_previous_ms=1346, slot=2, source_tiles=6144x6144, total_ms=47130, wait_ms=307, wait_ok=true}
							Lua 0:02:29:578
[Super Big Map][LoadingTiming] PHASE_END Opening the completed underground map {destination_tiles=8192x8192, duration_ms=3619, environment=Underground, hex_size=820x946, map=BlankUnderground_04, map_ref=table: 000001B9D56EBAB8, mapdata_size=8192x8192, ok=true, sequence=176, session=2, slot=2, source_tiles=6144x6144, total_ms=47450}
[Super Big Map][LoadingTiming] SUMMARY underground expansion pipeline {calls=1, destination_tiles=8192x8192, environment=Underground, hex_size=820x946, map=BlankUnderground_04, map_ref=table: 000001B9D56EBAB8, mapdata_size=8192x8192, max_ms=36696, rank=1, session=2, slot=2, source_tiles=6144x6144, total_ms=36696}
[Super Big Map][LoadingTiming] SUMMARY phase: Distributing underground resources and anomalies {calls=1, destination_tiles=8192x8192, environment=Underground, hex_size=820x946, map=BlankUnderground_04, map_ref=table: 000001B9D56EBAB8, mapdata_size=8192x8192, max_ms=7680, rank=2, session=2, slot=2, source_tiles=6144x6144, total_ms=7680}
[Super Big Map][LoadingTiming] SUMMARY phase: Stretching the underground terrain {calls=1, destination_tiles=8192x8192, environment=Underground, hex_size=820x946, map=BlankUnderground_04, map_ref=table: 000001B9D56EBAB8, mapdata_size=8192x8192, max_ms=5762, rank=3, session=2, slot=2, source_tiles=6144x6144, total_ms=5762}
[Super Big Map][LoadingTiming] SUMMARY phase: Finalizing reachable underground terrain {calls=1, destination_tiles=8192x8192, environment=Underground, hex_size=820x946, map=BlankUnderground_04, map_ref=table: 000001B9D56EBAB8, mapdata_size=8192x8192, max_ms=5329, rank=4, session=2, slot=2, source_tiles=6144x6144, total_ms=5329}
							Lua 0:02:29:579
[Super Big Map][LoadingTiming] SUMMARY underground final RebuildPassability (before reachability and density) {calls=1, destination_tiles=8192x8192, environment=Underground, hex_size=820x946, map=BlankUnderground_04, map_ref=table: 000001B9D56EBAB8, mapdata_size=8192x8192, max_ms=5304, rank=5, session=2, slot=2, source_tiles=6144x6144, total_ms=5304}
[Super Big Map][LoadingTiming] SUMMARY phase: Finalizing underground gameplay grids {calls=1, destination_tiles=8192x8192, environment=Underground, hex_size=820x946, map=BlankUnderground_04, map_ref=table: 000001B9D56EBAB8, mapdata_size=8192x8192, max_ms=5251, rank=6, session=2, slot=2, source_tiles=6144x6144, total_ms=5251}
[Super Big Map][LoadingTiming] SUMMARY underground final RebuildPassability (after last object-grid transaction) {calls=1, destination_tiles=8192x8192, environment=Underground, hex_size=820x946, map=BlankUnderground_04, map_ref=table: 000001B9D56EBAB8, mapdata_size=8192x8192, max_ms=5228, rank=7, session=2, slot=2, source_tiles=6144x6144, total_ms=5228}
[Super Big Map][LoadingTiming] SUMMARY phase: Settling underground grids before the wonder anomaly spawn {calls=1, destination_tiles=8192x8192, environment=Underground, hex_size=820x946, map=BlankUnderground_04, map_ref=table: 000001B9D56EBAB8, mapdata_size=8192x8192, max_ms=5185, rank=8, session=2, slot=2, source_tiles=6144x6144, total_ms=5185}
[Super Big Map][LoadingTiming] SUMMARY underground final RebuildPassability (before deferred wonder anomaly spawn) {calls=1, destination_tiles=8192x8192, environment=Underground, hex_size=820x946, map=BlankUnderground_04, map_ref=table: 000001B9D56EBAB8, mapdata_size=8192x8192, max_ms=5162, rank=9, session=2, slot=2, source_tiles=6144x6144, total_ms=5162}
[Super Big Map][LoadingTiming] SUMMARY surface final RebuildPassability (post-pipeline scheduled revalidation) {calls=1, destination_tiles=8192x8192, environment=Underground, hex_size=820x946, map=BlankUnderground_04, map_ref=table: 000001B9D56EBAB8, mapdata_size=8192x8192, max_ms=4780, rank=10, session=2, slot=2, source_tiles=6144x6144, total_ms=4780}
[Super Big Map][LoadingTiming] SUMMARY underground top-up resources {calls=1, destination_tiles=8192x8192, environment=Underground, hex_size=820x946, map=BlankUnderground_04, map_ref=table: 000001B9D56EBAB8, mapdata_size=8192x8192, max_ms=4549, rank=11, session=2, slot=2, source_tiles=6144x6144, total_ms=4549}
[Super Big Map][LoadingTiming] SUMMARY phase: Opening the completed underground map {calls=1, destination_tiles=8192x8192, environment=Underground, hex_size=820x946, map=BlankUnderground_04, map_ref=table: 000001B9D56EBAB8, mapdata_size=8192x8192, max_ms=3619, rank=12, session=2, slot=2, source_tiles=6144x6144, total_ms=3619}
							Lua 0:02:29:580
[Super Big Map][LoadingTiming] SUMMARY underground top-up anomalies {calls=1, destination_tiles=8192x8192, environment=Underground, hex_size=820x946, map=BlankUnderground_04, map_ref=table: 000001B9D56EBAB8, mapdata_size=8192x8192, max_ms=3085, rank=13, session=2, slot=2, source_tiles=6144x6144, total_ms=3085}
[Super Big Map][LoadingTiming] SUMMARY terrain grid stretch: height {calls=1, destination_tiles=8192x8192, environment=Underground, hex_size=820x946, map=BlankUnderground_04, map_ref=table: 000001B9D56EBAB8, mapdata_size=8192x8192, max_ms=2697, rank=14, session=2, slot=2, source_tiles=6144x6144, total_ms=2697}
[Super Big Map][LoadingTiming] SUMMARY phase: Repositioning underground rocks and decorations {calls=1, destination_tiles=8192x8192, environment=Underground, hex_size=820x946, map=BlankUnderground_04, map_ref=table: 000001B9D56EBAB8, mapdata_size=8192x8192, max_ms=2620, rank=15, session=2, slot=2, source_tiles=6144x6144, total_ms=2620}
[Super Big Map][LoadingTiming] SUMMARY phase: Rebuilding the final surface build grid {calls=1, destination_tiles=8192x8192, environment=Underground, hex_size=820x946, map=BlankUnderground_04, map_ref=table: 000001B9D56EBAB8, mapdata_size=8192x8192, max_ms=2232, rank=16, session=2, slot=2, source_tiles=6144x6144, total_ms=2232}
[Super Big Map][LoadingTiming] SUMMARY terrain grid stretch: type {calls=1, destination_tiles=8192x8192, environment=Underground, hex_size=820x946, map=BlankUnderground_04, map_ref=table: 000001B9D56EBAB8, mapdata_size=8192x8192, max_ms=1399, rank=17, session=2, slot=2, source_tiles=6144x6144, total_ms=1399}
[Super Big Map][LoadingTiming] SUMMARY phase: Rebuilding the final underground build grid {calls=3, destination_tiles=8192x8192, environment=Underground, hex_size=820x946, map=BlankUnderground_04, map_ref=table: 000001B9D56EBAB8, mapdata_size=8192x8192, max_ms=493, rank=18, session=2, slot=2, source_tiles=6144x6144, total_ms=1286}
[Super Big Map][LoadingTiming] SUMMARY phase: Preparing native underground wonder footprints {calls=1, destination_tiles=8192x8192, environment=Underground, hex_size=820x946, map=BlankUnderground_04, map_ref=table: 000001B9D56EBAB8, mapdata_size=8192x8192, max_ms=1185, rank=19, session=2, slot=2, source_tiles=6144x6144, total_ms=1185}
[Super Big Map][LoadingTiming] SUMMARY surface final RebuildBuildableGrid (post-pipeline scheduled revalidation) {calls=1, destination_tiles=8192x8192, environment=Underground, hex_size=820x946, map=BlankUnderground_04, map_ref=table: 000001B9D56EBAB8, mapdata_size=8192x8192, max_ms=949, rank=20, session=2, slot=2, source_tiles=6144x6144, total_ms=949}
							Lua 0:02:29:581
[Super Big Map][LoadingTiming] SUMMARY terrain map grid stretch: BiomeGrid {calls=1, destination_tiles=8192x8192, environment=Underground, hex_size=820x946, map=BlankUnderground_04, map_ref=table: 000001B9D56EBAB8, mapdata_size=8192x8192, max_ms=912, rank=21, session=2, slot=2, source_tiles=6144x6144, total_ms=912}
[Super Big Map][LoadingTiming] SUMMARY terrain map grid stretch: colorize {calls=1, destination_tiles=8192x8192, environment=Underground, hex_size=820x946, map=BlankUnderground_04, map_ref=table: 000001B9D56EBAB8, mapdata_size=8192x8192, max_ms=718, rank=22, session=2, slot=2, source_tiles=6144x6144, total_ms=718}
[Super Big Map][LoadingTiming] SUMMARY terrain map grid colorize: destination write {calls=1, destination_tiles=8192x8192, environment=Underground, hex_size=820x946, map=BlankUnderground_04, map_ref=table: 000001B9D56EBAB8, mapdata_size=8192x8192, max_ms=527, rank=23, session=2, slot=2, source_tiles=6144x6144, total_ms=527}
[Super Big Map][LoadingTiming] SUMMARY terrain map grid BiomeGrid: resample {calls=1, destination_tiles=8192x8192, environment=Underground, hex_size=820x946, map=BlankUnderground_04, map_ref=table: 000001B9D56EBAB8, mapdata_size=8192x8192, max_ms=510, rank=24, session=2, slot=2, source_tiles=6144x6144, total_ms=510}
[Super Big Map][LoadingTiming] SUMMARY phase: Creating underground wonders {calls=1, destination_tiles=8192x8192, environment=Underground, hex_size=820x946, map=BlankUnderground_04, map_ref=table: 000001B9D56EBAB8, mapdata_size=8192x8192, max_ms=478, rank=25, session=2, slot=2, source_tiles=6144x6144, total_ms=478}
[Super Big Map][LoadingTiming] SUMMARY phase: Moving underground enrichments onto reachable terrain {calls=1, destination_tiles=8192x8192, environment=Underground, hex_size=820x946, map=BlankUnderground_04, map_ref=table: 000001B9D56EBAB8, mapdata_size=8192x8192, max_ms=472, rank=26, session=2, slot=2, source_tiles=6144x6144, total_ms=472}
[Super Big Map][LoadingTiming] SUMMARY phase: Activating underground passage markers {calls=1, destination_tiles=8192x8192, environment=Underground, hex_size=820x946, map=BlankUnderground_04, map_ref=table: 000001B9D56EBAB8, mapdata_size=8192x8192, max_ms=409, rank=27, session=2, slot=2, source_tiles=6144x6144, total_ms=409}
[Super Big Map][LoadingTiming] SUMMARY underground final RebuildBuildableGrid (after last object-grid transaction) {calls=1, destination_tiles=8192x8192, environment=Underground, hex_size=820x946, map=BlankUnderground_04, map_ref=table: 000001B9D56EBAB8, mapdata_size=8192x8192, max_ms=396, rank=28, session=2, slot=2, source_tiles=6144x6144, total_ms=396}
[Super Big Map][LoadingTiming] SUMMARY underground final RebuildBuildableGrid (before deferred wonder anomaly spawn) {calls=1, destination_tiles=8192x8192, environment=Underground, hex_size=820x946, map=BlankUnderground_04, map_ref=table: 000001B9D56EBAB8, mapdata_size=8192x8192, max_ms=396, rank=29, session=2, slot=2, source_tiles=6144x6144, total_ms=396}
							Lua 0:02:29:582
[Super Big Map][LoadingTiming] SUMMARY underground final RebuildBuildableGrid (before reachability and density) {calls=1, destination_tiles=8192x8192, environment=Underground, hex_size=820x946, map=BlankUnderground_04, map_ref=table: 000001B9D56EBAB8, mapdata_size=8192x8192, max_ms=395, rank=30, session=2, slot=2, source_tiles=6144x6144, total_ms=395}
[Super Big Map][LoadingTiming] SUMMARY phase: Activating underground wonder anomalies {calls=1, destination_tiles=8192x8192, environment=Underground, hex_size=820x946, map=BlankUnderground_04, map_ref=table: 000001B9D56EBAB8, mapdata_size=8192x8192, max_ms=382, rank=31, session=2, slot=2, source_tiles=6144x6144, total_ms=382}
[Super Big Map][LoadingTiming] SUMMARY underground activate buried wonder anomalies {calls=1, destination_tiles=8192x8192, environment=Underground, hex_size=820x946, map=BlankUnderground_04, map_ref=table: 000001B9D56EBAB8, mapdata_size=8192x8192, max_ms=380, rank=32, session=2, slot=2, source_tiles=6144x6144, total_ms=380}
[Super Big Map][LoadingTiming] SUMMARY underground relocate unreachable enrichments {calls=1, destination_tiles=8192x8192, environment=Underground, hex_size=820x946, map=BlankUnderground_04, map_ref=table: 000001B9D56EBAB8, mapdata_size=8192x8192, max_ms=341, rank=33, session=2, slot=2, source_tiles=6144x6144, total_ms=341}
[Super Big Map][LoadingTiming] SUMMARY phase: Restoring buried-wonder positions {calls=1, destination_tiles=8192x8192, environment=Underground, hex_size=820x946, map=BlankUnderground_04, map_ref=table: 000001B9D56EBAB8, mapdata_size=8192x8192, max_ms=294, rank=34, session=2, slot=2, source_tiles=6144x6144, total_ms=294}
[Super Big Map][LoadingTiming] SUMMARY underground reseat wonders before rare anomalies {calls=1, destination_tiles=8192x8192, environment=Underground, hex_size=820x946, map=BlankUnderground_04, map_ref=table: 000001B9D56EBAB8, mapdata_size=8192x8192, max_ms=294, rank=35, session=2, slot=2, source_tiles=6144x6144, total_ms=294}
[Super Big Map][LoadingTiming] SUMMARY terrain map grid BiomeGrid: destination write {calls=1, destination_tiles=8192x8192, environment=Underground, hex_size=820x946, map=BlankUnderground_04, map_ref=table: 000001B9D56EBAB8, mapdata_size=8192x8192, max_ms=258, rank=36, session=2, slot=2, source_tiles=6144x6144, total_ms=258}
[Super Big Map][LoadingTiming] SUMMARY phase: Reserving underground wonder footprints {calls=1, destination_tiles=8192x8192, environment=Underground, hex_size=820x946, map=BlankUnderground_04, map_ref=table: 000001B9D56EBAB8, mapdata_size=8192x8192, max_ms=137, rank=37, session=2, slot=2, source_tiles=6144x6144, total_ms=137}
[Super Big Map][LoadingTiming] SUMMARY terrain map grid BiomeGrid: compute conversion {calls=1, destination_tiles=8192x8192, environment=Underground, hex_size=820x946, map=BlankUnderground_04, map_ref=table: 000001B9D56EBAB8, mapdata_size=8192x8192, max_ms=126, rank=38, session=2, slot=2, source_tiles=6144x6144, total_ms=126}
							Lua 0:02:29:583
[Super Big Map][LoadingTiming] SUMMARY terrain map grid colorize: resample {calls=1, destination_tiles=8192x8192, environment=Underground, hex_size=820x946, map=BlankUnderground_04, map_ref=table: 000001B9D56EBAB8, mapdata_size=8192x8192, max_ms=126, rank=39, session=2, slot=2, source_tiles=6144x6144, total_ms=126}
[Super Big Map][LoadingTiming] SUMMARY phase: Aligning surface and underground passage entrances {calls=1, destination_tiles=8192x8192, environment=Underground, hex_size=820x946, map=BlankUnderground_04, map_ref=table: 000001B9D56EBAB8, mapdata_size=8192x8192, max_ms=96, rank=40, session=2, slot=2, source_tiles=6144x6144, total_ms=96}
[Super Big Map][LoadingTiming] SUMMARY underground hard repulsion audit {calls=1, destination_tiles=8192x8192, environment=Underground, hex_size=820x946, map=BlankUnderground_04, map_ref=table: 000001B9D56EBAB8, mapdata_size=8192x8192, max_ms=84, rank=41, session=2, slot=2, source_tiles=6144x6144, total_ms=84}
[Super Big Map][LoadingTiming] SUMMARY phase: Restoring underground decoration density {calls=1, destination_tiles=8192x8192, environment=Underground, hex_size=820x946, map=BlankUnderground_04, map_ref=table: 000001B9D56EBAB8, mapdata_size=8192x8192, max_ms=65, rank=42, session=2, slot=2, source_tiles=6144x6144, total_ms=65}
[Super Big Map][LoadingTiming] SUMMARY underground engine decor pass {calls=1, destination_tiles=8192x8192, environment=Underground, hex_size=820x946, map=BlankUnderground_04, map_ref=table: 000001B9D56EBAB8, mapdata_size=8192x8192, max_ms=64, rank=43, session=2, slot=2, source_tiles=6144x6144, total_ms=64}
[Super Big Map][LoadingTiming] SUMMARY phase: Positioning buried-wonder anomalies on reachable terrain {calls=1, destination_tiles=8192x8192, environment=Underground, hex_size=820x946, map=BlankUnderground_04, map_ref=table: 000001B9D56EBAB8, mapdata_size=8192x8192, max_ms=62, rank=44, session=2, slot=2, source_tiles=6144x6144, total_ms=62}
[Super Big Map][LoadingTiming] SUMMARY terrain map grid colorize: compute conversion {calls=1, destination_tiles=8192x8192, environment=Underground, hex_size=820x946, map=BlankUnderground_04, map_ref=table: 000001B9D56EBAB8, mapdata_size=8192x8192, max_ms=51, rank=45, session=2, slot=2, source_tiles=6144x6144, total_ms=51}
[Super Big Map][LoadingTiming] SUMMARY phase: Restoring vanilla underground resources and anomalies {calls=1, destination_tiles=8192x8192, environment=Underground, hex_size=820x946, map=BlankUnderground_04, map_ref=table: 000001B9D56EBAB8, mapdata_size=8192x8192, max_ms=38, rank=46, session=2, slot=2, source_tiles=6144x6144, total_ms=38}
[Super Big Map][LoadingTiming] SUMMARY phase: Preserving vanilla underground resources and anomalies {calls=1, destination_tiles=8192x8192, environment=Underground, hex_size=820x946, map=BlankUnderground_04, map_ref=table: 000001B9D56EBAB8, mapdata_size=8192x8192, max_ms=35, rank=47, session=2, slot=2, source_tiles=6144x6144, total_ms=35}
[Super Big Map][LoadingTiming] SUMMARY invalidate expanded terrain {calls=1, destination_tiles=8192x8192, environment=Underground, hex_size=820x946, map=BlankUnderground_04, map_ref=table: 000001B9D56EBAB8, mapdata_size=8192x8192, max_ms=34, rank=48, session=2, slot=2, source_tiles=6144x6144, total_ms=34}
							Lua 0:02:29:584
[Super Big Map][LoadingTiming] SUMMARY underground suspend removable rubble walls {calls=1, destination_tiles=8192x8192, environment=Underground, hex_size=820x946, map=BlankUnderground_04, map_ref=table: 000001B9D56EBAB8, mapdata_size=8192x8192, max_ms=34, rank=49, session=2, slot=2, source_tiles=6144x6144, total_ms=34}
[Super Big Map][LoadingTiming] SUMMARY underground top-up effect deposits {calls=1, destination_tiles=8192x8192, environment=Underground, hex_size=820x946, map=BlankUnderground_04, map_ref=table: 000001B9D56EBAB8, mapdata_size=8192x8192, max_ms=29, rank=50, session=2, slot=2, source_tiles=6144x6144, total_ms=29}
[Super Big Map][LoadingTiming] SUMMARY underground final buried wonder anomaly reachability audit {calls=1, destination_tiles=8192x8192, environment=Underground, hex_size=820x946, map=BlankUnderground_04, map_ref=table: 000001B9D56EBAB8, mapdata_size=8192x8192, max_ms=26, rank=51, session=2, slot=2, source_tiles=6144x6144, total_ms=26}
[Super Big Map][LoadingTiming] SUMMARY underground repair buried wonder anomaly reachability {calls=1, destination_tiles=8192x8192, environment=Underground, hex_size=820x946, map=BlankUnderground_04, map_ref=table: 000001B9D56EBAB8, mapdata_size=8192x8192, max_ms=26, rank=52, session=2, slot=2, source_tiles=6144x6144, total_ms=26}
[Super Big Map][LoadingTiming] SUMMARY phase: Repositioning underground resource deposits {calls=1, destination_tiles=8192x8192, environment=Underground, hex_size=820x946, map=BlankUnderground_04, map_ref=table: 000001B9D56EBAB8, mapdata_size=8192x8192, max_ms=17, rank=53, session=2, slot=2, source_tiles=6144x6144, total_ms=17}
[Super Big Map][LoadingTiming] SUMMARY underground restore removable rubble walls {calls=1, destination_tiles=8192x8192, environment=Underground, hex_size=820x946, map=BlankUnderground_04, map_ref=table: 000001B9D56EBAB8, mapdata_size=8192x8192, max_ms=17, rank=54, session=2, slot=2, source_tiles=6144x6144, total_ms=17}
[Super Big Map][LoadingTiming] SUMMARY underground resolve marker overlaps {calls=1, destination_tiles=8192x8192, environment=Underground, hex_size=820x946, map=BlankUnderground_04, map_ref=table: 000001B9D56EBAB8, mapdata_size=8192x8192, max_ms=14, rank=55, session=2, slot=2, source_tiles=6144x6144, total_ms=14}
[Super Big Map][LoadingTiming] SUMMARY phase: Completing buried-wonder spawn effects {calls=1, destination_tiles=8192x8192, environment=Underground, hex_size=820x946, map=BlankUnderground_04, map_ref=table: 000001B9D56EBAB8, mapdata_size=8192x8192, max_ms=10, rank=56, session=2, slot=2, source_tiles=6144x6144, total_ms=10}
[Super Big Map][LoadingTiming] SUMMARY phase: Preparing the underground map for first access {calls=1, destination_tiles=8192x8192, environment=Underground, hex_size=820x946, map=BlankUnderground_04, map_ref=table: 000001B9D56EBAB8, mapdata_size=8192x8192, max_ms=8, rank=57, session=2, slot=2, source_tiles=6144x6144, total_ms=8}
							Lua 0:02:29:585
[Super Big Map][LoadingTiming] SUMMARY underground run buried wonder GameInit {calls=1, destination_tiles=8192x8192, environment=Underground, hex_size=820x946, map=BlankUnderground_04, map_ref=table: 000001B9D56EBAB8, mapdata_size=8192x8192, max_ms=8, rank=58, session=2, slot=2, source_tiles=6144x6144, total_ms=8}
[Super Big Map][LoadingTiming] SUMMARY terrain map grid colorize: source extraction {calls=1, destination_tiles=8192x8192, environment=Underground, hex_size=820x946, map=BlankUnderground_04, map_ref=table: 000001B9D56EBAB8, mapdata_size=8192x8192, max_ms=7, rank=59, session=2, slot=2, source_tiles=6144x6144, total_ms=7}
[Super Big Map][LoadingTiming] SUMMARY underground verify wonder-enrichment exclusion {calls=1, destination_tiles=8192x8192, environment=Underground, hex_size=820x946, map=BlankUnderground_04, map_ref=table: 000001B9D56EBAB8, mapdata_size=8192x8192, max_ms=3, rank=60, session=2, slot=2, source_tiles=6144x6144, total_ms=3}
[Super Big Map][LoadingTiming] SUMMARY underground final buried wonder anomaly audit {calls=1, destination_tiles=8192x8192, environment=Underground, hex_size=820x946, map=BlankUnderground_04, map_ref=table: 000001B9D56EBAB8, mapdata_size=8192x8192, max_ms=2, rank=61, session=2, slot=2, source_tiles=6144x6144, total_ms=2}
[Super Big Map][LoadingTiming] SUMMARY phase: Expanding the underground map {calls=1, destination_tiles=8192x8192, environment=Underground, hex_size=820x946, map=BlankUnderground_04, map_ref=table: 000001B9D56EBAB8, mapdata_size=8192x8192, max_ms=1, rank=62, session=2, slot=2, source_tiles=6144x6144, total_ms=1}
[Super Big Map][LoadingTiming] SUMMARY terrain clutter grid stretch {calls=1, destination_tiles=8192x8192, environment=Underground, hex_size=820x946, map=BlankUnderground_04, map_ref=table: 000001B9D56EBAB8, mapdata_size=8192x8192, max_ms=1, rank=63, session=2, slot=2, source_tiles=6144x6144, total_ms=1}
[Super Big Map][LoadingTiming] SUMMARY terrain map grid colorize: destination metadata {calls=1, destination_tiles=8192x8192, environment=Underground, hex_size=820x946, map=BlankUnderground_04, map_ref=table: 000001B9D56EBAB8, mapdata_size=8192x8192, max_ms=1, rank=64, session=2, slot=2, source_tiles=6144x6144, total_ms=1}
[Super Big Map][LoadingTiming] SUMMARY diagnostic underground enrichment audit {calls=1, destination_tiles=8192x8192, environment=Underground, hex_size=820x946, map=BlankUnderground_04, map_ref=table: 000001B9D56EBAB8, mapdata_size=8192x8192, max_ms=0, rank=65, session=2, slot=2, source_tiles=6144x6144, total_ms=0}
[Super Big Map][LoadingTiming] SUMMARY terrain map grid BiomeGrid: destination metadata {calls=1, destination_tiles=8192x8192, environment=Underground, hex_size=820x946, map=BlankUnderground_04, map_ref=table: 000001B9D56EBAB8, mapdata_size=8192x8192, max_ms=0, rank=66, session=2, slot=2, source_tiles=6144x6144, total_ms=0}
[Super Big Map][LoadingTiming] SUMMARY terrain map grid BiomeGrid: source extraction {calls=1, destination_tiles=8192x8192, environment=Underground, hex_size=820x946, map=BlankUnderground_04, map_ref=table: 000001B9D56EBAB8, mapdata_size=8192x8192, max_ms=0, rank=67, session=2, slot=2, source_tiles=6144x6144, total_ms=0}
							Lua 0:02:29:586
[Super Big Map][LoadingTiming] SUMMARY underground register top-up markers {calls=1, destination_tiles=8192x8192, environment=Underground, hex_size=820x946, map=BlankUnderground_04, map_ref=table: 000001B9D56EBAB8, mapdata_size=8192x8192, max_ms=0, rank=68, session=2, slot=2, source_tiles=6144x6144, total_ms=0}
[Super Big Map][LoadingTiming] SESSION_END {darkness_ready=true, darkness_reason=vanilla darkness state ready, destination_tiles=8192x8192, diagnostic_print_ms=32, elevator_token=nil, elevator_token_status=consumed-or-none, environment=Underground, hex_size=820x946, map=BlankUnderground_04, map_ref=table: 000001B9D56EBAB8, mapdata_size=8192x8192, ok=true, reason=underground first access complete, renderer_resource_wait=307, renderer_resources_settled=true, session=2, session_duration_ms=47450, slot=2, source_tiles=6144x6144}
							Lua 0:02:36:000
[RULES] t0t1=87218 hex=820x946 enrich=2036434796/701 decor=1914659998/1832 ring_decor=0 sectors=400 revealed=1 passages=2 signs=2 deps=1 vis_unexp=0 glued=1/2 max_ring=13
[RULES] seeds: surface=-8909488827485014858 pin_ug=5083534300309579687(pinned) pin_game=ralph_seed_parity_14n134w kept=ralph_seed_parity_14n134w game_seed=7803657426806324293 matches=true
[RULES] mode: expand_map=true lifecycle=not_requested settle=0ms ratio=1.3333333333333 (surface tile metadata)
[RULES] passages: surf UndergroundPassage hex=380,368 world=564000,318688 sector==7(14,8) ring_band=false ring_distance=13 stamped_distance=13 vanilla_surface_src=293,263 underground_src=290,281 stamped_image=387,374 committed=380,368 twin=[SurfacePassage hex=290,281 world=430500,243346 image_hex=387,374] | surf UndergroundPassage hex=52,536 world=320000,464176 sector=C11(8,12) ring_band=false ring_distance=0 stamped_distance=0 vanilla_surface_src=42,398 underground_src=39,402 stamped_image=52,536 committed=52,536 twin=[SurfacePassage hex=39,402 world=240000,348132 image_hex=52,536]
[RULES] glue 1: ring=13 algorithm=nearest fitting surface hex by outward ring walk from the twin image anchor_reason=vanilla terrain-flat test failed rejected=surface unbuildable footprint hex x39; surface vanilla terrain-flat test failed x489
[RULES] glue 2: ring=0 algorithm=stretched image of the underground twin hex anchor_reason=accepted rejected=
[RULES] surface decor: target=40 placed=40 (auth=5 synth=35) sites=203 used=51 unused=152 templates=56 attempts=1597 ms=450 radius=6500/9029/16238 nn=2825/13686
[RULES] surface decor detail: band_known=true,decorated_circles=72,failed=3,fallback_sites=21,markers_resolved=1510,markers_unresolved=216,obstruct_circles=270,sites_exhausted=true,sites_prestretched=203,sites_relocated=0,skipped_by_decorated=7,skipped_by_obstruct=137,skipped_no_match=0,skipped_obstructed=144,synthetic_allowed_types=11,synthetic_budget=7000,synthetic_escalations=23,synthetic_finite_attempts=0,synthetic_finite_templates_left=56,synthetic_max_reach_percent=700,synthetic_random_attempts=1597,synthetic_reach_cap_percent=2800,synthetic_rejected_band=0,synthetic_rejected_bounds=0,synthetic_rejected_decorated=148,synthetic_rejected_empty=19,synthetic_rejected_failed=0,synthetic_rejected_no_match=0,synthetic_rejected_obstruct=1235,synthetic_rejected_terrain=160,synthetic_templates_exhausted=0,synthetic_templates_left=56,version=10
[RULES] underground passages: SurfacePassage hex=290,281 world=430500,243346 image_hex=387,374 committed_src=290,281 true_image=387,374 linked=true | SurfacePassage hex=39,402 world=240000,348132 image_hex=52,536 committed_src=39,402 true_image=52,536 linked=true
[RULES] signs: SurfaceUndergroundTunnelSign hex=384,368 vis=true scale=550 sector==7/unexplored | SurfaceUndergroundTunnelSign hex=52,540 vis=true scale=550 sector=C11/unexplored
[RULES] revealed: >13(13,14):scanned start=>13(13,14):scanned
[RULES] first access: ok=true error=none method=ConstructionController:Place snapped to the surface passage displays=3 hex 820x946 -> 820x946
[RULES] first access route: route=state_wrapper mod_gate=true cascade_cities=1 cascade_disabled=true pre=prep=false done=nil running=nil pending=true desired=8192 gen=6144
[RULES] gate env: vanilla_env=true probe_g=true mod_env=false ccms=function is_wrapper=false is_original=true caller_wrapper=false
[RULES] first access displays: cover_boxes=1 begins=2 ends=2 refs_final=0 in_window=2 (idSaveProfile/SaveAccountStorage3 idSaveProfile/SaveAccountStorage4) outside=0 ()
[RULES] first access cover events: BEGIN(underground) refs 0->1 @1042ms display=true vis false->true  <- stack traceback: <- ...R/super-big-map/_ralph/tmp/.tmp_rules_probe_instance.lua:1050: in upvalue 'short_stack' <- ...R/super-big-map/_ralph/tmp/.tmp_rules_probe_instance.lua:1117: in function <...R/super-big-map/_ralph/tmp/.tmp_rules_probe_instance.lua:1105> <- [C]: in function 'pcall' <- Mod/SuperBigMap/Code/sbm_map_generation.lua:13554: in function <Mod/SuperBigMap/Code/sbm_map_generation.lu || BEGIN(underground) refs 1->2 @1052ms display=false vis true->true  <- stack traceback: <- ...R/super-big-map/_ralph/tmp/.tmp_rules_probe_instance.lua:1050: in upvalue 'short_stack' <- ...R/super-big-map/_ralph/tmp/.tmp_rules_probe_instance.lua:1117: in function <...R/super-big-map/_ralph/tmp/.tmp_rules_probe_instance.lua:1105> <- [C]: in function 'pcall' <- Mod/SuperBigMap/Code/sbm_map_generation.lua:11890: in function <Mod/SuperBigMap/Code/sbm_map_generation.lu || END(force=nil) refs 2->1 @37843ms closed=false vis true->true  <- stack traceback: <- ...R/super-big-map/_ralph/tmp/.tmp_rules_probe_instance.lua:1050: in upvalue 'short_stack' <- ...R/super-big-map/_ralph/tmp/.tmp_rules_probe_instance.lua:1138: in function <...R/super-big-map/_ralph/tmp/.tmp_rules_probe_instance.lua:1123> <- [C]: in function 'pcall' <- Mod/SuperBigMap/Code/sbm_map_generation.lua:12597: in function <Mod/SuperBigMap/Code/sbm_map_generation.lu || END(force=nil) refs 1->0 @41461ms closed=true vis true->false  <- stack traceback: <- ...R/super-big-map/_ralph/tmp/.tmp_rules_probe_instance.lua:1050: in upvalue 'short_stack' <- ...R/super-big-map/_ralph/tmp/.tmp_rules_probe_instance.lua:1138: in function <...R/super-big-map/_ralph/tmp/.tmp_rules_probe_instance.lua:1123> <- [C]: in function 'pcall' <- Mod/SuperBigMap/Code/sbm_map_generation.lua:13570: in local 'release_first_access_cover' <- Mod/SuperBigMa
[RULES] first access screens: idSaveProfile/SaveAccountStorage3 @954ms window=in prep=false done=nil running=nil pending=true desired=8192 gen=6144  <- stack traceback: <- ...R/super-big-map/_ralph/tmp/.tmp_rules_probe_instance.lua:1050: in upvalue 'short_stack' <- ...R/super-big-map/_ralph/tmp/.tmp_rules_probe_instance.lua:1086: in function 'LoadingScreenOpen' <- CommonLua/AccountStorage.lua:140: in function <CommonLua/AccountStorage.lua:130> || idSaveProfile/SaveAccountStorage4 @41156ms window=in prep=true done=true running=false pending=false desired=8192 gen=6144  <- stack traceback: <- ...R/super-big-map/_ralph/tmp/.tmp_rules_probe_instance.lua:1050: in upvalue 'short_stack' <- ...R/super-big-map/_ralph/tmp/.tmp_rules_probe_instance.lua:1086: in function 'LoadingScreenOpen' <- CommonLua/AccountStorage.lua:140: in function <CommonLua/AccountStorage.lua:130>
[RULES] underground after access: passages: SurfacePassage hex=387,374 world=574000,323884 authored_image_ring=0 twin=380,368 glue_ring=13 linked=true ring_band=false sector=<7(15,8) | SurfacePassage hex=52,536 world=320000,464176 authored_image_ring=0 twin=52,536 glue_ring=0 linked=true ring_band=false sector=C11(8,12)
[RULES] underground wonder reachability (2 calls): call1{repair=true,markers=2,valid=2,invalid=0,moved=0,unresolved=0,disconnected=1,draws=0,method=pf.HasPosPath,entrances=392,374|57,536,conn_checks=2,conn_rejected=1,conn_failures=0}details=BottomlessPit=valid:marker_world=390000,275388:spawner_world=374667,281739:marker_hex=231,318:spawner_hex=212,325:distance=19:terrain_ok=true:buildable=true:buildable_z=1000:unbuildable_z=65535:passable=true:flatness=4096:flat_min=4080:unobstructed=true:reserved=false:badge_overlap=false:entrance_connected=false:base_ok=true:local_ok=true:accepted_fallback=false:fresh_terrain_ok=true:fresh_base_ok=true:fresh_buildable=true:fresh_buildable_z=1000:fresh_passable=true:fresh_flatness=4096:fresh_unobstructed=true;AncientArtifact=valid:marker_world=458667,461867:spawner_world=458667,461867:marker_hex=192,533:spawner_hex=192,533:distance=0:terrain_ok=true:buildable=true:buildable_z=1000:unbuildable_z=65535:passable=true:flatness=4096:flat_min=4080:unobstructed=true:reserved=true:badge_overlap=false:entrance_connected=true:base_ok=true:local_ok=true:accepted_fallback=false:fresh_terrain_ok=true:fresh_base_ok=true:fresh_buildable=true:fresh_buildable_z=1000:fresh_passable=true:fresh_flatness=4096:fresh_unobstructed=true || call2{repair=false,markers=2,valid=2,invalid=0,moved=0,unresolved=0,disconnected=1,draws=0,method=pf.HasPosPath,entrances=392,374|57,536,conn_checks=75,conn_rejected=3,conn_failures=0}details=BottomlessPit=valid:marker_world=390000,275388:spawner_world=374667,281739:marker_hex=231,318:spawner_hex=212,325:distance=19:terrain_ok=true:buildable=true:buildable_z=1000:unbuildable_z=65535:passable=true:flatness=4096:flat_min=4080:unobstructed=true:reserved=false:badge_overlap=false:entrance_connected=false:base_ok=true:local_ok=true:accepted_fallback=false:fresh_terrain_ok=true:fresh_base_ok=true:fresh_buildable=true:fresh_buildable_z=1000:fresh_passable=true:fresh_flatness=4096:fresh_unobstructed=true;AncientArtifact=valid:marker_world=458667,461867:spawner_world=458667,461867:marker_hex=192,533:spawner_hex=192,533:distance=0:terrain_ok=true:buildable=true:buildable_z=1000:unbuildable_z=65535:passable=true:flatness=4096:flat_min=4080:unobstructed=true:reserved=true:badge_overlap=false:entrance_connected=true:base_ok=true:local_ok=true:accepted_fallback=false:fresh_terrain_ok=true:fresh_base_ok=true:fresh_buildable=true:fresh_buildable_z=1000:fresh_passable=true:fresh_flatness=4096:fresh_unobstructed=true
[RULES] underground enrichment reachability audit (hook=installed, 1 calls): call1{candidates_built=70 candidates_refilled=0 candidates_remaining=68 candidates_reused=70 checked=78 connectivity_checks=73 connectivity_failures=0 connectivity_reachable=71 connectivity_rejected=2 fallback_clearance_minimum_move=22 fallback_clearance_relaxed_moves=0 invalid=2 invalid_by_class=SubsurfaceDepositMarker=2 invalid_by_resource=Metals=1 PreciousMetals=1 invalid_details=SubsurfaceDepositMarker/PreciousMetals:world=345500,281450,1000:hex=183,325:sector=B6:reason=impassable:flags=wonder_conflict:buildable=true:passable=false:flatness=4096:unobstructed=true:reachable=false:reserved=false;SubsurfaceDepositMarker/Metals:world=470500,458114,1000:hex=206,529:sector=?11:reason=entrance_unreachable:flags=wonder_conflict:buildable=true:passable=true:flatness=4096:unobstructed=true:reachable=false:reserved=false missing_repulsion_profile=0 moved=2 moved_by_class=SubsurfaceDepositMarker=2 ok=true pool_refills=0 postmove_rejected=0 relocation_attempts=28 relocation_details=SubsurfaceDepositMarker/PreciousMetals:world=345500,281450,1000:hex=183,325:sector=B6:reason=impassable:flags=wonder_conflict:buildable=true:passable=false:flatness=4096:unobstructed=true:reachable=false:reserved=false:result=moved:attempts=2:to_world=433566,468905:snapped_rejected=0:repulsion_rejected=1:setpos_failed=0:postmove_rejected=0:fallback_clearance_hex=89;SubsurfaceDepositMarker/Metals:world=470500,458114,1000:hex=206,529:sector=?11:reason=entrance_unreachable:flags=wonder_conflict:buildable=true:passable=true:flatness=4096:unobstructed=true:reachable=false:reserved=false:result=moved:attempts=26:to_world=330253,493837:snapped_rejected=0:repulsion_rejected=25:setpos_failed=0:postmove_rejected=0:fallback_clearance_hex=22 relocation_retries=26 repulsion_rejected=26 seeds=2 setpos_failed=0 snapped_rejected=0 strict_first_rejection= strict_last_rejection= topup_only_first_rejection=repulsion:candidate=subs/PreciousMetals@4318462477:blocker=SubsurfaceDepositMarker/PreciousMetals/topup@4314792446:required=38400:actual=37550 topup_only_last_rejection=repulsion:candidate=subs/Metals@4339958138:blocker=SubsurfaceDepositMarker/Water/topup@4339040635:required=9600:actual=6692 unresolved=0 unresolved_by_class= unresolved_by_resource= unresolved_details= unrevealed_placed=0}
[RULES] underground decor: enabled=true src=map_record reason=vanilla placed no decor groups target=0 placed=0 (auth=nil synth=nil) objects=0 ring=nil/0 dropped=nil/nil sites=0 used=0 gen=true passes=0 ratio=25 seed=5083534300309579687(generator) area=1.778 cosmetic=242 ring_cosmetic=1
[RULES] underground decor classes: 
[RULES] underground band cosmetics: Rocks_04@327,936:native_scale=118:scale=157
[RULES] underground after access: enrich=1609697062/251 imprints=2 (hex=387,374 vis=true scale=100 | hex=52,536 vis=true scale=100) revealed=0/400
[RULES] underground passage carriers: 2 (hex=387,374 entity=ElevatorBuildIndicator_UndergroundImprint vis=false opacity=0 elevator=true decals=1{vis=true scale=100 opacity=100} | hex=52,536 entity=ElevatorBuildIndicator_Underground vis=true opacity=100 elevator=false decals=1{vis=true scale=100 opacity=100})
							Lua 0:02:39:158
[DebugAdapter] New connection to DebugAddapter 127.0.0.1:54276
							Lua 0:02:39:336
[DebugAdapter] New connection to DebugAddapter 127.0.0.1:54278
							Lua 0:02:39:537
[DebugAdapter] New connection to DebugAddapter 127.0.0.1:54280
							Lua 0:02:39:915
[DebugAdapter] New connection to DebugAddapter 127.0.0.1:54282
							Lua 0:02:40:028
[DebugAdapter] Connection lost to 127.0.0.1:54282 
[DebugAdapter] Connection lost to 127.0.0.1:54280 
[DebugAdapter] Connection lost to 127.0.0.1:54278 
[DebugAdapter] Connection lost to 127.0.0.1:54276 
							Lua 0:02:40:106
[DebugAdapter] New connection to DebugAddapter 127.0.0.1:54284
							Lua 0:02:40:307
[DebugAdapter] New connection to DebugAddapter 127.0.0.1:54286
							Lua 0:02:51:477
[DebugAdapter] New connection to DebugAddapter 127.0.0.1:54289
							Lua 0:02:51:478
[DebugAdapter] Connection lost to 127.0.0.1:54286 
[DebugAdapter] Connection lost to 127.0.0.1:54284 
							Lua 0:02:51:665
[DebugAdapter] New connection to DebugAddapter 127.0.0.1:54298
							Lua 0:02:51:855
[DebugAdapter] New connection to DebugAddapter 127.0.0.1:54300
							Lua 0:02:52:028
[DebugAdapter] Connection lost to 127.0.0.1:54300 
[DebugAdapter] Connection lost to 127.0.0.1:54298 
[DebugAdapter] Connection lost to 127.0.0.1:54289 
							Lua 0:02:52:112
[DebugAdapter] New connection to DebugAddapter 127.0.0.1:54303
							Lua 0:02:52:613


Stopping the game threads from the Lua side with exit code 0.

					Render 0:02:52:641


Stopping the game threads after receiving WM_QUIT.

[QUIT] Waiting the game state to finish...
							Lua 0:02:52:978
[QUIT] Game state finished.
					Render 0:02:52:979
[QUIT] Stopping game state thread...
					Render 0:02:52:990
Map::Done: 5.56000 ms
					Render 0:02:53:016
Map::Done: 3.72000 ms
					Render 0:02:53:029
[Sound] Stopping...
					Render 0:02:53:036
[Sound] Done.
					Render 0:02:53:037
Hook 'Shader :: CompileEffect' not found!
					Render 0:02:53:119
DestroyVideos: 1 videos not cleaned up
					Render 0:02:53:259
[DebugAdapter] Connection lost to 127.0.0.1:54303 
[DebugAdapter] Stopped
					Render 0:02:53:452


*** Debug::Done()
Time (ms)	173452


